JvmtiExport can_access_local_variables 0
JvmtiExport can_hotswap_or_post_breakpoint 0
JvmtiExport can_post_on_exceptions 0
# 400 ciObject found
instanceKlass org/json4s/Extraction$ClassInstanceBuilder$$Lambda$1455
instanceKlass org/json4s/reflect/Executable$$Lambda$1454
instanceKlass org/json4s/MonadicJValue$$Lambda$1453
instanceKlass org/json4s/MonadicJValue$$Lambda$1452
instanceKlass org/json4s/MonadicJValue$$Lambda$1451
instanceKlass org/json4s/MonadicJValue
instanceKlass org/json4s/Extraction$ClassInstanceBuilder$$Lambda$1450
instanceKlass org/json4s/Extraction$ClassInstanceBuilder$$Lambda$1449
instanceKlass org/json4s/FieldSerializer
instanceKlass org/json4s/Formats$$Lambda$1448
instanceKlass scala/math/Ordering$$anon$2
instanceKlass org/json4s/Formats$$Lambda$1447
instanceKlass org/json4s/Extraction$ClassInstanceBuilder$$Lambda$1446
instanceKlass org/json4s/reflect/ClassDescriptor$$Lambda$1445
instanceKlass org/json4s/reflect/ClassDescriptor$$Lambda$1444
instanceKlass org/json4s/reflect/ClassDescriptor$$Lambda$1443
instanceKlass org/json4s/reflect/ClassDescriptor$$Lambda$1442
instanceKlass org/json4s/Extraction$ClassInstanceBuilder$$Lambda$1441
instanceKlass org/json4s/Extraction$ClassInstanceBuilder$TypeHint$
instanceKlass org/json4s/Extraction$ClassInstanceBuilder
instanceKlass org/json4s/reflect/ScalaType$$Lambda$1440
instanceKlass org/json4s/reflect/ScalaType$$$Lambda$1439
instanceKlass org/json4s/reflect/Reflector$ClassDescriptorBuilder$$Lambda$1438
instanceKlass org/json4s/reflect/Reflector$ClassDescriptorBuilder$$Lambda$1437
instanceKlass org/json4s/reflect/ScalaType$$Lambda$1436
instanceKlass org/json4s/reflect/Reflector$ClassDescriptorBuilder$$Lambda$1435
instanceKlass org/json4s/reflect/Reflector$ClassDescriptorBuilder$$Lambda$1434
instanceKlass org/json4s/reflect/Reflector$ClassDescriptorBuilder$$Lambda$1433
instanceKlass scala/collection/mutable/WrappedArrayBuilder
instanceKlass org/json4s/reflect/Reflector$ClassDescriptorBuilder$$Lambda$1432
instanceKlass org/json4s/reflect/Reflector$$$Lambda$1431
instanceKlass org/json4s/reflect/Reflector$$$Lambda$1430
instanceKlass org/json4s/reflect/Reflector$$$Lambda$1429
instanceKlass org/json4s/reflect/ManifestFactory$
instanceKlass org/json4s/reflect/ScalaSigReader$$$Lambda$1428
instanceKlass org/json4s/reflect/ScalaSigReader$$$Lambda$1427
instanceKlass org/json4s/reflect/Reflector$$$Lambda$1426
instanceKlass org/json4s/reflect/ScalaSigReader$$$Lambda$1425
instanceKlass scala/collection/Iterator$ConcatIteratorCell
instanceKlass scala/collection/Iterator$ConcatIterator
instanceKlass org/json4s/reflect/ScalaSigReader$$$Lambda$1424
instanceKlass org/json4s/reflect/ScalaSigReader$$$Lambda$1423
instanceKlass org/json4s/scalap/scalasig/Type
instanceKlass org/json4s/scalap/scalasig/ScalaSigSymbol
instanceKlass org/json4s/scalap/scalasig/Symbol
instanceKlass org/json4s/scalap/scalasig/Flags
instanceKlass org/json4s/reflect/ScalaSigReader$
instanceKlass org/json4s/reflect/Reflector$ClassDescriptorBuilder$$Lambda$1422
instanceKlass org/json4s/reflect/Reflector$ClassDescriptorBuilder$$Lambda$1421
instanceKlass com/thoughtworks/paranamer/BytecodeReadingParanamer$MethodCollector
instanceKlass com/thoughtworks/paranamer/BytecodeReadingParanamer$Type
instanceKlass com/thoughtworks/paranamer/BytecodeReadingParanamer$TypeCollector
instanceKlass com/thoughtworks/paranamer/BytecodeReadingParanamer$ClassReader
instanceKlass scala/util/control/Exception$Catch$$Lambda$1420
instanceKlass scala/util/control/Exception$Catch$$Lambda$1419
instanceKlass org/json4s/reflect/Reflector$ClassDescriptorBuilder$$Lambda$1418
instanceKlass org/json4s/reflect/Reflector$ClassDescriptorBuilder$$Lambda$1417
instanceKlass org/json4s/reflect/Reflector$ClassDescriptorBuilder$$Lambda$1416
instanceKlass org/json4s/reflect/Reflector$ClassDescriptorBuilder$$Lambda$1415
instanceKlass org/json4s/reflect/Reflector$ClassDescriptorBuilder$$Lambda$1414
instanceKlass org/json4s/reflect/PrimaryConstructor
instanceKlass org/json4s/reflect/Executable
instanceKlass org/json4s/reflect/Reflector$ClassDescriptorBuilder$$Lambda$1413
instanceKlass org/json4s/reflect/Reflector$ClassDescriptorBuilder$$Lambda$1412
instanceKlass scala/util/control/Exception$Catch$$anon$2
instanceKlass org/json4s/reflect/Reflector$ClassDescriptorBuilder$$Lambda$1411
instanceKlass scala/util/control/Exception$$$Lambda$1410
instanceKlass scala/util/control/Exception$$$Lambda$1409
instanceKlass scala/util/control/Exception$Catch$$$Lambda$1408
instanceKlass scala/util/control/Exception$Catch$
instanceKlass scala/util/control/Exception$Catch
instanceKlass scala/util/control/Exception$Described
instanceKlass scala/util/control/Exception$$anon$1
instanceKlass scala/util/control/Exception$$$Lambda$1407
instanceKlass scala/util/control/Exception$$$Lambda$1406
instanceKlass scala/util/control/Exception$
instanceKlass org/json4s/reflect/Reflector$ClassDescriptorBuilder
instanceKlass org/json4s/reflect/Reflector$$$Lambda$1405
instanceKlass org/json4s/reflect/package$$anon$1
instanceKlass com/thoughtworks/paranamer/BytecodeReadingParanamer
instanceKlass com/thoughtworks/paranamer/CachingParanamer
instanceKlass org/json4s/reflect/package$ReflectorDescribable
instanceKlass com/thoughtworks/paranamer/Paranamer
instanceKlass org/json4s/reflect/package$
instanceKlass org/json4s/Extraction$$$Lambda$1404
instanceKlass org/json4s/Formats$$$Lambda$1403
instanceKlass org/json4s/Formats$
instanceKlass org/json4s/Extraction$$$Lambda$1402
instanceKlass org/json4s/reflect/ScalaType$$$Lambda$1401
instanceKlass org/json4s/reflect/ScalaType$$Lambda$1400
instanceKlass org/json4s/reflect/package$SourceType
instanceKlass org/json4s/reflect/package$TypeInfo
instanceKlass org/json4s/reflect/ScalaType
instanceKlass org/json4s/reflect/ScalaType$
instanceKlass org/json4s/reflect/package$Memo
instanceKlass org/json4s/reflect/Descriptor
instanceKlass org/json4s/reflect/Reflector$
instanceKlass org/json4s/Extraction$
instanceKlass org/json4s/ExtractableJsonAstNode
instanceKlass com/fasterxml/jackson/core/util/TextBuffer
instanceKlass com/fasterxml/jackson/core/JsonStreamContext
instanceKlass com/fasterxml/jackson/core/util/BufferRecycler
instanceKlass com/fasterxml/jackson/core/util/BufferRecyclers
instanceKlass com/fasterxml/jackson/core/io/IOContext
instanceKlass com/fasterxml/jackson/databind/annotation/JsonTypeResolver
instanceKlass com/fasterxml/jackson/databind/util/ArrayIterator
instanceKlass com/fasterxml/jackson/annotation/JsonIdentityInfo
instanceKlass com/fasterxml/jackson/annotation/JsonAutoDetect
instanceKlass com/fasterxml/jackson/databind/introspect/POJOPropertiesCollector
instanceKlass com/fasterxml/jackson/databind/introspect/AnnotationCollector$OneAnnotation
instanceKlass com/fasterxml/jackson/annotation/JacksonAnnotationsInside
instanceKlass com/fasterxml/jackson/core/filter/TokenFilter
instanceKlass com/fasterxml/jackson/databind/type/ClassStack
instanceKlass com/fasterxml/jackson/databind/deser/Deserializers$Base
instanceKlass org/json4s/jackson/Json4sModule$$$Lambda$1399
instanceKlass org/json4s/jackson/Json4sModule$$$Lambda$1398
instanceKlass org/json4s/BuildInfo$
instanceKlass org/json4s/jackson/Json4sModule$
instanceKlass org/json4s/jackson/JsonMethods$
instanceKlass org/json4s/jackson/JsonMethods
instanceKlass org/json4s/JsonMethods
instanceKlass org/json4s/JsonAST$JObject$
instanceKlass org/json4s/JsonAST$JField$
instanceKlass org/json4s/JsonAST$JBool$
instanceKlass org/json4s/package$
instanceKlass org/apache/spark/sql/execution/streaming/StreamMetadata
instanceKlass org/apache/hadoop/util/IdentityHashStore
instanceKlass org/apache/hadoop/io/WritableFactories
instanceKlass org/apache/hadoop/fs/permission/FsPermission$1
instanceKlass org/apache/hadoop/io/WritableFactory
instanceKlass org/apache/hadoop/fs/permission/FsPermission
instanceKlass org/json4s/DefaultFormats$$anon$3
instanceKlass org/json4s/DefaultFormats$$$Lambda$1397
instanceKlass org/json4s/DefaultFormats$$anon$2
instanceKlass org/json4s/prefs/EmptyValueStrategy$$anon$2
instanceKlass org/json4s/prefs/EmptyValueStrategy$$anon$1
instanceKlass org/json4s/prefs/EmptyValueStrategy
instanceKlass org/json4s/prefs/EmptyValueStrategy$
instanceKlass org/json4s/reflect/package$ParanamerReader$
instanceKlass org/json4s/DefaultFormats$$Lambda$1396
instanceKlass org/json4s/DateFormat
instanceKlass org/json4s/DefaultFormats$
instanceKlass org/json4s/DefaultFormats
instanceKlass org/json4s/reflect/package$ParameterNameReader
instanceKlass org/json4s/Serialization$$anon$1
instanceKlass org/json4s/NoTypeHints$
instanceKlass org/json4s/JsonInput
instanceKlass org/json4s/jackson/Serialization$
instanceKlass org/json4s/Serialization
instanceKlass org/json4s/TypeHints
instanceKlass org/apache/spark/sql/execution/streaming/StreamMetadata$
instanceKlass org/apache/spark/sql/execution/streaming/StreamProgress$
instanceKlass org/apache/spark/sql/execution/streaming/StreamProgress
instanceKlass org/apache/spark/sql/execution/streaming/StreamExecution$$Lambda$1395
instanceKlass org/apache/spark/sql/execution/streaming/StreamExecution$
instanceKlass org/apache/spark/sql/RuntimeConfig
instanceKlass org/apache/hadoop/fs/FileSystem$Statistics$StatisticsData
instanceKlass org/apache/hadoop/fs/FileSystem$Statistics$StatisticsDataReferenceCleaner
instanceKlass org/apache/hadoop/fs/FileSystem$Statistics$StatisticsAggregator
instanceKlass org/apache/hadoop/fs/FileSystem$Cache$Key
instanceKlass org/apache/spark/sql/execution/streaming/StreamExecution$$Lambda$1394
instanceKlass org/apache/spark/sql/streaming/StreamingQueryStatus
instanceKlass org/apache/spark/sql/connector/write/LogicalWriteInfo
instanceKlass org/apache/spark/sql/execution/streaming/StreamingQueryWrapper
instanceKlass org/apache/spark/sql/catalyst/analysis/UnsupportedOperationChecker$$$Lambda$1393
instanceKlass org/apache/spark/sql/catalyst/analysis/UnsupportedOperationChecker$$$Lambda$1392
instanceKlass org/apache/spark/sql/catalyst/analysis/UnsupportedOperationChecker$$$Lambda$1391
instanceKlass org/apache/spark/sql/catalyst/analysis/UnsupportedOperationChecker$
instanceKlass org/apache/spark/sql/streaming/StreamingQueryManager$$Lambda$1390
instanceKlass org/apache/spark/sql/streaming/StreamingQueryManager$$Lambda$1389
instanceKlass org/apache/spark/sql/streaming/StreamingQueryManager$$Lambda$1388
instanceKlass org/apache/spark/sql/streaming/StreamingQueryManager$$Lambda$1387
instanceKlass org/apache/spark/sql/streaming/ui/StreamingQueryTab$
instanceKlass scala/collection/mutable/LinkedListLike
instanceKlass scala/collection/mutable/LinearSeq
instanceKlass org/apache/spark/sql/internal/SharedState$$Lambda$1386
instanceKlass org/apache/spark/sql/streaming/StreamingQueryManager$$Lambda$1385
instanceKlass org/apache/spark/sql/execution/streaming/StreamingQueryListenerBus$
instanceKlass org/apache/spark/sql/streaming/StreamingQueryListener$Event
instanceKlass org/apache/spark/sql/execution/streaming/state/StateStoreCoordinatorRef
instanceKlass org/apache/spark/sql/execution/streaming/state/StateStoreCoordinatorRef$$$Lambda$1384
instanceKlass org/apache/spark/sql/execution/streaming/state/StateStoreCoordinator
instanceKlass org/apache/spark/sql/execution/streaming/state/StateStoreCoordinatorRef$
instanceKlass org/apache/spark/sql/streaming/StreamingQueryListener
instanceKlass org/apache/spark/sql/execution/streaming/StreamExecution
instanceKlass org/apache/spark/sql/execution/streaming/ProgressReporter
instanceKlass org/apache/spark/sql/streaming/StreamingQuery
instanceKlass org/apache/spark/sql/execution/streaming/Triggers$$$Lambda$1383
instanceKlass org/apache/spark/sql/execution/streaming/Triggers$
instanceKlass org/apache/spark/sql/execution/streaming/ProcessingTimeTrigger$
instanceKlass org/apache/spark/sql/streaming/Trigger
instanceKlass org/apache/spark/sql/streaming/OutputMode
instanceKlass org/apache/spark/sql/Dataset$$Lambda$1382
instanceKlass org/apache/spark/sql/streaming/DataStreamWriter
instanceKlass org/apache/spark/sql/catalyst/plans/logical/LogicalPlan$$Lambda$1381
instanceKlass org/apache/spark/sql/types/TypeCollection$$Lambda$1380
instanceKlass org/apache/spark/sql/types/TypeCollection$
instanceKlass org/apache/spark/sql/catalyst/json/JacksonUtils$$$Lambda$1379
instanceKlass org/apache/spark/sql/catalyst/json/JacksonUtils$
instanceKlass org/apache/spark/sql/catalyst/analysis/FunctionRegistry$$$Lambda$1378
instanceKlass org/apache/spark/sql/catalyst/analysis/FunctionRegistry$$$Lambda$1377
instanceKlass org/apache/spark/sql/catalyst/analysis/FunctionRegistry$$$Lambda$1376
instanceKlass org/apache/spark/sql/catalyst/analysis/SimpleFunctionRegistry$$Lambda$1375
instanceKlass org/apache/spark/sql/catalyst/analysis/SimpleFunctionRegistry$$Lambda$1374
instanceKlass java/lang/invoke/LambdaForm$MH
instanceKlass java/lang/invoke/LambdaForm$DMH
instanceKlass org/apache/spark/sql/catalyst/analysis/Analyzer$ResolveFunctions$$anonfun$apply$16$$anonfun$applyOrElse$102$$Lambda$1373
instanceKlass org/apache/spark/sql/catalyst/expressions/VirtualColumn$
instanceKlass org/apache/spark/sql/catalyst/analysis/UnresolvedAttribute$$Lambda$1372
instanceKlass org/apache/spark/sql/catalyst/expressions/CreateNamedStruct$$Lambda$1371
instanceKlass org/apache/spark/sql/catalyst/analysis/Analyzer$ResolveReferences$$anonfun$expandStarExpression$1$$Lambda$1370
instanceKlass org/apache/spark/sql/catalyst/analysis/SimpleFunctionRegistry$$Lambda$1369
instanceKlass org/apache/spark/sql/catalyst/parser/AstBuilder$$Lambda$1368
instanceKlass org/apache/spark/sql/catalyst/parser/AstBuilder$$Lambda$1367
instanceKlass org/apache/spark/sql/catalyst/expressions/CreateStruct$$$Lambda$1366
instanceKlass org/apache/spark/sql/catalyst/parser/AstBuilder$$Lambda$1365
instanceKlass org/apache/spark/sql/catalyst/parser/AstBuilder$$Lambda$1364
instanceKlass org/apache/spark/sql/catalyst/parser/AstBuilder$$Lambda$1363
instanceKlass org/apache/spark/sql/catalyst/parser/AstBuilder$$Lambda$1362
instanceKlass org/apache/spark/sql/catalyst/parser/AstBuilder$$Lambda$1361
instanceKlass org/apache/spark/sql/catalyst/parser/AstBuilder$$Lambda$1360
instanceKlass org/apache/spark/sql/catalyst/parser/AstBuilder$$Lambda$1359
instanceKlass org/antlr/v4/runtime/ProxyErrorListener
instanceKlass org/antlr/v4/runtime/dfa/DFAState$PredPrediction
instanceKlass org/apache/spark/sql/execution/analysis/DetectAmbiguousSelfJoin$$Lambda$1358
instanceKlass scala/collection/mutable/SetLike$$Lambda$1357
instanceKlass org/apache/spark/sql/catalyst/plans/LeftExistence$
instanceKlass org/apache/spark/sql/execution/analysis/DetectAmbiguousSelfJoin$$Lambda$1356
instanceKlass org/apache/spark/sql/execution/analysis/DetectAmbiguousSelfJoin$AttrWithCast$
instanceKlass java/lang/invoke/LambdaForm$MH
instanceKlass java/lang/invoke/LambdaForm$DMH
instanceKlass java/lang/invoke/LambdaForm$DMH
instanceKlass org/apache/spark/sql/execution/analysis/DetectAmbiguousSelfJoin$$Lambda$1355
instanceKlass java/lang/invoke/LambdaForm$DMH
instanceKlass java/lang/invoke/LambdaForm$MH
instanceKlass java/lang/invoke/LambdaForm$DMH
instanceKlass java/lang/invoke/LambdaForm$DMH
instanceKlass org/apache/spark/sql/execution/analysis/DetectAmbiguousSelfJoin$$Lambda$1354
instanceKlass java/lang/invoke/LambdaForm$DMH
instanceKlass org/apache/spark/sql/execution/analysis/DetectAmbiguousSelfJoin$LogicalPlanWithDatasetId$$$Lambda$1353
instanceKlass org/apache/spark/sql/catalyst/trees/TreeNode$$Lambda$1352
instanceKlass org/apache/spark/sql/execution/analysis/DetectAmbiguousSelfJoin$LogicalPlanWithDatasetId$
instanceKlass org/apache/spark/sql/execution/analysis/DetectAmbiguousSelfJoin$$Lambda$1351
instanceKlass scala/collection/immutable/Stream$$Lambda$1350
instanceKlass org/apache/spark/sql/execution/analysis/DetectAmbiguousSelfJoin$$Lambda$1349
instanceKlass scala/collection/immutable/Stream$$Lambda$1348
instanceKlass org/apache/spark/sql/execution/analysis/DetectAmbiguousSelfJoin$$Lambda$1347
instanceKlass org/apache/spark/sql/execution/analysis/DetectAmbiguousSelfJoin$ColumnReference
instanceKlass scala/collection/immutable/Stream$$Lambda$1346
instanceKlass scala/collection/immutable/Stream$$Lambda$1345
instanceKlass org/apache/spark/sql/execution/analysis/DetectAmbiguousSelfJoin$$Lambda$1344
instanceKlass org/apache/spark/sql/catalyst/expressions/BinaryOperator$
instanceKlass org/apache/spark/sql/types/DecimalType$Expression$
instanceKlass org/apache/spark/sql/catalyst/expressions/BinaryComparison$
instanceKlass org/apache/spark/sql/catalyst/expressions/Equality$
instanceKlass org/apache/spark/sql/catalyst/plans/logical/Join$$Lambda$1343
instanceKlass org/apache/spark/sql/catalyst/plans/logical/Join$$Lambda$1342
instanceKlass org/apache/spark/sql/catalyst/expressions/BaseOrdering
instanceKlass org/apache/spark/sql/catalyst/expressions/CodeGeneratorWithInterpretedFallback
instanceKlass org/apache/spark/sql/catalyst/util/TypeUtils$
instanceKlass org/apache/spark/sql/catalyst/plans/logical/JoinHint
instanceKlass org/apache/spark/sql/catalyst/plans/logical/JoinHint$
instanceKlass org/apache/spark/sql/catalyst/plans/JoinType$
instanceKlass scala/collection/IndexedSeqOptimized$$Lambda$1341
instanceKlass org/apache/spark/sql/Dataset$$anonfun$2$$Lambda$1340
instanceKlass org/apache/spark/sql/Dataset$$Lambda$1339
instanceKlass org/apache/spark/sql/catalyst/expressions/AttributeMap$$$Lambda$1338
instanceKlass org/apache/spark/sql/catalyst/expressions/AttributeMap
instanceKlass org/apache/spark/sql/execution/datasources/LogicalRelation$$Lambda$1337
instanceKlass org/apache/spark/sql/catalyst/expressions/AttributeMap$
instanceKlass org/apache/spark/sql/execution/datasources/LogicalRelation$
instanceKlass org/apache/spark/sql/util/SchemaUtils$$$Lambda$1336
instanceKlass org/apache/spark/sql/execution/datasources/DataSource$$Lambda$1335
instanceKlass org/apache/spark/sql/util/SchemaUtils$
instanceKlass org/apache/spark/sql/execution/datasources/jdbc/JDBCPartition
instanceKlass org/apache/spark/sql/execution/datasources/jdbc/JDBCRelation$$$Lambda$1334
instanceKlass com/mysql/cj/protocol/ExportControlled$$Lambda$1333
instanceKlass com/mysql/cj/protocol/ExportControlled$$Lambda$1332
instanceKlass com/mysql/cj/protocol/ExportControlled$$Lambda$1331
instanceKlass com/mysql/cj/protocol/ExportControlled$$Lambda$1330
instanceKlass java/nio/channels/AsynchronousSocketChannel
instanceKlass java/nio/channels/AsynchronousByteChannel
instanceKlass java/nio/channels/AsynchronousChannel
instanceKlass java/security/spec/KeySpec
instanceKlass javax/net/ssl/TrustManager
instanceKlass java/nio/channels/CompletionHandler
instanceKlass com/mysql/cj/protocol/ExportControlled
instanceKlass java/lang/invoke/LambdaForm$MH
instanceKlass java/lang/invoke/LambdaForm$DMH
instanceKlass org/apache/spark/sql/execution/datasources/jdbc/JdbcUtils$$$Lambda$1329
instanceKlass java/lang/invoke/LambdaForm$DMH
instanceKlass org/apache/spark/sql/types/MetadataBuilder
instanceKlass com/mysql/cj/MysqlType$1
instanceKlass com/mysql/cj/jdbc/result/ResultSetMetaData$1
instanceKlass com/mysql/cj/jdbc/result/ResultSetMetaData
instanceKlass com/mysql/cj/result/DefaultValueFactory
instanceKlass com/mysql/cj/ClientPreparedQueryBindValue
instanceKlass com/mysql/cj/BindValue
instanceKlass com/mysql/cj/AbstractQueryBindings
instanceKlass com/mysql/cj/BatchVisitor
instanceKlass com/mysql/cj/ParseInfo
instanceKlass com/mysql/cj/CancelQueryTask
instanceKlass com/mysql/cj/AbstractQuery
instanceKlass com/mysql/cj/PreparedQuery
instanceKlass java/sql/ParameterMetaData
instanceKlass com/mysql/cj/jdbc/ParameterBindings
instanceKlass com/mysql/cj/QueryBindings
instanceKlass com/mysql/cj/jdbc/EscapeProcessor
instanceKlass org/apache/spark/sql/execution/datasources/jdbc/JdbcUtils$$$Lambda$1328
instanceKlass com/mysql/cj/protocol/NetworkResources
instanceKlass com/mysql/cj/jdbc/ConnectionImpl$$Lambda$1327
instanceKlass java/sql/ResultSetMetaData
instanceKlass com/mysql/cj/util/TimeUtil
instanceKlass com/mysql/cj/LicenseConfiguration
instanceKlass com/mysql/cj/protocol/InternalDate
instanceKlass com/mysql/cj/result/StringValueFactory
instanceKlass com/mysql/cj/protocol/a/result/AbstractResultsetRows
instanceKlass com/mysql/cj/protocol/result/AbstractResultsetRow
instanceKlass com/mysql/cj/result/DefaultColumnDefinition$1
instanceKlass com/mysql/cj/protocol/a/MysqlTextValueDecoder
instanceKlass com/mysql/cj/protocol/ValueDecoder
instanceKlass com/mysql/cj/protocol/a/AbstractRowFactory
instanceKlass com/mysql/cj/result/DefaultColumnDefinition
instanceKlass com/mysql/cj/result/Field$1
instanceKlass com/mysql/cj/protocol/a/ColumnDefinitionReader$1
instanceKlass java/sql/SQLType
instanceKlass com/mysql/cj/util/LazyString
instanceKlass com/mysql/cj/result/Field
instanceKlass com/mysql/cj/protocol/a/ColumnDefinitionFactory
instanceKlass com/mysql/cj/protocol/a/ResultsetFactory
instanceKlass com/mysql/cj/protocol/a/MultiPacketReader
instanceKlass com/mysql/cj/protocol/a/TimeTrackingPacketReader
instanceKlass com/mysql/cj/protocol/a/TimeTrackingPacketSender
instanceKlass com/mysql/cj/protocol/a/result/OkPacket
instanceKlass com/mysql/cj/protocol/a/NativeUtils
instanceKlass com/mysql/cj/protocol/a/PacketSplitter
instanceKlass com/mysql/cj/Collation
instanceKlass java/nio/charset/Charset$ExtendedProviderHolder$1
instanceKlass java/nio/charset/Charset$ExtendedProviderHolder
instanceKlass com/mysql/cj/MysqlCharset
instanceKlass com/mysql/cj/CharsetMapping
instanceKlass com/mysql/cj/protocol/Security
instanceKlass com/mysql/cj/protocol/a/authentication/MysqlOldPasswordPlugin
instanceKlass com/mysql/cj/protocol/a/authentication/Sha256PasswordPlugin
instanceKlass com/mysql/cj/protocol/a/authentication/MysqlClearPasswordPlugin
instanceKlass com/mysql/cj/protocol/a/authentication/MysqlNativePasswordPlugin
instanceKlass com/mysql/cj/protocol/AuthenticationPlugin
instanceKlass com/mysql/cj/ServerVersion
instanceKlass com/mysql/cj/protocol/a/NativePacketPayload$1
instanceKlass com/mysql/cj/protocol/a/NativeCapabilities
instanceKlass com/mysql/cj/protocol/a/NativePacketHeader
instanceKlass com/mysql/cj/protocol/a/NativeServerSession
instanceKlass com/mysql/cj/protocol/a/BinaryResultsetReader
instanceKlass com/mysql/cj/protocol/a/TextResultsetReader
instanceKlass com/mysql/cj/protocol/a/ResultsetRowReader
instanceKlass com/mysql/cj/protocol/ResultsetRow
instanceKlass com/mysql/cj/protocol/a/ColumnDefinitionReader
instanceKlass com/mysql/cj/protocol/ProtocolEntityReader
instanceKlass com/mysql/cj/protocol/a/NativeAuthenticationProvider
instanceKlass com/mysql/cj/protocol/a/SimplePacketReader
instanceKlass com/mysql/cj/protocol/a/SimplePacketSender
instanceKlass com/mysql/cj/protocol/a/NativePacketPayload
instanceKlass com/mysql/cj/log/BaseMetricsHolder
instanceKlass com/mysql/cj/protocol/AbstractProtocol$2
instanceKlass com/mysql/cj/protocol/AbstractProtocol$1
instanceKlass com/mysql/cj/protocol/MessageHeader
instanceKlass com/mysql/cj/protocol/ServerCapabilities
instanceKlass com/mysql/cj/protocol/AuthenticationProvider
instanceKlass com/mysql/cj/protocol/ServerSession
instanceKlass com/mysql/cj/protocol/MessageReader
instanceKlass com/mysql/cj/protocol/MessageSender
instanceKlass com/mysql/cj/protocol/PacketReceivedTimeHolder
instanceKlass com/mysql/cj/protocol/AbstractProtocol
instanceKlass com/mysql/cj/conf/RuntimeProperty$RuntimePropertyListener
instanceKlass java/net/Socket$3
instanceKlass java/net/Socket$2
instanceKlass java/net/Proxy
instanceKlass sun/net/spi/DefaultProxySelector$3
instanceKlass sun/net/spi/DefaultProxySelector$NonProxyInfo
instanceKlass sun/net/NetProperties$1
instanceKlass sun/net/NetProperties
instanceKlass sun/net/spi/DefaultProxySelector$1
instanceKlass java/net/ProxySelector
instanceKlass java/net/SocksSocketImpl$3
instanceKlass com/mysql/cj/protocol/StandardSocketFactory
instanceKlass com/mysql/cj/protocol/PacketSentTimeHolder
instanceKlass com/mysql/cj/protocol/SocketFactory
instanceKlass com/mysql/cj/protocol/SocketMetadata
instanceKlass com/mysql/cj/protocol/AbstractSocketConnection
instanceKlass com/mysql/cj/jdbc/ConnectionImpl$$Lambda$1326
instanceKlass com/mysql/cj/NoSubInterceptorWrapper
instanceKlass com/mysql/cj/interceptors/QueryInterceptor
instanceKlass java/util/LinkedList$LLSpliterator
instanceKlass com/mysql/cj/result/Row
instanceKlass com/mysql/cj/jdbc/DatabaseMetaData$IteratorWithCleanup
instanceKlass com/mysql/cj/protocol/ResultsetRows
instanceKlass com/mysql/cj/result/RowList
instanceKlass com/mysql/cj/jdbc/DatabaseMetaData
instanceKlass com/mysql/cj/protocol/a/NativeMessageBuilder
instanceKlass com/mysql/cj/MessageBuilder
instanceKlass com/mysql/cj/log/LogFactory
instanceKlass com/mysql/cj/log/NullLogger
instanceKlass com/mysql/cj/protocol/Message
instanceKlass com/mysql/cj/result/ValueFactory
instanceKlass com/mysql/cj/protocol/Protocol
instanceKlass com/mysql/cj/protocol/SocketConnection
instanceKlass com/mysql/cj/DataStoreMetadata
instanceKlass com/mysql/cj/CoreSession
instanceKlass com/mysql/cj/protocol/a/result/NativeResultset
instanceKlass com/mysql/cj/WarningListener
instanceKlass com/mysql/cj/jdbc/result/ResultSetInternalMethods
instanceKlass com/mysql/cj/protocol/Resultset
instanceKlass com/mysql/cj/protocol/ResultsetRowsOwner
instanceKlass java/sql/ResultSet
instanceKlass com/mysql/cj/jdbc/result/ResultSetFactory
instanceKlass com/mysql/cj/conf/AbstractRuntimeProperty
instanceKlass com/mysql/cj/PerConnectionLRUFactory
instanceKlass com/mysql/cj/util/PerVmServerConfigCacheFactory
instanceKlass com/mysql/cj/CacheAdapterFactory
instanceKlass com/mysql/cj/conf/AbstractPropertyDefinition
instanceKlass com/mysql/cj/conf/PropertyDefinitions
instanceKlass com/mysql/cj/conf/RuntimeProperty
instanceKlass com/mysql/cj/conf/PropertyDefinition
instanceKlass com/mysql/cj/conf/DefaultPropertySet
instanceKlass com/mysql/cj/conf/HostInfo$$Lambda$1325
instanceKlass com/mysql/cj/log/StandardLogger
instanceKlass com/mysql/cj/log/Log
instanceKlass com/mysql/cj/jdbc/result/CachedResultSetMetaData
instanceKlass com/mysql/cj/protocol/ColumnDefinition
instanceKlass com/mysql/cj/protocol/ProtocolEntity
instanceKlass java/sql/SQLXML
instanceKlass java/sql/NClob
instanceKlass java/sql/Blob
instanceKlass java/sql/Clob
instanceKlass java/sql/Savepoint
instanceKlass java/sql/DatabaseMetaData
instanceKlass java/sql/CallableStatement
instanceKlass com/mysql/cj/jdbc/StatementImpl
instanceKlass com/mysql/cj/jdbc/JdbcPreparedStatement
instanceKlass com/mysql/cj/jdbc/JdbcStatement
instanceKlass com/mysql/cj/Query
instanceKlass java/sql/PreparedStatement
instanceKlass java/sql/Statement
instanceKlass com/mysql/cj/protocol/ProtocolEntityFactory
instanceKlass com/mysql/cj/jdbc/IterateBlock
instanceKlass com/mysql/cj/Session
instanceKlass com/mysql/cj/exceptions/ExceptionInterceptor
instanceKlass com/mysql/cj/jdbc/JdbcPropertySet
instanceKlass com/mysql/cj/conf/PropertySet
instanceKlass com/mysql/cj/jdbc/ConnectionImpl
instanceKlass com/mysql/cj/Session$SessionEventListener
instanceKlass com/mysql/cj/jdbc/JdbcConnection
instanceKlass com/mysql/cj/TransactionEventHandler
instanceKlass com/mysql/cj/MysqlConnection
instanceKlass com/mysql/cj/jdbc/NonRegisteringDriver$1
instanceKlass com/mysql/cj/conf/ConnectionUrl$$Lambda$1324
instanceKlass com/mysql/cj/conf/ConnectionUrl$$Lambda$1323
instanceKlass com/mysql/cj/conf/ConnectionUrl$$Lambda$1322
instanceKlass com/mysql/cj/conf/ConnectionUrl$$Lambda$1321
instanceKlass java/lang/invoke/LambdaForm$DMH
instanceKlass java/util/Collections$UnmodifiableMap$UnmodifiableEntrySet$$Lambda$1320
instanceKlass com/mysql/cj/conf/ConnectionUrl$$Lambda$1319
instanceKlass java/util/Collections$UnmodifiableMap$UnmodifiableEntrySet$UnmodifiableEntrySetSpliterator
instanceKlass com/mysql/cj/Messages
instanceKlass com/mysql/cj/Constants
instanceKlass com/mysql/cj/util/Util
instanceKlass com/mysql/cj/conf/HostInfo
instanceKlass com/mysql/cj/conf/ConnectionUrlParser$Pair
instanceKlass java/util/stream/Collectors$$Lambda$1318
instanceKlass java/util/stream/Collectors$$Lambda$1317
instanceKlass java/util/stream/Collectors$$Lambda$1316
instanceKlass java/util/stream/Collectors$$Lambda$1315
instanceKlass java/util/StringJoiner
instanceKlass com/mysql/cj/conf/ConnectionUrl$$Lambda$1314
instanceKlass org/apache/spark/sql/execution/datasources/jdbc/JdbcUtils$$$Lambda$1313
instanceKlass scala/collection/convert/DecorateAsScala$$Lambda$1312
instanceKlass org/apache/spark/sql/execution/datasources/jdbc/DriverRegistry$$$Lambda$1311
instanceKlass org/apache/spark/sql/execution/datasources/jdbc/DriverWrapper
instanceKlass org/apache/spark/sql/execution/datasources/jdbc/DriverRegistry$
instanceKlass org/apache/spark/sql/execution/datasources/jdbc/JdbcUtils$$$Lambda$1310
instanceKlass org/apache/spark/sql/execution/datasources/jdbc/JdbcUtils$
instanceKlass org/apache/spark/sql/jdbc/JdbcDialects$$$Lambda$1309
instanceKlass org/apache/spark/sql/jdbc/JdbcDialects$$$Lambda$1308
instanceKlass org/apache/spark/sql/jdbc/JdbcDialect
instanceKlass org/apache/spark/sql/jdbc/JdbcDialects$
instanceKlass org/apache/spark/sql/execution/datasources/jdbc/JDBCRDD$
instanceKlass org/apache/spark/sql/execution/datasources/jdbc/JDBCRelation$
instanceKlass org/apache/spark/sql/execution/datasources/jdbc/JDBCOptions$$Lambda$1307
instanceKlass org/apache/spark/sql/execution/datasources/jdbc/JDBCOptions$$Lambda$1306
instanceKlass org/apache/spark/sql/execution/datasources/jdbc/JDBCOptions$$Lambda$1305
instanceKlass org/apache/spark/sql/execution/datasources/jdbc/JDBCOptions$$Lambda$1304
instanceKlass org/apache/spark/sql/execution/datasources/jdbc/JDBCOptions$$Lambda$1303
instanceKlass org/apache/spark/sql/execution/datasources/jdbc/JDBCOptions$$Lambda$1302
instanceKlass org/apache/spark/sql/execution/datasources/jdbc/JDBCOptions$$Lambda$1301
instanceKlass org/apache/spark/sql/execution/datasources/jdbc/JDBCOptions$$Lambda$1300
instanceKlass org/apache/spark/sql/execution/datasources/jdbc/JDBCOptions$$Lambda$1299
instanceKlass org/apache/spark/sql/execution/datasources/jdbc/JDBCOptions$$Lambda$1298
instanceKlass org/apache/spark/sql/execution/datasources/jdbc/JDBCOptions$$Lambda$1297
instanceKlass org/apache/spark/sql/execution/datasources/jdbc/JDBCOptions$$Lambda$1296
instanceKlass java/net/URLEncoder
instanceKlass java/net/URLDecoder
instanceKlass com/mysql/cj/util/StringUtils
instanceKlass com/mysql/cj/conf/ConnectionUrlParser
instanceKlass com/mysql/cj/conf/ConnectionUrl
instanceKlass com/mysql/cj/conf/DatabaseUrlContainer
instanceKlass java/sql/DriverInfo
instanceKlass com/mysql/cj/jdbc/AbandonedConnectionCleanupThread$$Lambda$1295
instanceKlass com/mysql/cj/jdbc/AbandonedConnectionCleanupThread
instanceKlass java/sql/Connection
instanceKlass java/sql/Wrapper
instanceKlass com/mysql/cj/jdbc/NonRegisteringDriver
instanceKlass java/sql/Driver
instanceKlass java/sql/DriverManager$2
instanceKlass java/sql/DriverManager$1
instanceKlass java/sql/DriverManager
instanceKlass org/apache/spark/sql/execution/datasources/jdbc/JDBCOptions$$Lambda$1294
instanceKlass org/apache/spark/sql/execution/datasources/jdbc/JDBCOptions$$Lambda$1293
instanceKlass org/apache/spark/sql/execution/datasources/jdbc/JDBCOptions$$Lambda$1292
instanceKlass org/apache/spark/sql/execution/datasources/jdbc/JDBCOptions$
instanceKlass scala/collection/MapLike$FilteredKeys$$Lambda$1291
instanceKlass org/apache/spark/sql/execution/datasources/jdbc/JDBCOptions$$Lambda$1290
instanceKlass org/apache/spark/sql/execution/datasources/jdbc/JDBCOptions$$Lambda$1289
instanceKlass org/apache/spark/sql/execution/datasources/jdbc/JDBCOptions$$Lambda$1288
instanceKlass org/apache/spark/sql/sources/SchemaRelationProvider
instanceKlass org/apache/spark/sql/DataFrameReader$$Lambda$1287
instanceKlass org/apache/spark/sql/DataFrameReader$$Lambda$1286
instanceKlass org/apache/spark/sql/execution/datasources/DataSource$$$Lambda$1285
instanceKlass org/apache/spark/sql/catalyst/util/CaseInsensitiveMap$$Lambda$1284
instanceKlass org/apache/spark/Partition
instanceKlass org/apache/spark/sql/DataFrameReader
instanceKlass scala/collection/immutable/Stream$$Lambda$1283
instanceKlass org/apache/spark/sql/catalyst/analysis/Analyzer$ResolveReferences$$$Lambda$1282
instanceKlass org/apache/spark/sql/catalyst/analysis/UnresolvedStar$$Lambda$1281
instanceKlass org/apache/spark/sql/catalyst/analysis/UnresolvedStar$$Lambda$1280
instanceKlass org/apache/spark/sql/catalyst/analysis/Analyzer$ResolveReferences$$$Lambda$1279
instanceKlass org/apache/spark/sql/execution/ui/SQLAppStatusListener$$Lambda$1278
instanceKlass org/apache/spark/status/AppStatusListener$$Lambda$1277
instanceKlass org/apache/spark/sql/Dataset$$Lambda$1276
instanceKlass scala/collection/TraversableViewLike$Mapped$$Lambda$1275
instanceKlass scala/collection/convert/DecorateAsScala$$Lambda$1274
instanceKlass org/apache/spark/status/AppStatusListener$$Lambda$1273
instanceKlass org/apache/spark/executor/ExecutorMetrics$$Lambda$1272
instanceKlass java/lang/invoke/LambdaForm$DMH
instanceKlass org/apache/spark/sql/catalyst/util/package$
instanceKlass org/apache/spark/status/AppStatusListener$$Lambda$1271
instanceKlass org/apache/spark/status/AppStatusListener$$Lambda$1270
instanceKlass java/lang/invoke/LambdaForm$DMH
instanceKlass java/lang/invoke/LambdaForm$MH
instanceKlass java/lang/invoke/LambdaForm$DMH
instanceKlass org/apache/spark/status/AppStatusListener$$Lambda$1269
instanceKlass java/lang/invoke/LambdaForm$DMH
instanceKlass org/apache/spark/SparkContext$$Lambda$1268
instanceKlass scala/collection/SeqViewLike$AbstractTransformed
instanceKlass org/apache/spark/metrics/GarbageCollectionMetrics$$$Lambda$1267
instanceKlass org/apache/spark/executor/ProcfsMetrics
instanceKlass org/apache/spark/executor/ProcfsMetricsGetter$$Lambda$1266
instanceKlass scala/collection/SeqViewLike$Mapped
instanceKlass org/apache/spark/executor/ProcfsMetricsGetter$$Lambda$1265
instanceKlass java/lang/Process
instanceKlass org/apache/spark/util/Utils$$$Lambda$1264
instanceKlass org/apache/spark/util/Utils$$$Lambda$1263
instanceKlass java/lang/ProcessBuilder
instanceKlass org/apache/spark/executor/ProcfsMetricsGetter
instanceKlass org/apache/spark/executor/ProcfsMetricsGetter$
instanceKlass sun/nio/ch/FileChannelImpl$Unmapper
instanceKlass sun/reflect/misc/Trampoline
instanceKlass scala/collection/IterableViewLike$Mapped
instanceKlass sun/reflect/misc/MethodUtil$1
instanceKlass scala/collection/TraversableViewLike$Mapped
instanceKlass com/sun/jmx/mbeanserver/MXBeanProxy$Handler
instanceKlass com/sun/jmx/mbeanserver/MXBeanProxy$Visitor
instanceKlass com/sun/jmx/mbeanserver/MXBeanProxy
instanceKlass org/apache/spark/executor/ExecutorMetrics$$$Lambda$1262
instanceKlass scala/collection/mutable/IndexedSeqView$$anon$7
instanceKlass org/apache/spark/executor/ExecutorMetrics$
instanceKlass scala/collection/mutable/IndexedSeqView$
instanceKlass org/apache/spark/sql/types/StructType$$Lambda$1261
instanceKlass scala/collection/mutable/IndexedSeqView$Transformed
instanceKlass scala/collection/SeqViewLike$Transformed
instanceKlass scala/collection/mutable/IndexedSeqLike$$anon$1
instanceKlass org/apache/spark/sql/catalyst/encoders/RowEncoder$$$Lambda$1260
instanceKlass org/apache/spark/sql/catalyst/trees/TreeNode$$Lambda$1259
instanceKlass org/apache/spark/sql/catalyst/trees/TreeNode$$Lambda$1258
instanceKlass org/apache/spark/sql/catalyst/trees/TreeNode$$Lambda$1257
instanceKlass org/apache/spark/sql/catalyst/analysis/TypeCoercion$ImplicitTypeCasts$$anonfun$coerceTypes$12$$Lambda$1256
instanceKlass org/apache/spark/sql/catalyst/analysis/ResolveLambdaVariables$$Lambda$1255
instanceKlass org/apache/spark/sql/catalyst/expressions/ExpectsInputTypes$
instanceKlass scala/collection/MapLike$MappedValues$$Lambda$1254
instanceKlass scala/collection/MapLike$MappedValues$$Lambda$1253
instanceKlass scala/collection/IterableViewLike$Transformed
instanceKlass scala/collection/TraversableViewLike$Transformed
instanceKlass scala/collection/IterableLike$$anon$1
instanceKlass org/apache/spark/sql/catalyst/trees/TreeNode$$Lambda$1252
instanceKlass org/apache/spark/sql/types/StructType$$Lambda$1251
instanceKlass org/apache/spark/sql/catalyst/parser/AstBuilder$$Lambda$1250
instanceKlass org/apache/spark/sql/catalyst/parser/AbstractSqlParser$$Lambda$1249
instanceKlass org/apache/spark/sql/functions$
instanceKlass org/apache/spark/sql/functions
instanceKlass org/apache/spark/sql/catalyst/plans/logical/Project$$Lambda$1248
instanceKlass org/apache/spark/sql/catalyst/analysis/CheckAnalysis$$Lambda$1247
instanceKlass org/apache/spark/sql/catalyst/plans/QueryPlan$$Lambda$1246
instanceKlass scala/collection/generic/Subtractable$$Lambda$1245
instanceKlass scala/collection/immutable/Stream$$Lambda$1244
instanceKlass scala/collection/mutable/LinkedHashSet$Entry
instanceKlass org/apache/spark/sql/catalyst/expressions/AttributeEquals
instanceKlass org/apache/spark/sql/catalyst/plans/QueryPlan$$Lambda$1243
instanceKlass org/apache/spark/sql/catalyst/analysis/CleanupAliases$$anonfun$apply$37$$Lambda$1242
instanceKlass org/apache/spark/sql/catalyst/analysis/UpdateAttributeNullability$$anonfun$apply$1$$Lambda$1241
instanceKlass org/apache/spark/sql/catalyst/analysis/UpdateAttributeNullability$$anonfun$apply$1$$Lambda$1240
instanceKlass org/apache/spark/sql/catalyst/analysis/UpdateAttributeNullability$$anonfun$apply$1$$Lambda$1239
instanceKlass org/apache/spark/sql/catalyst/analysis/UpdateAttributeNullability$$anonfun$apply$1$$Lambda$1238
instanceKlass org/apache/spark/sql/catalyst/plans/logical/AnalysisHelper$$Lambda$1237
instanceKlass org/apache/spark/sql/types/Metadata$$Lambda$1236
instanceKlass org/apache/spark/sql/catalyst/analysis/TimeWindowing$$anonfun$apply$39$$Lambda$1235
instanceKlass org/apache/spark/sql/catalyst/trees/TreeNode$$Lambda$1234
instanceKlass org/apache/spark/sql/catalyst/trees/TreeNode$$Lambda$1233
instanceKlass org/apache/spark/sql/catalyst/trees/TreeNode$$Lambda$1232
instanceKlass org/apache/spark/sql/catalyst/analysis/Analyzer$GlobalAggregates$$$Lambda$1231
instanceKlass org/apache/spark/sql/catalyst/analysis/Analyzer$GlobalAggregates$$$Lambda$1230
instanceKlass org/apache/spark/sql/catalyst/analysis/Analyzer$ExtractWindowExpressions$$$Lambda$1229
instanceKlass org/apache/spark/sql/catalyst/analysis/Analyzer$ExtractWindowExpressions$$$Lambda$1228
instanceKlass org/apache/spark/sql/catalyst/analysis/Analyzer$ResolveAliases$$$Lambda$1227
instanceKlass org/apache/spark/sql/catalyst/analysis/Analyzer$ResolveAliases$$$Lambda$1226
instanceKlass org/apache/spark/sql/catalyst/analysis/Analyzer$ExtractGenerator$AliasedGenerator$
instanceKlass org/apache/spark/sql/catalyst/analysis/Analyzer$ExtractGenerator$$anonfun$apply$21$$Lambda$1225
instanceKlass org/apache/spark/sql/catalyst/analysis/Analyzer$ExtractGenerator$$anonfun$apply$21$$Lambda$1224
instanceKlass org/apache/spark/sql/catalyst/analysis/Analyzer$ExtractGenerator$$$Lambda$1223
instanceKlass org/apache/spark/sql/catalyst/analysis/Analyzer$ExtractGenerator$$$Lambda$1222
instanceKlass scala/collection/TraversableOnce$$Lambda$1221
instanceKlass org/apache/spark/sql/catalyst/analysis/Analyzer$ExtractGenerator$$anonfun$apply$21$$Lambda$1220
instanceKlass org/apache/spark/sql/catalyst/expressions/Alias$$Lambda$1219
instanceKlass org/apache/spark/sql/catalyst/analysis/Analyzer$ExtractGenerator$$anonfun$apply$21$$Lambda$1218
instanceKlass org/apache/spark/sql/catalyst/plans/logical/Project$$Lambda$1217
instanceKlass org/apache/spark/sql/catalyst/plans/logical/Project$$Lambda$1216
instanceKlass org/apache/spark/sql/catalyst/rules/RuleExecutor$PlanChangeLogger$$Lambda$1215
instanceKlass org/apache/spark/sql/catalyst/analysis/Analyzer$ResolveReferences$$$Lambda$1214
instanceKlass org/apache/spark/sql/catalyst/analysis/Analyzer$ResolveReferences$$$Lambda$1213
instanceKlass org/apache/spark/sql/catalyst/analysis/Analyzer$ResolveReferences$$$Lambda$1212
instanceKlass scala/PartialFunction$$Lambda$1211
instanceKlass scala/collection/TraversableLike$$Lambda$1210
instanceKlass org/apache/spark/sql/catalyst/expressions/package$AttributeSeq$$Lambda$1209
instanceKlass org/apache/spark/sql/catalyst/expressions/package$AttributeSeq$$Lambda$1208
instanceKlass org/apache/spark/sql/catalyst/expressions/package$AttributeSeq$$Lambda$1207
instanceKlass scala/collection/TraversableLike$$Lambda$1206
instanceKlass scala/collection/TraversableLike$$Lambda$1205
instanceKlass scala/collection/TraversableLike$$Lambda$1204
instanceKlass scala/collection/TraversableLike$$Lambda$1203
instanceKlass org/apache/spark/sql/catalyst/expressions/package$AttributeSeq$$Lambda$1202
instanceKlass org/apache/spark/sql/catalyst/expressions/package$AttributeSeq$$Lambda$1201
instanceKlass org/apache/spark/sql/catalyst/expressions/package$AttributeSeq
instanceKlass org/apache/spark/sql/catalyst/plans/logical/LogicalPlan$$Lambda$1200
instanceKlass org/apache/spark/sql/catalyst/analysis/Analyzer$ResolveReferences$$$Lambda$1199
instanceKlass org/apache/spark/sql/catalyst/analysis/Analyzer$ResolveReferences$$$Lambda$1198
instanceKlass org/apache/spark/sql/catalyst/trees/TreeNode$$Lambda$1197
instanceKlass org/apache/spark/sql/catalyst/analysis/Analyzer$ResolveReferences$$$Lambda$1196
instanceKlass org/apache/spark/sql/Dataset$$Lambda$1195
instanceKlass org/apache/spark/sql/Dataset$$Lambda$1194
instanceKlass org/apache/spark/sql/catalyst/expressions/Cast$
instanceKlass org/apache/spark/sql/catalyst/parser/AstBuilder$$Lambda$1193
instanceKlass org/apache/spark/sql/types/HiveStringType$
instanceKlass org/apache/spark/sql/catalyst/analysis/UnresolvedAttribute$
instanceKlass org/apache/spark/sql/catalyst/parser/AstBuilder$$Lambda$1192
instanceKlass org/apache/spark/sql/catalyst/parser/AstBuilder$$Lambda$1191
instanceKlass org/apache/spark/sql/catalyst/parser/AstBuilder$$Lambda$1190
instanceKlass org/apache/spark/sql/catalyst/parser/AstBuilder$$Lambda$1189
instanceKlass org/apache/spark/sql/catalyst/parser/ParserUtils$$$Lambda$1188
instanceKlass org/apache/spark/sql/catalyst/parser/ParserUtils$$$Lambda$1187
instanceKlass org/apache/spark/sql/catalyst/parser/AstBuilder$$Lambda$1186
instanceKlass org/apache/spark/sql/catalyst/parser/ParserUtils$
instanceKlass org/antlr/v4/runtime/tree/TerminalNodeImpl
instanceKlass org/antlr/v4/runtime/atn/LexerIndexedCustomAction
instanceKlass org/antlr/v4/runtime/atn/LexerActionExecutor
instanceKlass org/antlr/v4/runtime/misc/FlexibleHashMap$Entry
instanceKlass org/antlr/v4/runtime/misc/FlexibleHashMap
instanceKlass org/antlr/v4/runtime/misc/DoubleKeyMap
instanceKlass org/antlr/v4/runtime/atn/LL1Analyzer
instanceKlass org/antlr/v4/runtime/CommonToken
instanceKlass org/antlr/v4/runtime/WritableToken
instanceKlass org/antlr/v4/runtime/misc/MurmurHash
instanceKlass org/apache/spark/sql/catalyst/parser/SqlBaseBaseListener
instanceKlass org/apache/spark/sql/catalyst/parser/SqlBaseListener
instanceKlass org/antlr/v4/runtime/atn/SemanticContext
instanceKlass org/antlr/v4/runtime/DefaultErrorStrategy
instanceKlass org/antlr/v4/runtime/tree/ErrorNode
instanceKlass org/antlr/v4/runtime/tree/TerminalNode
instanceKlass org/antlr/v4/runtime/ANTLRErrorStrategy
instanceKlass org/antlr/v4/runtime/BufferedTokenStream
instanceKlass org/antlr/v4/runtime/atn/LexerATNSimulator$SimState
instanceKlass org/antlr/v4/runtime/misc/AbstractEqualityComparator
instanceKlass org/antlr/v4/runtime/misc/EqualityComparator
instanceKlass org/antlr/v4/runtime/misc/Array2DHashSet
instanceKlass org/antlr/v4/runtime/dfa/DFAState
instanceKlass org/antlr/v4/runtime/atn/ATNConfigSet
instanceKlass org/antlr/v4/runtime/atn/ATNConfig
instanceKlass org/antlr/v4/runtime/misc/IntegerList
instanceKlass org/antlr/v4/runtime/Token
instanceKlass org/antlr/v4/runtime/CommonTokenFactory
instanceKlass org/antlr/v4/runtime/TokenFactory
instanceKlass org/antlr/v4/runtime/BaseErrorListener
instanceKlass org/antlr/v4/runtime/CodePointCharStream$1
instanceKlass org/antlr/v4/runtime/CodePointCharStream
instanceKlass org/antlr/v4/runtime/CodePointBuffer$1
instanceKlass org/antlr/v4/runtime/CodePointBuffer$Builder
instanceKlass org/antlr/v4/runtime/CodePointBuffer
instanceKlass org/antlr/v4/runtime/CharStreams
instanceKlass org/apache/spark/sql/catalyst/parser/UpperCaseCharStream
instanceKlass org/antlr/v4/runtime/dfa/DFASerializer
instanceKlass org/antlr/v4/runtime/dfa/DFA
instanceKlass org/antlr/v4/runtime/atn/LexerChannelAction
instanceKlass org/antlr/v4/runtime/atn/ATNDeserializer$3
instanceKlass org/antlr/v4/runtime/atn/ATNDeserializer$2
instanceKlass org/antlr/v4/runtime/misc/Interval
instanceKlass org/antlr/v4/runtime/misc/IntervalSet
instanceKlass org/antlr/v4/runtime/atn/ATNDeserializer$1
instanceKlass org/antlr/v4/runtime/misc/Pair
instanceKlass org/antlr/v4/runtime/misc/IntSet
instanceKlass org/antlr/v4/runtime/atn/ATN
instanceKlass org/antlr/v4/runtime/atn/ATNDeserializationOptions
instanceKlass org/antlr/v4/runtime/atn/ATNState
instanceKlass org/antlr/v4/runtime/atn/Transition
instanceKlass org/antlr/v4/runtime/atn/LexerAction
instanceKlass org/antlr/v4/runtime/atn/ATNDeserializer$UnicodeDeserializer
instanceKlass org/antlr/v4/runtime/atn/ATNDeserializer
instanceKlass org/antlr/v4/runtime/misc/Utils
instanceKlass org/antlr/v4/runtime/VocabularyImpl
instanceKlass org/antlr/v4/runtime/atn/PredictionContext
instanceKlass org/antlr/v4/runtime/atn/PredictionContextCache
instanceKlass org/antlr/v4/runtime/RuntimeMetaData
instanceKlass org/antlr/v4/runtime/Vocabulary
instanceKlass org/antlr/v4/runtime/atn/ATNSimulator
instanceKlass org/apache/spark/sql/catalyst/parser/AbstractSqlParser$$Lambda$1185
instanceKlass org/apache/spark/sql/catalyst/parser/AbstractSqlParser$$Lambda$1184
instanceKlass org/antlr/v4/runtime/Recognizer
instanceKlass org/apache/spark/sql/Column$
instanceKlass org/apache/spark/sql/Dataset$$Lambda$1183
instanceKlass org/apache/spark/sql/catalyst/encoders/ExpressionEncoder$$Lambda$1182
instanceKlass org/apache/spark/sql/catalyst/encoders/ExpressionEncoder$$Lambda$1181
instanceKlass org/apache/spark/sql/catalyst/encoders/package$
instanceKlass org/apache/spark/sql/catalyst/encoders/ExpressionEncoder$$Lambda$1180
instanceKlass org/apache/spark/sql/catalyst/encoders/ExpressionEncoder$$Lambda$1179
instanceKlass org/apache/spark/sql/catalyst/encoders/ExpressionEncoder$$Lambda$1178
instanceKlass org/apache/spark/sql/catalyst/encoders/ExpressionEncoder$$Lambda$1177
instanceKlass org/apache/spark/sql/catalyst/encoders/ExpressionEncoder$$Lambda$1176
instanceKlass org/apache/spark/sql/catalyst/encoders/ExpressionEncoder$$Lambda$1175
instanceKlass org/apache/spark/sql/catalyst/expressions/Expression$$Lambda$1174
instanceKlass org/apache/spark/sql/catalyst/expressions/AttributeSet$$$Lambda$1173
instanceKlass org/apache/spark/sql/catalyst/expressions/AttributeSet$$$Lambda$1172
instanceKlass org/apache/spark/sql/catalyst/expressions/AttributeSet
instanceKlass org/apache/spark/sql/catalyst/expressions/AttributeSet$
instanceKlass org/apache/spark/sql/catalyst/encoders/ExpressionEncoder$$Lambda$1171
instanceKlass org/apache/spark/sql/catalyst/encoders/ExpressionEncoder$$Lambda$1170
instanceKlass org/apache/spark/sql/catalyst/trees/TreeNode$$Lambda$1169
instanceKlass scala/collection/MapLike$MappedValues$$Lambda$1168
instanceKlass scala/collection/MapLike$MappedValues$$Lambda$1167
instanceKlass scala/util/hashing/MurmurHash3$$Lambda$1166
instanceKlass org/apache/spark/sql/types/Metadata$$$Lambda$1165
instanceKlass org/apache/spark/sql/catalyst/expressions/Alias$
instanceKlass org/apache/spark/sql/catalyst/expressions/CreateNamedStruct$$Lambda$1164
instanceKlass org/apache/spark/sql/catalyst/trees/TreeNode$$Lambda$1163
instanceKlass org/apache/spark/unsafe/hash/Murmur3_x86_32
instanceKlass org/apache/spark/sql/catalyst/trees/TreeNode$$Lambda$1162
instanceKlass org/apache/spark/sql/catalyst/trees/TreeNode$$Lambda$1161
instanceKlass org/apache/spark/sql/catalyst/trees/TreeNode$$Lambda$1160
instanceKlass org/apache/spark/sql/catalyst/trees/TreeNode$$Lambda$1159
instanceKlass org/apache/commons/lang3/ArrayUtils
instanceKlass org/apache/commons/lang3/ClassUtils
instanceKlass org/apache/spark/sql/catalyst/trees/TreeNode$$Lambda$1158
instanceKlass org/apache/spark/sql/catalyst/trees/TreeNode$$Lambda$1157
instanceKlass org/apache/spark/sql/catalyst/trees/TreeNode$$Lambda$1156
instanceKlass org/apache/spark/sql/catalyst/trees/TreeNode$$Lambda$1155
instanceKlass org/apache/spark/sql/catalyst/errors/package$
instanceKlass java/lang/invoke/LambdaForm$MH
instanceKlass java/lang/invoke/LambdaForm$DMH
instanceKlass java/lang/invoke/LambdaForm$DMH
instanceKlass org/apache/spark/sql/catalyst/trees/TreeNode$$Lambda$1154
instanceKlass java/lang/invoke/LambdaForm$DMH
instanceKlass org/apache/spark/sql/catalyst/encoders/ExpressionEncoder
instanceKlass org/apache/spark/sql/catalyst/DeserializerBuildHelper$
instanceKlass org/apache/spark/sql/catalyst/encoders/RowEncoder$$$Lambda$1153
instanceKlass org/apache/spark/sql/types/DataType$$$Lambda$1152
instanceKlass org/apache/spark/sql/catalyst/expressions/ComplexTypeMergingExpression$$Lambda$1151
instanceKlass org/apache/spark/sql/catalyst/expressions/ComplexTypeMergingExpression$$Lambda$1150
instanceKlass org/apache/spark/sql/types/DataType$$$Lambda$1149
instanceKlass org/apache/spark/sql/types/DataType$
instanceKlass org/apache/spark/sql/catalyst/analysis/TypeCoercion$$$Lambda$1148
instanceKlass org/apache/spark/sql/catalyst/expressions/ComplexTypeMergingExpression$$Lambda$1147
instanceKlass org/apache/spark/sql/catalyst/expressions/CreateNamedStruct$$Lambda$1146
instanceKlass org/apache/spark/sql/catalyst/expressions/package$
instanceKlass org/apache/spark/sql/catalyst/expressions/CreateNamedStruct$$Lambda$1145
instanceKlass scala/collection/generic/GenericTraversableTemplate$$Lambda$1144
instanceKlass org/apache/spark/sql/catalyst/expressions/CreateNamedStruct$$Lambda$1143
instanceKlass scala/collection/IterableLike$$Lambda$1142
instanceKlass org/apache/spark/sql/catalyst/util/DateTimeUtils
instanceKlass java/util/regex/Pattern$CharPropertyNames$CharPropertyFactory
instanceKlass java/util/regex/Pattern$CharPropertyNames
instanceKlass sun/util/calendar/Era
instanceKlass org/apache/spark/sql/catalyst/util/DateTimeUtils$
instanceKlass org/apache/spark/sql/catalyst/SerializerBuildHelper$
instanceKlass org/apache/spark/sql/catalyst/CatalystTypeConverters$CatalystTypeConverter
instanceKlass org/apache/spark/sql/catalyst/CatalystTypeConverters$
instanceKlass org/apache/spark/sql/catalyst/expressions/Literal$$$Lambda$1141
instanceKlass org/apache/spark/sql/catalyst/expressions/Literal$
instanceKlass org/apache/spark/sql/catalyst/encoders/RowEncoder$$$Lambda$1140
instanceKlass org/apache/spark/unsafe/types/CalendarInterval
instanceKlass org/apache/spark/unsafe/types/UTF8String
instanceKlass com/esotericsoftware/kryo/KryoSerializable
instanceKlass scala/reflect/internal/transform/Erasure$GenericArray$
instanceKlass scala/reflect/internal/transform/UnCurry$DesugaredParameterType$
instanceKlass scala/runtime/LazyDouble
instanceKlass scala/runtime/LazyFloat
instanceKlass scala/runtime/LazyLong
instanceKlass scala/runtime/LazyInt
instanceKlass scala/runtime/LazyChar
instanceKlass scala/runtime/LazyShort
instanceKlass scala/runtime/LazyByte
instanceKlass scala/runtime/LazyBoolean
instanceKlass scala/runtime/LazyUnit
instanceKlass scala/reflect/internal/Definitions$ValueClassDefinitions$$Lambda$1139
instanceKlass scala/reflect/internal/Definitions$ValueClassDefinitions$$Lambda$1138
instanceKlass scala/reflect/internal/Definitions$ValueClassDefinitions$$Lambda$1137
instanceKlass scala/runtime/VolatileDoubleRef
instanceKlass scala/runtime/VolatileFloatRef
instanceKlass scala/runtime/VolatileLongRef
instanceKlass scala/runtime/VolatileIntRef
instanceKlass scala/runtime/VolatileCharRef
instanceKlass scala/runtime/VolatileShortRef
instanceKlass scala/runtime/VolatileByteRef
instanceKlass scala/runtime/VolatileBooleanRef
instanceKlass scala/reflect/internal/Definitions$ValueClassDefinitions$$Lambda$1136
instanceKlass scala/runtime/DoubleRef
instanceKlass scala/runtime/FloatRef
instanceKlass scala/runtime/LongRef
instanceKlass scala/runtime/CharRef
instanceKlass scala/runtime/ShortRef
instanceKlass scala/runtime/ByteRef
instanceKlass scala/reflect/internal/Definitions$ValueClassDefinitions$$Lambda$1135
instanceKlass scala/reflect/internal/Definitions$ValueClassDefinitions$$Lambda$1134
instanceKlass scala/reflect/internal/Definitions$ValueClassDefinitions$$Lambda$1133
instanceKlass scala/reflect/internal/Definitions$ValueClassDefinitions$$Lambda$1132
instanceKlass scala/reflect/internal/Definitions$ValueClassDefinitions$$Lambda$1131
instanceKlass scala/reflect/internal/Definitions$ValueClassDefinitions$$Lambda$1130
instanceKlass scala/reflect/internal/Definitions$ValueClassDefinitions$$Lambda$1129
instanceKlass scala/reflect/internal/Definitions$ValueClassDefinitions$$Lambda$1128
instanceKlass scala/reflect/internal/Definitions$ValueClassDefinitions$$Lambda$1127
instanceKlass scala/collection/immutable/Map$$Lambda$1126
instanceKlass scala/reflect/internal/Definitions$ValueClassDefinitions$$Lambda$1125
instanceKlass scala/reflect/internal/Definitions$ValueClassDefinitions$$Lambda$1124
instanceKlass scala/reflect/internal/Scopes$$Lambda$1123
instanceKlass scala/reflect/internal/Definitions$DefinitionsClass$$Lambda$1122
instanceKlass scala/languageFeature
instanceKlass java/util/zip/ZipFile$ZipEntryIterator
instanceKlass java/util/jar/JarFile$JarEntryIterator
instanceKlass scala/reflect/internal/Definitions$DefinitionsClass$$Lambda$1121
instanceKlass scala/annotation/meta/package
instanceKlass java/lang/FunctionalInterface
instanceKlass scala/reflect/internal/annotations/package
instanceKlass java/lang/annotation/Repeatable
instanceKlass scala/runtime/VolatileObjectRef
instanceKlass scala/reflect/internal/Types$$Lambda$1120
instanceKlass scala/reflect/internal/Types$$Lambda$1119
instanceKlass scala/reflect/internal/Definitions$DefinitionsClass$$Lambda$1118
instanceKlass scala/reflect/internal/Definitions$DefinitionsClass$MacroContextType$
instanceKlass scala/runtime/AbstractFunction22
instanceKlass scala/runtime/AbstractFunction21
instanceKlass scala/runtime/AbstractFunction20
instanceKlass scala/runtime/AbstractFunction19
instanceKlass scala/runtime/AbstractFunction18
instanceKlass scala/runtime/AbstractFunction17
instanceKlass scala/runtime/AbstractFunction16
instanceKlass scala/runtime/AbstractFunction15
instanceKlass scala/runtime/AbstractFunction14
instanceKlass scala/runtime/AbstractFunction13
instanceKlass scala/runtime/AbstractFunction12
instanceKlass scala/runtime/AbstractFunction11
instanceKlass scala/runtime/AbstractFunction10
instanceKlass scala/runtime/AbstractFunction9
instanceKlass scala/runtime/AbstractFunction6
instanceKlass scala/runtime/AbstractFunction5
instanceKlass scala/Function22
instanceKlass scala/Function21
instanceKlass scala/Function20
instanceKlass scala/Function19
instanceKlass scala/Function18
instanceKlass scala/Function17
instanceKlass scala/Function16
instanceKlass scala/Function15
instanceKlass scala/Function14
instanceKlass scala/Function13
instanceKlass scala/Function12
instanceKlass scala/Function11
instanceKlass scala/Function10
instanceKlass scala/Function9
instanceKlass scala/Function6
instanceKlass scala/Function5
instanceKlass scala/Tuple22
instanceKlass scala/Tuple21
instanceKlass scala/Tuple20
instanceKlass scala/Tuple19
instanceKlass scala/Tuple18
instanceKlass scala/Tuple17
instanceKlass scala/Tuple16
instanceKlass scala/Tuple15
instanceKlass scala/Tuple14
instanceKlass scala/Tuple13
instanceKlass scala/Tuple12
instanceKlass scala/Tuple11
instanceKlass scala/Tuple10
instanceKlass scala/Tuple9
instanceKlass scala/Tuple8
instanceKlass scala/Tuple7
instanceKlass scala/Tuple5
instanceKlass scala/Tuple4
instanceKlass scala/Tuple1
instanceKlass scala/reflect/internal/Definitions$ValueClassDefinitions$SymbolSet$$Lambda$1117
instanceKlass scala/reflect/internal/Definitions$ValueClassDefinitions$SymbolSet
instanceKlass scala/collection/package$$anon$1
instanceKlass scala/collection/package$
instanceKlass scala/Product22
instanceKlass scala/Product21
instanceKlass scala/Product20
instanceKlass scala/Product19
instanceKlass scala/Product18
instanceKlass scala/Product17
instanceKlass scala/Product16
instanceKlass scala/Product15
instanceKlass scala/Product14
instanceKlass scala/Product13
instanceKlass scala/Product12
instanceKlass scala/Product11
instanceKlass scala/Product10
instanceKlass scala/Product9
instanceKlass scala/Product8
instanceKlass scala/Product7
instanceKlass scala/Product5
instanceKlass scala/Product4
instanceKlass scala/Product1
instanceKlass scala/reflect/internal/Definitions$DefinitionsClass$VarArityClass$$Lambda$1116
instanceKlass scala/reflect/internal/Definitions$DefinitionsClass$VarArityClass$
instanceKlass scala/Some$
instanceKlass scala/None
instanceKlass scala/reflect/runtime/ReflectionUtils$$$Lambda$1115
instanceKlass scala/reflect/internal/MissingRequirementError$
instanceKlass scala/reflect/runtime/JavaMirrors$$Lambda$1114
instanceKlass scala/reflect/ScalaLongSignature
instanceKlass scala/StringContext$
instanceKlass scala/reflect/macros/whitebox/Context
instanceKlass scala/reflect/macros/blackbox/Context
instanceKlass scala/reflect/macros/Internals
instanceKlass scala/reflect/macros/ExprUtils
instanceKlass scala/reflect/macros/Evals
instanceKlass scala/reflect/macros/Parsers
instanceKlass scala/reflect/macros/Typers
instanceKlass scala/reflect/macros/Infrastructure
instanceKlass scala/reflect/macros/FrontEnds
instanceKlass scala/reflect/macros/Reifiers
instanceKlass scala/reflect/macros/Names
instanceKlass scala/reflect/macros/Enclosures
instanceKlass scala/reflect/macros/Aliases
instanceKlass scala/reflect/macros/package
instanceKlass scala/reflect/api/TreeCreator
instanceKlass scala/reflect/NoManifest
instanceKlass scala/reflect/ManifestFactory
instanceKlass scala/reflect/runtime/package
instanceKlass scala/reflect/api/package
instanceKlass scala/reflect/runtime/SynchronizedOps$SynchronizedScope$$Lambda$1113
instanceKlass scala/reflect/runtime/SynchronizedOps$SynchronizedScope$$Lambda$1112
instanceKlass scala/reflect/internal/pickling/UnPickler$Scan$$Lambda$1111
instanceKlass scala/reflect/internal/pickling/UnPickler$Scan$$Lambda$1110
instanceKlass scala/annotation/ClassfileAnnotation
instanceKlass scala/reflect/ClassManifestFactory
instanceKlass scala/reflect/internal/pickling/UnPickler$Scan$$Lambda$1109
instanceKlass scala/reflect/package
instanceKlass scala/xml/TopScope
instanceKlass scala/xml/package
instanceKlass scala/runtime/SymbolLiteral
instanceKlass scala/runtime/StructuralCallSite
instanceKlass scala/reflect/internal/Mirrors$RootsBase$$Lambda$1108
instanceKlass scala/runtime/MethodCache
instanceKlass scala/reflect/internal/tpe/TypeMaps$AsSeenFromMap$$Lambda$1107
instanceKlass scala/reflect/internal/tpe/TypeMaps$AsSeenFromMap$$Lambda$1106
instanceKlass scala/reflect/internal/Types$substTypeMapCache$
instanceKlass scala/reflect/internal/tpe/TypeMaps$KeepOnlyTypeConstraints
instanceKlass scala/reflect/internal/tpe/TypeMaps$AnnotationFilter
instanceKlass scala/collection/immutable/Nil
instanceKlass java/rmi/Remote
instanceKlass scala/annotation/TypeConstraint
instanceKlass scala/DelayedInit
instanceKlass scala/reflect/internal/pickling/UnPickler$Scan$$Lambda$1105
instanceKlass scala/math/package
instanceKlass scala/runtime/StringAdd
instanceKlass scala/UniquenessCache
instanceKlass scala/runtime/ScalaRunTime
instanceKlass scala/reflect/internal/Definitions$DefinitionsClass$$Lambda$1104
instanceKlass scala/reflect/internal/Mirrors$RootsBase$$Lambda$1103
instanceKlass scala/Predef
instanceKlass scala/reflect/internal/Mirrors$RootsBase$$Lambda$1102
instanceKlass scala/sys/package
instanceKlass scala/Dynamic
instanceKlass scala/Symbol
instanceKlass scala/reflect/internal/Types$TypeRef$$Lambda$1101
instanceKlass scala/reflect/internal/Types$TypeRef$$Lambda$1100
instanceKlass sun/reflect/generics/tree/ArrayTypeSignature
instanceKlass java/io/ObjectOutput
instanceKlass java/lang/Throwable$SentinelHolder
instanceKlass java/lang/Throwable$PrintStreamOrWriter
instanceKlass scala/reflect/internal/pickling/UnPickler$Scan$$Lambda$1099
instanceKlass scala/reflect/internal/Mirrors$RootsBase$$Lambda$1098
instanceKlass scala/reflect/api/Exprs$Expr
instanceKlass scala/reflect/api/Exprs$Expr$
instanceKlass scala/reflect/api/Printers$BooleanFlag$
instanceKlass scala/reflect/api/Liftables$Unliftable
instanceKlass scala/reflect/api/Liftables$Unliftable$
instanceKlass scala/reflect/api/StandardLiftables$StandardUnliftableInstances
instanceKlass scala/reflect/api/Liftables$Liftable
instanceKlass scala/reflect/api/Liftables$Liftable$
instanceKlass scala/reflect/api/StandardLiftables$StandardLiftableInstances
instanceKlass scala/reflect/internal/tpe/TypeConstraints$TypeConstraint$
instanceKlass scala/reflect/internal/Types$TypeUnwrapper
instanceKlass scala/reflect/internal/Types$ErasedValueType$
instanceKlass scala/reflect/internal/Types$StaticallyAnnotatedType$
instanceKlass scala/reflect/internal/Types$UntouchableTypeVar
instanceKlass scala/reflect/internal/Types$TypeVar$
instanceKlass scala/reflect/internal/Types$ArrayTypeRef$
instanceKlass scala/reflect/internal/Types$HasTypeMember$
instanceKlass scala/reflect/internal/Types$CompoundType$
instanceKlass scala/reflect/internal/Kinds$inferKind$InferKind
instanceKlass scala/reflect/internal/Kinds$inferKind$
instanceKlass scala/reflect/internal/Kinds$TypeConKind$
instanceKlass scala/reflect/internal/Kinds$ProperTypeKind$
instanceKlass scala/reflect/internal/Kinds$Kind$
instanceKlass scala/reflect/internal/FlagSets$Flag$
instanceKlass scala/reflect/internal/Scopes$Scope$
instanceKlass scala/reflect/internal/Scopes$LookupNotFound$
instanceKlass scala/reflect/internal/Scopes$NameLookup
instanceKlass scala/reflect/runtime/SynchronizedOps$$Lambda$1097
instanceKlass scala/reflect/internal/StdNames$binarynme$
instanceKlass scala/reflect/internal/AnnotationInfos$ThrownException$
instanceKlass scala/reflect/api/Trees$Traverser
instanceKlass scala/reflect/internal/Trees$MethodValue$
instanceKlass scala/reflect/internal/Trees$ValOrDefDef$
instanceKlass java/io/Console$2
instanceKlass sun/misc/JavaIOAccess
instanceKlass java/io/Console$1
instanceKlass java/io/Console
instanceKlass scala/reflect/internal/TypeDebugging$typeDebug$
instanceKlass scala/reflect/internal/TypeDebugging$noPrint$
instanceKlass scala/reflect/internal/StdAttachments$KnownDirectSubclassesCalled$
instanceKlass scala/reflect/internal/StdAttachments$UseInvokeSpecial$
instanceKlass scala/reflect/internal/StdAttachments$OuterArgCanBeElided$
instanceKlass scala/reflect/internal/StdAttachments$InlineAnnotatedAttachment
instanceKlass scala/reflect/internal/StdAttachments$SyntheticUnitAttachment$
instanceKlass scala/reflect/internal/StdAttachments$ForAttachment$
instanceKlass scala/reflect/internal/StdAttachments$PatVarDefAttachment$
instanceKlass scala/reflect/internal/StdAttachments$NoWarnAttachment$
instanceKlass scala/reflect/internal/StdAttachments$BackquotedIdentifierAttachment$
instanceKlass scala/reflect/internal/StdAttachments$DelambdafyTarget$
instanceKlass scala/reflect/internal/StdAttachments$PlainAttachment
instanceKlass scala/reflect/internal/StdAttachments$ImportableAttachment
instanceKlass scala/reflect/internal/FreshNames$FreshNameExtractor$
instanceKlass scala/reflect/internal/Internals$$anon$4
instanceKlass scala/reflect/api/Internals$CompatToken
instanceKlass scala/reflect/internal/Internals$$anon$2
instanceKlass scala/collection/mutable/Map$$Lambda$1096
instanceKlass scala/reflect/internal/SymbolTable$traceSymbols$
instanceKlass scala/reflect/internal/util/TraceSymbolActivity
instanceKlass scala/reflect/macros/Universe$MacroInternalApi$MacroDecoratorApi
instanceKlass scala/reflect/api/Internals$InternalApi$DecoratorApi
instanceKlass scala/reflect/runtime/JavaUniverse$$anon$4
instanceKlass scala/reflect/internal/Internals$SymbolTableInternal
instanceKlass scala/reflect/api/TypeTags$TypeTag$$$Lambda$1095
instanceKlass scala/reflect/api/TypeTags$TypeTag$$$Lambda$1094
instanceKlass scala/reflect/api/TypeTags$TypeTag$$$Lambda$1093
instanceKlass scala/reflect/api/TypeTags$TypeTag$$$Lambda$1092
instanceKlass scala/reflect/api/TypeTags$TypeTag$$$Lambda$1091
instanceKlass scala/reflect/api/TypeTags$TypeTag$$$Lambda$1090
instanceKlass scala/reflect/api/TypeTags$TypeTag$$$Lambda$1089
instanceKlass scala/reflect/api/TypeTags$TypeTag$$$Lambda$1088
instanceKlass scala/reflect/api/TypeTags$TypeTag$$$Lambda$1087
instanceKlass scala/reflect/api/TypeTags$TypeTag$$$Lambda$1086
instanceKlass scala/reflect/api/TypeTags$TypeTag$$$Lambda$1085
instanceKlass scala/reflect/api/TypeTags$TypeTag$$$Lambda$1084
instanceKlass scala/reflect/api/TypeTags$TypeTag$$$Lambda$1083
instanceKlass scala/reflect/api/TypeTags$TypeTag$$$Lambda$1082
instanceKlass scala/Short
instanceKlass scala/reflect/api/TypeTags$TypeTag$$$Lambda$1081
instanceKlass scala/reflect/api/TypeTags$WeakTypeTagImpl
instanceKlass scala/reflect/api/TypeTags$TypeTag$
instanceKlass scala/reflect/api/TypeTags$WeakTypeTag$
instanceKlass scala/reflect/internal/StdNames$compactify$
instanceKlass scala/reflect/api/Trees$Transformer
instanceKlass scala/reflect/internal/Definitions$DefinitionsClass$$Lambda$1080
instanceKlass scala/reflect/internal/Symbols$TypeSymbol$$Lambda$1079
instanceKlass scala/reflect/runtime/JavaMirrors$JavaMirror$$Lambda$1078
instanceKlass sun/reflect/generics/tree/IntSignature
instanceKlass scala/reflect/internal/Definitions$DefinitionsClass$$Lambda$1077
instanceKlass scala/collection/TraversableLike$$Lambda$1076
instanceKlass scala/reflect/runtime/JavaMirrors$JavaMirror$$Lambda$1075
instanceKlass scala/Byte
instanceKlass scala/Float
instanceKlass scala/Double
instanceKlass scala/Char
instanceKlass scala/reflect/runtime/JavaMirrors$JavaMirror$$Lambda$1074
instanceKlass scala/reflect/runtime/JavaMirrors$JavaMirror$$Lambda$1073
instanceKlass scala/reflect/runtime/JavaMirrors$JavaMirror$$Lambda$1072
instanceKlass scala/reflect/internal/StdNames$TermNames$raw$
instanceKlass scala/reflect/internal/Definitions$DefinitionsClass$$Lambda$1071
instanceKlass scala/reflect/internal/util/package$
instanceKlass scala/reflect/internal/Definitions$DefinitionsClass$$Lambda$1070
instanceKlass scala/reflect/internal/Definitions$DefinitionsClass$$Lambda$1069
instanceKlass scala/reflect/internal/Definitions$DefinitionsClass$$Lambda$1068
instanceKlass scala/reflect/internal/Definitions$DefinitionsClass$$Lambda$1067
instanceKlass scala/reflect/internal/Symbols$Symbol$$Lambda$1066
instanceKlass scala/reflect/internal/Definitions$DefinitionsClass$$Lambda$1065
instanceKlass scala/reflect/internal/Definitions$DefinitionsClass$$Lambda$1064
instanceKlass scala/reflect/internal/Symbols$Symbol$$Lambda$1063
instanceKlass scala/reflect/internal/Symbols$Symbol$$Lambda$1062
instanceKlass scala/reflect/runtime/JavaMirrors$JavaMirror$$Lambda$1061
instanceKlass scala/reflect/runtime/JavaMirrors$JavaMirror$$Lambda$1060
instanceKlass scala/reflect/internal/Types$$Lambda$1059
instanceKlass scala/reflect/runtime/JavaMirrors$JavaMirror$$Lambda$1058
instanceKlass scala/reflect/runtime/JavaMirrors$JavaMirror$$Lambda$1057
instanceKlass scala/reflect/runtime/JavaMirrors$JavaMirror$$Lambda$1056
instanceKlass scala/reflect/runtime/JavaMirrors$JavaMirror$$Lambda$1055
instanceKlass scala/Boolean
instanceKlass scala/reflect/internal/pickling/UnPickler$Scan$$Lambda$1054
instanceKlass scala/reflect/internal/pickling/UnPickler$Scan$$Lambda$1053
instanceKlass scala/Int
instanceKlass scala/Long
instanceKlass scala/annotation/Annotation
instanceKlass scala/reflect/internal/AnnotationInfos$AnnotationInfo$
instanceKlass scala/reflect/internal/AnnotationInfos$Annotatable$$Lambda$1052
instanceKlass scala/reflect/internal/PrivateWithin$$Lambda$1051
instanceKlass scala/Unit
instanceKlass scala/reflect/runtime/JavaMirrors$JavaMirror$$Lambda$1050
instanceKlass scala/reflect/runtime/JavaMirrors$JavaMirror$$Lambda$1049
instanceKlass scala/reflect/runtime/JavaMirrors$JavaMirror$jMemberOps
instanceKlass scala/reflect/runtime/JavaMirrors$JavaMirror$RichClass
instanceKlass scala/reflect/runtime/ReflectionUtils$EnclosedIn
instanceKlass scala/reflect/runtime/ReflectionUtils$PrimitiveOrArray$
instanceKlass scala/reflect/runtime/JavaMirrors$JavaMirror$$Lambda$1048
instanceKlass scala/reflect/runtime/JavaMirrors$JavaMirror$$Lambda$1047
instanceKlass scala/reflect/runtime/JavaMirrors$JavaMirror$$Lambda$1046
instanceKlass scala/reflect/runtime/JavaMirrors$JavaMirror$FromJavaClassCompleter$$Lambda$1045
instanceKlass scala/reflect/runtime/JavaMirrors$JavaMirror$FromJavaClassCompleter$$Lambda$1044
instanceKlass scala/reflect/runtime/JavaMirrors$JavaMirror$FromJavaClassCompleter$$Lambda$1043
instanceKlass scala/reflect/runtime/JavaMirrors$JavaMirror$FromJavaClassCompleter$$Lambda$1042
instanceKlass scala/reflect/internal/ClassfileConstants$FlagTranslation
instanceKlass scala/reflect/internal/JavaAccFlags$
instanceKlass scala/reflect/runtime/JavaMirrors$JavaMirror$jClassOps
instanceKlass scala/reflect/runtime/JavaMirrors$JavaMirror$$Lambda$1041
instanceKlass scala/reflect/internal/Mirrors$RootsBase$$Lambda$1040
instanceKlass scala/reflect/internal/Mirrors$RootsBase$$Lambda$1039
instanceKlass scala/AnyVal
instanceKlass scala/Array
instanceKlass scala/reflect/internal/Types$GenPolyType$
instanceKlass scala/collection/package
instanceKlass scala/reflect/internal/Definitions$DefinitionsClass$$Lambda$1038
instanceKlass scala/runtime/package
instanceKlass scala/reflect/internal/Mirrors$RootsBase$$Lambda$1037
instanceKlass scala/reflect/internal/Mirrors$RootsBase$$Lambda$1036
instanceKlass scala/annotation/StaticAnnotation
instanceKlass scala/reflect/internal/SymbolTable$$Lambda$1035
instanceKlass scala/reflect/internal/Symbols$Symbol$$Lambda$1034
instanceKlass scala/reflect/internal/util/ThreeValues$
instanceKlass scala/reflect/internal/Types$TypeRef$$Lambda$1033
instanceKlass scala/reflect/internal/SymbolTable$$Lambda$1032
instanceKlass scala/reflect/internal/SymbolTable$$Lambda$1031
instanceKlass scala/reflect/runtime/SynchronizedOps$SynchronizedScope$$Lambda$1030
instanceKlass scala/reflect/runtime/TwoWayCaches$TwoWayCache$SomeRef$
instanceKlass scala/reflect/runtime/JavaMirrors$JavaMirror$$Lambda$1029
instanceKlass scala/ref/WeakReference$
instanceKlass scala/compat/Platform$
instanceKlass scala/reflect/internal/pickling/UnPickler$Scan$LazyTypeRef$$Lambda$1028
instanceKlass scala/reflect/internal/pickling/UnPickler$Scan$LazyTypeRef$$Lambda$1027
instanceKlass java/lang/invoke/LambdaForm$MH
instanceKlass java/lang/invoke/LambdaForm$MH
instanceKlass java/lang/invoke/LambdaForm$MH
instanceKlass scala/reflect/internal/pickling/UnPickler$Scan$$Lambda$1026
instanceKlass scala/reflect/runtime/SynchronizedSymbols$SynchronizedMethodSymbol
instanceKlass scala/reflect/internal/pickling/UnPickler$Scan$$Lambda$1025
instanceKlass scala/reflect/internal/pickling/UnPickler$Scan$$Lambda$1024
instanceKlass scala/reflect/internal/pickling/UnPickler$Scan$$Lambda$1023
instanceKlass scala/reflect/internal/Mirrors$RootsBase$$Lambda$1022
instanceKlass scala/reflect/internal/pickling/UnPickler$Scan$$Lambda$1021
instanceKlass scala/io/Codec$$Lambda$1020
instanceKlass scala/io/Codec
instanceKlass scala/io/Codec$
instanceKlass scala/io/LowPriorityCodecImplicits
instanceKlass scala/reflect/internal/pickling/UnPickler$Scan$$Lambda$1019
instanceKlass scala/reflect/internal/pickling/PickleFormat$
instanceKlass scala/reflect/internal/pickling/PickleBuffer
instanceKlass scala/collection/mutable/ArrayOps$ofByte
instanceKlass scala/reflect/internal/pickling/UnPickler
instanceKlass scala/reflect/runtime/ReflectionUtils$
instanceKlass scala/reflect/internal/pickling/ByteCodecs$
instanceKlass scala/reflect/runtime/JavaMirrors$JavaMirror$$Lambda$1018
instanceKlass scala/reflect/runtime/JavaMirrors$JavaMirror$$Lambda$1017
instanceKlass scala/reflect/runtime/JavaMirrors$JavaMirror$$Lambda$1016
instanceKlass scala/reflect/runtime/SymbolLoaders$TopClassCompleter$$Lambda$1015
instanceKlass scala/reflect/runtime/SymbolLoaders$TopClassCompleter$$Lambda$1014
instanceKlass scala/reflect/runtime/SymbolLoaders$PackageScope$$Lambda$1013
instanceKlass scala/reflect/runtime/SymbolLoaders$PackageScope$$Lambda$1012
instanceKlass scala/reflect/internal/Types$FlagAssigningCompleter
instanceKlass scala/package
instanceKlass scala/reflect/internal/Mirrors$RootsBase$$Lambda$1011
instanceKlass scala/reflect/internal/Symbols$ClassSymbol$$Lambda$1010
instanceKlass scala/reflect/runtime/SynchronizedOps$SynchronizedScope$$Lambda$1009
instanceKlass java/lang/invoke/LambdaForm$MH
instanceKlass scala/reflect/internal/Mirrors$RootsBase$$Lambda$1008
instanceKlass scala/reflect/runtime/JavaMirrors$JavaMirror$$Lambda$1007
instanceKlass scala/reflect/internal/Symbols$$Lambda$1006
instanceKlass scala/reflect/internal/Symbols$$Lambda$1005
instanceKlass scala/reflect/internal/Mirrors$RootsBase$$Lambda$1004
instanceKlass scala/reflect/internal/Mirrors$RootsBase$$Lambda$1003
instanceKlass scala/reflect/internal/Mirrors$RootsBase$$Lambda$1002
instanceKlass scala/reflect/internal/Mirrors$RootsBase$$Lambda$1001
instanceKlass scala/reflect/runtime/SynchronizedOps$SynchronizedScope$$Lambda$1000
instanceKlass scala/reflect/runtime/SynchronizedOps$SynchronizedScope$$Lambda$999
instanceKlass scala/reflect/internal/Symbols$$Lambda$998
instanceKlass scala/reflect/internal/Symbols$$Lambda$997
instanceKlass scala/reflect/internal/settings/MutableSettings$
instanceKlass scala/reflect/runtime/SymbolLoaders$PackageScope$$Lambda$996
instanceKlass scala/reflect/runtime/SynchronizedOps$SynchronizedScope$$Lambda$995
instanceKlass scala/reflect/runtime/SymbolLoaders$PackageScope$$Lambda$994
instanceKlass scala/reflect/internal/Scopes$ScopeEntry
instanceKlass scala/reflect/runtime/ThreadLocalStorage$MyThreadLocalStorage
instanceKlass scala/reflect/runtime/SynchronizedTypes$$Lambda$993
instanceKlass scala/reflect/internal/Types$$Lambda$992
instanceKlass scala/reflect/internal/Types$$Lambda$991
instanceKlass scala/reflect/runtime/SymbolLoaders$LazyPackageType$$Lambda$990
instanceKlass scala/reflect/internal/Types$AbstractTypeRef
instanceKlass scala/reflect/internal/Types$AliasTypeRef
instanceKlass scala/reflect/internal/Types$NonClassTypeRef
instanceKlass scala/reflect/runtime/SynchronizedSymbols$SynchronizedTermSymbol
instanceKlass java/lang/invoke/LambdaForm$MH
instanceKlass jdk/internal/org/objectweb/asm/Edge
instanceKlass java/lang/invoke/LambdaForm$reinvoker
instanceKlass java/lang/invoke/MethodHandleImpl$BindCaller
instanceKlass java/lang/invoke/LambdaForm$MH
instanceKlass java/lang/invoke/LambdaForm$MH
instanceKlass java/lang/invoke/LambdaForm$MH
instanceKlass java/lang/invoke/LambdaForm$MH
instanceKlass java/lang/invoke/LambdaForm$BMH
instanceKlass java/lang/invoke/LambdaForm$MH
instanceKlass java/lang/invoke/SwitchPoint
instanceKlass java/lang/invoke/LambdaForm$BMH
instanceKlass java/lang/invoke/LambdaForm$BMH
instanceKlass java/lang/invoke/LambdaForm$BMH
instanceKlass java/lang/invoke/LambdaForm$BMH
instanceKlass java/lang/invoke/LambdaForm$MH
instanceKlass java/lang/invoke/MethodHandles$1
instanceKlass java/lang/invoke/LambdaForm$BMH
instanceKlass java/lang/invoke/LambdaForm$DMH
instanceKlass sun/invoke/util/ValueConversions$1
instanceKlass sun/invoke/util/ValueConversions$WrapperCache
instanceKlass scala/reflect/internal/util/AlmostFinalValue
instanceKlass scala/reflect/internal/util/StatisticsStatics
instanceKlass scala/reflect/runtime/SynchronizedSymbols$SynchronizedModuleClassSymbol
instanceKlass scala/reflect/runtime/SynchronizedSymbols$SynchronizedClassSymbol
instanceKlass scala/reflect/runtime/SynchronizedSymbols$SynchronizedTypeSymbol
instanceKlass scala/ref/ReferenceWithWrapper
instanceKlass scala/ref/WeakReference
instanceKlass scala/ref/ReferenceWrapper
instanceKlass scala/ref/Reference
instanceKlass scala/reflect/runtime/JavaMirrors$JavaMirror$$Lambda$989
instanceKlass scala/reflect/runtime/JavaMirrors$JavaMirror$$Lambda$988
instanceKlass scala/reflect/runtime/JavaMirrors$JavaMirror$$Lambda$987
instanceKlass scala/reflect/runtime/JavaMirrors$JavaMirror$$Lambda$986
instanceKlass scala/reflect/runtime/JavaMirrors$JavaMirror$$Lambda$985
instanceKlass scala/reflect/runtime/HasJavaClass
instanceKlass scala/reflect/runtime/TwoWayCaches$TwoWayCache
instanceKlass scala/reflect/api/Mirrors$ModuleMirror
instanceKlass scala/reflect/api/Mirrors$InstanceMirror
instanceKlass scala/reflect/runtime/JavaMirrors$JavaClassCompleter
instanceKlass scala/reflect/api/Mirrors$ClassMirror
instanceKlass scala/reflect/api/Mirrors$TemplateMirror
instanceKlass scala/reflect/api/Mirrors$MethodMirror
instanceKlass scala/reflect/internal/Types$FlagAgnosticCompleter
instanceKlass scala/reflect/internal/Flags$$Lambda$984
instanceKlass java/lang/invoke/LambdaForm$DMH
instanceKlass scala/reflect/internal/Flags$$Lambda$983
instanceKlass scala/runtime/java8/JFunction1$mcJJ$sp
instanceKlass scala/reflect/internal/Flags$$Lambda$982
instanceKlass scala/collection/mutable/ArrayOps$ofLong$
instanceKlass scala/reflect/internal/Flags$MapFlags$$Lambda$981
instanceKlass scala/runtime/java8/JFunction2$mcJJJ$sp
instanceKlass java/lang/invoke/LambdaForm$DMH
instanceKlass scala/collection/mutable/ArrayOps$ofLong
instanceKlass scala/reflect/internal/Flags$MapFlags
instanceKlass scala/Function1$mcJJ$sp
instanceKlass scala/reflect/internal/Flags$$Lambda$980
instanceKlass scala/reflect/internal/Flags$$Lambda$979
instanceKlass scala/reflect/internal/ModifierFlags
instanceKlass scala/reflect/internal/Symbols$TypeHistory
instanceKlass scala/reflect/io/AbstractFile
instanceKlass scala/reflect/api/StandardDefinitions$DefinitionsApi$VarArityClassApi
instanceKlass scala/reflect/internal/Definitions$DefinitionsClass
instanceKlass scala/reflect/internal/Definitions$ValueClassDefinitions
instanceKlass scala/reflect/internal/ScopeStats$$Lambda$978
instanceKlass scala/reflect/internal/SymbolsStats$$Lambda$977
instanceKlass scala/reflect/internal/TreesStats$$Lambda$976
instanceKlass scala/collection/mutable/SynchronizedMap
instanceKlass scala/reflect/internal/TreesStats$$Lambda$975
instanceKlass scala/reflect/internal/TreesStats$$Lambda$974
instanceKlass scala/reflect/internal/util/Statistics$TimerStack
instanceKlass scala/reflect/internal/util/Statistics$View
instanceKlass scala/reflect/internal/TypesStats$$Lambda$973
instanceKlass scala/reflect/internal/util/Statistics$Timer
instanceKlass scala/reflect/internal/SymbolTable$$Lambda$972
instanceKlass scala/reflect/internal/util/package$StringContextStripMarginOps
instanceKlass scala/reflect/internal/util/StripMarginInterpolator
instanceKlass scala/StringContext
instanceKlass scala/reflect/internal/util/FreshNameCreator$
instanceKlass scala/reflect/internal/util/FreshNameCreator
instanceKlass scala/reflect/api/Internals$ReificationSupportApi$SyntacticCompoundTypeExtractor
instanceKlass scala/reflect/api/Internals$ReificationSupportApi$UnliftListOfListsElementwise
instanceKlass scala/reflect/api/Internals$ReificationSupportApi$SyntacticAnnotatedTypeExtractor
instanceKlass scala/reflect/api/Internals$ReificationSupportApi$SyntacticPartialFunctionExtractor
instanceKlass scala/reflect/api/Internals$ReificationSupportApi$SyntacticObjectDefExtractor
instanceKlass scala/reflect/api/Internals$ReificationSupportApi$SyntacitcSingletonTypeExtractor
instanceKlass scala/reflect/api/Internals$ReificationSupportApi$SyntacticTypeIdentExtractor
instanceKlass scala/reflect/api/Internals$ReificationSupportApi$SyntacticPackageObjectDefExtractor
instanceKlass scala/reflect/api/Internals$ReificationSupportApi$SyntacticEmptyTypeTreeExtractor
instanceKlass scala/reflect/api/Internals$ReificationSupportApi$SyntacticFunctionTypeExtractor
instanceKlass scala/reflect/api/Internals$ReificationSupportApi$SyntacticTermIdentExtractor
instanceKlass scala/reflect/api/Internals$ReificationSupportApi$SyntacticTypeProjectionExtractor
instanceKlass scala/reflect/api/Internals$ReificationSupportApi$SyntacticSelectTypeExtractor
instanceKlass scala/reflect/api/Internals$ReificationSupportApi$SyntacticFunctionExtractor
instanceKlass scala/reflect/api/Internals$ReificationSupportApi$SyntacticTypeAppliedExtractor
instanceKlass scala/reflect/api/Internals$ReificationSupportApi$SyntacticExistentialTypeExtractor
instanceKlass scala/reflect/api/Internals$ReificationSupportApi$SyntacticSelectTermExtractor
instanceKlass scala/reflect/api/Internals$ReificationSupportApi$UnliftListElementwise
instanceKlass scala/reflect/api/Internals$ReificationSupportApi$FlagsReprExtractor
instanceKlass scala/reflect/api/Internals$ReificationSupportApi$ImplicitParamsExtractor
instanceKlass scala/reflect/api/Internals$ReificationSupportApi$SyntacticNewExtractor
instanceKlass scala/reflect/api/Internals$ReificationSupportApi$SyntacticMatchExtractor
instanceKlass scala/reflect/api/Internals$ReificationSupportApi$SyntacticAssignExtractor
instanceKlass scala/reflect/api/Internals$ReificationSupportApi$SyntacticTryExtractor
instanceKlass scala/reflect/api/Internals$ReificationSupportApi$SyntacticValFromExtractor
instanceKlass scala/reflect/api/Internals$ReificationSupportApi$SyntacticValEqExtractor
instanceKlass scala/reflect/api/Internals$ReificationSupportApi$SyntacticTupleExtractor
instanceKlass scala/reflect/api/Internals$ReificationSupportApi$SyntacticAppliedExtractor
instanceKlass scala/reflect/api/Internals$ReificationSupportApi$SyntacticDefDefExtractor
instanceKlass scala/reflect/api/Internals$ReificationSupportApi$SyntacticFilterExtractor
instanceKlass scala/reflect/api/Internals$ReificationSupportApi$SyntacticPatDefExtractor
instanceKlass scala/reflect/api/Internals$ReificationSupportApi$ScalaDotExtractor
instanceKlass scala/reflect/api/Internals$ReificationSupportApi$SyntacticForExtractor
instanceKlass scala/reflect/api/Internals$ReificationSupportApi$SyntacticImportExtractor
instanceKlass scala/reflect/api/Internals$ReificationSupportApi$SyntacticValDefExtractor
instanceKlass scala/reflect/api/Internals$ReificationSupportApi$SyntacticBlockExtractor
instanceKlass scala/reflect/api/Internals$ReificationSupportApi$SyntacticTraitDefExtractor
instanceKlass scala/reflect/api/Internals$ReificationSupportApi$SyntacticClassDefExtractor
instanceKlass scala/reflect/internal/ReificationSupport$ReificationSupportImpl
instanceKlass scala/reflect/internal/Positions$$anon$1
instanceKlass scala/reflect/internal/util/SourceFile
instanceKlass scala/reflect/internal/Trees$ImportSelector
instanceKlass scala/reflect/internal/StdNames$TermNames$$Lambda$971
instanceKlass scala/reflect/internal/Names$NameOps
instanceKlass scala/reflect/NameTransformer$OpCodes
instanceKlass scala/reflect/NameTransformer$
instanceKlass scala/reflect/internal/StdNames$JavaKeywords
instanceKlass scala/reflect/internal/StdNames$KeywordSetBuilder
instanceKlass scala/reflect/internal/StdNames$CommonNames
instanceKlass scala/reflect/internal/transform/Transforms$$Lambda$970
instanceKlass scala/reflect/internal/transform/Transforms$$anon$3
instanceKlass scala/reflect/internal/transform/PostErasure
instanceKlass scala/reflect/internal/transform/Transforms$$Lambda$969
instanceKlass scala/reflect/internal/transform/Transforms$$anon$2
instanceKlass scala/reflect/internal/transform/Erasure
instanceKlass scala/reflect/internal/transform/Transforms$$Lambda$968
instanceKlass scala/reflect/internal/transform/Transforms$$anon$1
instanceKlass scala/reflect/internal/transform/UnCurry
instanceKlass scala/reflect/internal/transform/Transforms$Lazy
instanceKlass scala/reflect/internal/Scopes$$Lambda$967
instanceKlass scala/reflect/internal/Kinds$KindErrors
instanceKlass scala/reflect/internal/Variances$varianceInType$$Lambda$966
instanceKlass java/lang/invoke/LambdaForm$MH
instanceKlass java/lang/invoke/LambdaForm$MH
instanceKlass java/lang/invoke/LambdaForm$MH
instanceKlass java/lang/invoke/LambdaForm$BMH
instanceKlass java/lang/invoke/LambdaForm$BMH
instanceKlass java/lang/invoke/LambdaForm$BMH
instanceKlass java/lang/invoke/LambdaForm$BMH
instanceKlass scala/reflect/internal/Variance$Extractor
instanceKlass scala/reflect/internal/Variances$$Lambda$965
instanceKlass scala/reflect/internal/Variances$varianceInType
instanceKlass scala/reflect/api/Types$ThisTypeApi
instanceKlass scala/reflect/api/Types$SuperTypeApi
instanceKlass scala/reflect/api/Types$SingleTypeApi
instanceKlass scala/reflect/internal/Types$$Lambda$964
instanceKlass scala/reflect/internal/Types$$Lambda$963
instanceKlass scala/reflect/internal/Types$$Lambda$962
instanceKlass scala/reflect/internal/Types$$Lambda$961
instanceKlass scala/reflect/internal/Types$$Lambda$960
instanceKlass scala/reflect/internal/Types$$Lambda$959
instanceKlass scala/reflect/internal/Types$$Lambda$958
instanceKlass scala/reflect/internal/Types$$Lambda$957
instanceKlass scala/reflect/internal/Types$$Lambda$956
instanceKlass scala/reflect/internal/Types$$Lambda$955
instanceKlass scala/reflect/internal/Types$$Lambda$954
instanceKlass scala/reflect/internal/Types$$Lambda$953
instanceKlass scala/reflect/internal/Types$$Lambda$952
instanceKlass scala/reflect/internal/Types$$Lambda$951
instanceKlass scala/reflect/internal/Types$$Lambda$950
instanceKlass scala/reflect/internal/Variance$
instanceKlass scala/reflect/internal/AnnotationInfos$AnnotationInfo
instanceKlass scala/reflect/api/Types$BoundedWildcardTypeApi
instanceKlass scala/reflect/internal/Types$$Lambda$949
instanceKlass scala/reflect/internal/tpe/FindMembers$$Lambda$948
instanceKlass scala/reflect/internal/tpe/FindMembers$FindMemberBase
instanceKlass scala/reflect/internal/util/ReusableInstance
instanceKlass scala/reflect/internal/Depth$
instanceKlass scala/reflect/runtime/Settings$IntSetting
instanceKlass scala/reflect/runtime/Settings$BooleanSetting
instanceKlass scala/reflect/runtime/Settings$Setting
instanceKlass scala/reflect/internal/settings/MutableSettings$SettingValue
instanceKlass scala/reflect/internal/settings/AbsSettings$AbsSettingValue
instanceKlass scala/reflect/internal/Symbols$SymbolOps
instanceKlass scala/reflect/internal/Symbols$$Lambda$947
instanceKlass scala/reflect/api/Internals$FreeTypeSymbolApi
instanceKlass scala/reflect/api/Internals$FreeTermSymbolApi
instanceKlass scala/reflect/internal/Symbols$FreeSymbol
instanceKlass scala/reflect/internal/util/JavaClearable
instanceKlass scala/collection/mutable/AnyRefMap$$$Lambda$946
instanceKlass scala/collection/mutable/AnyRefMap$ExceptionDefault
instanceKlass scala/collection/mutable/AnyRefMap$
instanceKlass scala/reflect/internal/SymbolTable$perRunCaches$
instanceKlass scala/reflect/api/Trees$SingletonTypeTreeApi
instanceKlass scala/reflect/api/Trees$ExistentialTypeTreeApi
instanceKlass scala/reflect/api/Trees$SelectFromTypeTreeApi
instanceKlass scala/reflect/api/Trees$TypedApi
instanceKlass scala/reflect/api/Trees$CompoundTypeTreeApi
instanceKlass scala/reflect/api/Trees$AnnotatedApi
instanceKlass scala/reflect/api/Trees$AppliedTypeTreeApi
instanceKlass scala/reflect/api/Trees$TypeApplyApi
instanceKlass scala/reflect/api/Trees$AssignOrNamedArgApi
instanceKlass scala/reflect/api/Trees$PackageDefApi
instanceKlass scala/reflect/api/Trees$AssignApi
instanceKlass scala/reflect/api/Trees$FunctionApi
instanceKlass scala/reflect/api/Trees$UnApplyApi
instanceKlass scala/reflect/api/Trees$StarApi
instanceKlass scala/reflect/api/Trees$LabelDefApi
instanceKlass scala/reflect/api/Trees$ClassDefApi
instanceKlass scala/reflect/api/Trees$ImportApi
instanceKlass scala/reflect/api/Trees$AlternativeApi
instanceKlass scala/reflect/api/Trees$ThisApi
instanceKlass scala/reflect/api/Trees$ReturnApi
instanceKlass scala/reflect/api/Trees$IfApi
instanceKlass scala/reflect/api/Trees$MatchApi
instanceKlass scala/reflect/api/Trees$TreeCopierOps
instanceKlass scala/reflect/internal/TreeInfo
instanceKlass scala/reflect/internal/Reporting$RunReporting
instanceKlass scala/reflect/api/JavaUniverse$JavaMirror
instanceKlass scala/reflect/api/Mirrors$RuntimeMirror
instanceKlass scala/reflect/api/Mirrors$ReflectiveMirror
instanceKlass scala/reflect/api/Mirror
instanceKlass scala/reflect/internal/Reporting$PerRunReportingBase
instanceKlass scala/reflect/internal/Reporter
instanceKlass scala/reflect/internal/settings/MutableSettings
instanceKlass scala/reflect/internal/settings/AbsSettings
instanceKlass scala/reflect/internal/SymbolTable$ReflectStats
instanceKlass scala/reflect/internal/ScopeStats
instanceKlass scala/reflect/internal/SymbolsStats
instanceKlass scala/reflect/internal/TreesStats
instanceKlass scala/reflect/internal/SymbolTableStats
instanceKlass scala/reflect/internal/TypesStats
instanceKlass scala/reflect/internal/BaseTypeSeqsStats
instanceKlass scala/reflect/internal/util/Statistics
instanceKlass scala/reflect/runtime/SynchronizedOps$SynchronizedScope
instanceKlass scala/reflect/runtime/SynchronizedOps$SynchronizedBaseTypeSeq
instanceKlass scala/reflect/internal/BaseTypeSeqs$BaseTypeSeq
instanceKlass scala/reflect/runtime/SynchronizedSymbols$SynchronizedSymbol
instanceKlass scala/reflect/runtime/ThreadLocalStorage$ThreadLocalStorage
instanceKlass scala/reflect/internal/Mirrors$Roots$RootSymbol
instanceKlass scala/reflect/internal/Mirrors$RootSymbol
instanceKlass scala/reflect/internal/Mirrors$Roots$WellKnownSymbol
instanceKlass scala/reflect/api/Types$TypeRefExtractor
instanceKlass scala/reflect/api/Types$ThisTypeExtractor
instanceKlass scala/reflect/api/Trees$SingletonTypeTreeExtractor
instanceKlass scala/reflect/api/Types$NullaryMethodTypeExtractor
instanceKlass scala/reflect/api/Trees$ExistentialTypeTreeExtractor
instanceKlass scala/reflect/api/Trees$SelectFromTypeTreeExtractor
instanceKlass scala/reflect/api/Types$BoundedWildcardTypeExtractor
instanceKlass scala/reflect/api/Trees$TypedExtractor
instanceKlass scala/reflect/api/Constants$ConstantExtractor
instanceKlass scala/reflect/api/Types$ClassInfoTypeExtractor
instanceKlass scala/reflect/api/Types$ExistentialTypeExtractor
instanceKlass scala/reflect/api/Types$SingleTypeExtractor
instanceKlass scala/reflect/api/Types$TypeBoundsExtractor
instanceKlass scala/reflect/api/Names$TypeNameExtractor
instanceKlass scala/reflect/api/Names$TermNameExtractor
instanceKlass scala/reflect/api/StandardDefinitions$DefinitionsApi
instanceKlass scala/reflect/api/StandardDefinitions$StandardTypes
instanceKlass scala/reflect/api/FlagSets$FlagValues
instanceKlass scala/reflect/api/Types$PolyTypeExtractor
instanceKlass scala/reflect/api/Internals$ReferenceToBoxedExtractor
instanceKlass scala/reflect/api/Trees$CompoundTypeTreeExtractor
instanceKlass scala/reflect/api/Trees$IdentExtractor
instanceKlass scala/reflect/api/Annotations$AnnotationExtractor
instanceKlass scala/reflect/api/Types$AnnotatedTypeExtractor
instanceKlass scala/reflect/api/Types$MethodTypeExtractor
instanceKlass scala/reflect/api/Types$SuperTypeExtractor
instanceKlass scala/reflect/api/Trees$TypeBoundsTreeExtractor
instanceKlass scala/reflect/api/Trees$AnnotatedExtractor
instanceKlass scala/reflect/api/Trees$TypeTreeExtractor
instanceKlass scala/reflect/api/Trees$ModifiersExtractor
instanceKlass scala/reflect/api/Types$RefinedTypeExtractor
instanceKlass scala/reflect/api/Types$ConstantTypeExtractor
instanceKlass scala/reflect/api/Trees$AppliedTypeTreeExtractor
instanceKlass scala/reflect/api/Trees$SelectExtractor
instanceKlass scala/reflect/api/StandardNames$TermNamesApi
instanceKlass scala/reflect/api/Trees$ApplyExtractor
instanceKlass scala/reflect/api/Trees$TypeApplyExtractor
instanceKlass scala/reflect/api/Trees$TypeDefExtractor
instanceKlass scala/reflect/api/Trees$ModuleDefExtractor
instanceKlass scala/reflect/api/Trees$NewExtractor
instanceKlass scala/reflect/api/Trees$DefDefExtractor
instanceKlass scala/reflect/api/Trees$AssignOrNamedArgExtractor
instanceKlass scala/reflect/api/Trees$CaseDefExtractor
instanceKlass scala/reflect/api/Trees$CaseDefApi
instanceKlass scala/reflect/api/Trees$PackageDefExtractor
instanceKlass scala/reflect/api/Trees$ThrowApi
instanceKlass scala/reflect/api/Trees$ThrowExtractor
instanceKlass scala/reflect/api/Trees$TryExtractor
instanceKlass scala/reflect/api/Trees$TryApi
instanceKlass scala/reflect/api/Trees$AssignExtractor
instanceKlass scala/reflect/api/Trees$TemplateExtractor
instanceKlass scala/reflect/api/Trees$FunctionExtractor
instanceKlass scala/reflect/api/Trees$UnApplyExtractor
instanceKlass scala/reflect/api/Trees$StarExtractor
instanceKlass scala/reflect/api/Trees$ImportSelectorExtractor
instanceKlass scala/reflect/api/Trees$LabelDefExtractor
instanceKlass scala/reflect/api/Trees$ValDefExtractor
instanceKlass scala/reflect/api/Trees$ClassDefExtractor
instanceKlass scala/reflect/api/Trees$BindApi
instanceKlass scala/reflect/api/Trees$BindExtractor
instanceKlass scala/reflect/api/Trees$RefTreeExtractor
instanceKlass scala/reflect/api/Trees$ImportExtractor
instanceKlass scala/reflect/api/Trees$AlternativeExtractor
instanceKlass scala/reflect/api/Trees$ThisExtractor
instanceKlass scala/reflect/api/Trees$ReturnExtractor
instanceKlass scala/reflect/api/Trees$SuperExtractor
instanceKlass scala/reflect/api/Trees$IfExtractor
instanceKlass scala/reflect/api/Trees$LiteralExtractor
instanceKlass scala/reflect/api/Annotations$AnnotationApi
instanceKlass scala/reflect/api/Annotations$LiteralArgumentExtractor
instanceKlass scala/reflect/api/Annotations$ArrayArgumentExtractor
instanceKlass scala/reflect/api/Annotations$NestedArgumentExtractor
instanceKlass scala/reflect/api/Trees$MatchExtractor
instanceKlass scala/reflect/api/StandardNames$TypeNamesApi
instanceKlass scala/reflect/api/StandardNames$NamesApi
instanceKlass scala/reflect/api/Trees$BlockApi
instanceKlass scala/reflect/api/Trees$BlockExtractor
instanceKlass scala/reflect/internal/InfoTransformers$InfoTransformer
instanceKlass scala/reflect/internal/Phase
instanceKlass scala/reflect/internal/TreeGen
instanceKlass scala/reflect/api/Internals$ReificationSupportApi
instanceKlass scala/reflect/macros/Universe$TreeGen
instanceKlass scala/reflect/macros/Universe$MacroCompatApi
instanceKlass scala/reflect/api/Internals$CompatApi
instanceKlass scala/reflect/macros/Universe$MacroInternalApi
instanceKlass scala/reflect/api/Internals$InternalApi
instanceKlass scala/reflect/api/Internals$ReferenceToBoxedApi
instanceKlass scala/reflect/internal/Positions$PosAssigner
instanceKlass scala/reflect/internal/Printers$TreePrinter
instanceKlass scala/reflect/api/Printers$TreePrinter
instanceKlass scala/reflect/api/Trees$TypeBoundsTreeApi
instanceKlass scala/reflect/api/Trees$SuperApi
instanceKlass scala/reflect/api/Trees$TypeDefApi
instanceKlass scala/reflect/api/Trees$DefDefApi
instanceKlass scala/reflect/api/Trees$ModuleDefApi
instanceKlass scala/reflect/api/Trees$ImplDefApi
instanceKlass scala/reflect/api/Trees$ImportSelectorApi
instanceKlass scala/reflect/api/Constants$ConstantApi
instanceKlass scala/reflect/api/Trees$ValDefApi
instanceKlass scala/reflect/api/Trees$ValOrDefDefApi
instanceKlass scala/reflect/api/Trees$MemberDefApi
instanceKlass scala/reflect/api/Trees$DefTreeApi
instanceKlass scala/reflect/api/Trees$TemplateApi
instanceKlass scala/reflect/api/Trees$ModifiersApi
instanceKlass scala/reflect/api/Trees$LiteralApi
instanceKlass scala/reflect/api/Annotations$NestedArgumentApi
instanceKlass scala/reflect/api/Annotations$ArrayArgumentApi
instanceKlass scala/reflect/api/Annotations$LiteralArgumentApi
instanceKlass scala/reflect/internal/AnnotationInfos$ClassfileAnnotArg
instanceKlass scala/reflect/api/Annotations$JavaArgumentApi
instanceKlass scala/reflect/api/Trees$SelectApi
instanceKlass scala/reflect/api/Trees$NewApi
instanceKlass scala/reflect/api/Trees$TypeTreeApi
instanceKlass scala/reflect/internal/Trees$TypTree
instanceKlass scala/reflect/api/Trees$TypTreeApi
instanceKlass scala/reflect/internal/Trees$CannotHaveAttrs
instanceKlass scala/reflect/internal/Trees$TermTree
instanceKlass scala/reflect/api/Trees$ApplyApi
instanceKlass scala/reflect/api/Trees$GenericApplyApi
instanceKlass scala/reflect/api/Trees$TermTreeApi
instanceKlass scala/reflect/api/Trees$IdentApi
instanceKlass scala/reflect/internal/Trees$RefTree
instanceKlass scala/reflect/api/Trees$RefTreeApi
instanceKlass scala/reflect/api/Trees$SymTreeApi
instanceKlass scala/reflect/internal/Trees$NameTree
instanceKlass scala/reflect/api/Trees$NameTreeApi
instanceKlass scala/reflect/internal/Trees$TreeContextApiImpl
instanceKlass scala/reflect/api/Trees$TreeApi
instanceKlass scala/reflect/api/Types$ConstantTypeApi
instanceKlass scala/reflect/internal/StdNames$SymbolNames
instanceKlass scala/reflect/api/Types$ClassInfoTypeApi
instanceKlass scala/reflect/api/Symbols$MethodSymbolApi
instanceKlass scala/reflect/macros/Attachments
instanceKlass scala/reflect/internal/util/DeprecatedPosition
instanceKlass scala/reflect/internal/util/InternalPositionImpl
instanceKlass scala/reflect/api/Position
instanceKlass scala/reflect/internal/Scopes$Scope
instanceKlass scala/reflect/api/Scopes$MemberScopeApi
instanceKlass scala/reflect/api/Scopes$ScopeApi
instanceKlass scala/reflect/api/FlagSets$FlagOps
instanceKlass scala/reflect/api/Types$ExistentialTypeApi
instanceKlass scala/reflect/internal/util/Statistics$SubQuantity
instanceKlass scala/reflect/internal/util/Statistics$Counter
instanceKlass scala/reflect/internal/util/Statistics$Quantity
instanceKlass scala/reflect/api/Types$RefinedTypeApi
instanceKlass scala/reflect/api/Types$CompoundTypeApi
instanceKlass scala/reflect/api/Types$AnnotatedTypeApi
instanceKlass scala/reflect/internal/Types$RewrappingTypeProxy
instanceKlass scala/reflect/internal/tpe/TypeMaps$TypeMap
instanceKlass scala/reflect/api/Types$TypeBoundsApi
instanceKlass scala/reflect/api/Types$NullaryMethodTypeApi
instanceKlass scala/reflect/api/Types$MethodTypeApi
instanceKlass scala/reflect/api/Types$PolyTypeApi
instanceKlass scala/reflect/api/Types$SingletonTypeApi
instanceKlass scala/reflect/internal/Types$SimpleTypeProxy
instanceKlass scala/reflect/api/Types$TypeRefApi
instanceKlass scala/reflect/api/Types$TypeApi
instanceKlass scala/reflect/api/Symbols$ModuleSymbolApi
instanceKlass scala/reflect/api/Symbols$TermSymbolApi
instanceKlass scala/reflect/api/Symbols$ClassSymbolApi
instanceKlass scala/reflect/api/Symbols$TypeSymbolApi
instanceKlass scala/reflect/internal/Symbols$StubSymbol
instanceKlass scala/reflect/internal/Symbols$SymbolContextApiImpl
instanceKlass scala/reflect/api/Symbols$SymbolApi
instanceKlass scala/reflect/internal/StdAttachments$Attachable
instanceKlass scala/reflect/internal/AnnotationInfos$Annotatable
instanceKlass scala/reflect/internal/HasFlags
instanceKlass scala/reflect/api/Names$TypeNameApi
instanceKlass scala/reflect/api/Names$TermNameApi
instanceKlass scala/reflect/api/Names$NameApi
instanceKlass scala/reflect/api/TypeTags$TypeTag
instanceKlass scala/reflect/api/TypeTags$WeakTypeTag
instanceKlass scala/reflect/api/Universe
instanceKlass scala/reflect/api/Quasiquotes
instanceKlass scala/reflect/api/Liftables
instanceKlass scala/reflect/api/StandardLiftables
instanceKlass scala/reflect/api/StandardNames
instanceKlass scala/reflect/api/ImplicitTags
instanceKlass scala/reflect/api/TypeTags
instanceKlass scala/reflect/api/Exprs
instanceKlass scala/reflect/internal/Reporting
instanceKlass scala/reflect/internal/Internals
instanceKlass scala/reflect/api/Internals
instanceKlass scala/reflect/internal/FreshNames
instanceKlass scala/reflect/internal/pickling/Translations
instanceKlass scala/reflect/internal/PrivateWithin
instanceKlass scala/reflect/internal/ReificationSupport
instanceKlass scala/reflect/internal/StdCreators
instanceKlass scala/reflect/internal/StdAttachments
instanceKlass scala/reflect/internal/CapturedVariables
instanceKlass scala/reflect/internal/Importers
instanceKlass scala/reflect/internal/TypeDebugging
instanceKlass scala/reflect/internal/Positions
instanceKlass scala/reflect/api/Positions
instanceKlass scala/reflect/internal/Printers
instanceKlass scala/reflect/api/Printers
instanceKlass scala/reflect/internal/Trees
instanceKlass scala/reflect/api/Trees
instanceKlass scala/reflect/internal/AnnotationCheckers
instanceKlass scala/reflect/internal/AnnotationInfos
instanceKlass scala/reflect/api/Annotations
instanceKlass scala/reflect/internal/StdNames
instanceKlass scala/reflect/internal/transform/Transforms
instanceKlass scala/reflect/internal/InfoTransformers
instanceKlass scala/reflect/internal/BaseTypeSeqs
instanceKlass scala/reflect/internal/Constants
instanceKlass scala/reflect/api/Constants
instanceKlass scala/reflect/internal/Definitions
instanceKlass scala/reflect/api/StandardDefinitions
instanceKlass scala/reflect/internal/Mirrors
instanceKlass scala/reflect/api/Mirrors
instanceKlass scala/reflect/internal/Scopes
instanceKlass scala/reflect/api/Scopes
instanceKlass scala/reflect/internal/FlagSets
instanceKlass scala/reflect/api/FlagSets
instanceKlass scala/reflect/internal/ExistentialsAndSkolems
instanceKlass scala/reflect/internal/Kinds
instanceKlass scala/reflect/internal/Variances
instanceKlass scala/reflect/internal/Names
instanceKlass scala/reflect/api/Names
instanceKlass scala/reflect/runtime/SymbolTable
instanceKlass scala/reflect/runtime/ThreadLocalStorage
instanceKlass scala/reflect/runtime/Gil
instanceKlass scala/reflect/runtime/SynchronizedOps
instanceKlass scala/reflect/runtime/SynchronizedTypes
instanceKlass scala/reflect/internal/Types
instanceKlass scala/reflect/internal/util/Collections
instanceKlass scala/reflect/internal/tpe/FindMembers
instanceKlass scala/reflect/internal/tpe/TypeConstraints
instanceKlass scala/reflect/internal/tpe/TypeMaps
instanceKlass scala/reflect/internal/tpe/GlbLubs
instanceKlass scala/reflect/internal/tpe/CommonOwners
instanceKlass scala/reflect/internal/tpe/TypeToStrings
instanceKlass scala/reflect/internal/tpe/TypeComparers
instanceKlass scala/reflect/api/Types
instanceKlass scala/reflect/runtime/SynchronizedSymbols
instanceKlass scala/reflect/internal/Symbols
instanceKlass scala/reflect/api/Symbols
instanceKlass scala/reflect/runtime/SymbolLoaders
instanceKlass scala/reflect/runtime/JavaMirrors
instanceKlass scala/reflect/runtime/TwoWayCaches
instanceKlass scala/reflect/runtime/ReflectSetup
instanceKlass scala/reflect/runtime/JavaUniverseForce
instanceKlass scala/reflect/api/JavaUniverse
instanceKlass scala/reflect/runtime/package$
instanceKlass org/apache/spark/sql/catalyst/ScalaReflection$
instanceKlass org/apache/spark/sql/catalyst/ScalaReflection
instanceKlass org/apache/spark/sql/catalyst/InternalRow$$$Lambda$945
instanceKlass org/apache/spark/sql/catalyst/InternalRow$$$Lambda$944
instanceKlass org/apache/spark/sql/catalyst/expressions/BaseGenericInternalRow
instanceKlass org/apache/spark/sql/catalyst/InternalRow$
instanceKlass org/apache/spark/sql/Row
instanceKlass org/apache/spark/sql/types/StructType$$$Lambda$943
instanceKlass org/apache/spark/sql/catalyst/expressions/ExtractValue
instanceKlass org/apache/spark/sql/catalyst/expressions/objects/InvokeLike
instanceKlass org/apache/spark/sql/catalyst/encoders/RowEncoder$
instanceKlass org/apache/spark/sql/RelationalGroupedDataset$GroupType
instanceKlass org/apache/spark/sql/Column
instanceKlass org/apache/spark/sql/catalyst/QueryPlanningTracker$PhaseSummary
instanceKlass org/apache/spark/sql/catalyst/plans/logical/AnalysisHelper$$Lambda$942
instanceKlass org/apache/spark/sql/catalyst/analysis/CheckAnalysis$$Lambda$941
instanceKlass org/apache/spark/sql/execution/command/CommandCheck$$Lambda$940
instanceKlass org/apache/spark/sql/execution/datasources/v2/TableCapabilityCheck$$$Lambda$939
instanceKlass org/apache/spark/sql/execution/datasources/HiveOnlyCheck$$$Lambda$938
instanceKlass org/apache/spark/sql/execution/datasources/PreReadCheck$$$Lambda$937
instanceKlass org/apache/spark/sql/execution/datasources/PreWriteCheck$$$Lambda$936
instanceKlass org/apache/spark/sql/catalyst/analysis/CheckAnalysis$$Lambda$935
instanceKlass org/apache/spark/sql/catalyst/analysis/CheckAnalysis$$Lambda$934
instanceKlass org/apache/spark/sql/catalyst/analysis/CheckAnalysis$$Lambda$933
instanceKlass org/apache/spark/sql/catalyst/analysis/CheckAnalysis$$Lambda$932
instanceKlass org/apache/spark/sql/catalyst/plans/logical/PlanHelper$$$Lambda$931
instanceKlass org/apache/spark/sql/catalyst/plans/logical/PlanHelper$
instanceKlass org/apache/spark/sql/catalyst/expressions/Expression$$Lambda$930
instanceKlass org/apache/spark/sql/catalyst/analysis/CheckAnalysis$$Lambda$929
instanceKlass org/apache/spark/sql/catalyst/trees/TreeNode$$Lambda$928
instanceKlass org/apache/spark/sql/catalyst/analysis/CheckAnalysis$$Lambda$927
instanceKlass org/apache/spark/sql/catalyst/rules/RuleExecutor$PlanChangeLogger$$Lambda$926
instanceKlass org/apache/spark/sql/catalyst/plans/logical/ObjectProducer
instanceKlass org/apache/spark/sql/catalyst/plans/logical/ObjectConsumer
instanceKlass org/apache/spark/sql/catalyst/expressions/TaggingExpression
instanceKlass org/apache/spark/sql/execution/analysis/DetectAmbiguousSelfJoin$$Lambda$925
instanceKlass org/apache/spark/sql/catalyst/plans/logical/V2CreateTablePlan
instanceKlass org/apache/spark/sql/catalyst/expressions/WindowSpec
instanceKlass org/apache/spark/sql/catalyst/trees/TreeNode$$Lambda$924
instanceKlass org/apache/spark/sql/catalyst/trees/TreeNode$$Lambda$923
instanceKlass org/apache/spark/sql/catalyst/trees/TreeNode$$Lambda$922
instanceKlass org/apache/spark/sql/catalyst/plans/QueryPlan$$Lambda$921
instanceKlass org/apache/spark/sql/catalyst/analysis/ResolveLambdaVariables$$anonfun$apply$2$$Lambda$920
instanceKlass org/apache/spark/sql/catalyst/analysis/Analyzer$ExtractGenerator$$$Lambda$919
instanceKlass org/apache/spark/sql/catalyst/analysis/Analyzer$ExtractGenerator$$anonfun$apply$21$$Lambda$918
instanceKlass org/apache/spark/sql/catalyst/plans/logical/LogicalPlan$$Lambda$917
instanceKlass org/apache/spark/sql/catalyst/analysis/TypeCheckResult$TypeCheckSuccess$
instanceKlass org/apache/spark/sql/catalyst/expressions/Expression$$Lambda$916
instanceKlass org/apache/spark/sql/catalyst/analysis/Analyzer$ResolveReferences$$anonfun$apply$11$$Lambda$915
instanceKlass org/apache/spark/sql/catalyst/analysis/Analyzer$ResolveReferences$$anonfun$apply$11$$Lambda$914
instanceKlass org/apache/spark/sql/catalyst/trees/TreeNode$$Lambda$913
instanceKlass org/apache/spark/sql/catalyst/analysis/Analyzer$$Lambda$912
instanceKlass org/apache/spark/sql/catalyst/analysis/Analyzer$$Lambda$911
instanceKlass org/apache/spark/sql/catalyst/plans/logical/LogicalPlan$$Lambda$910
instanceKlass org/apache/spark/sql/catalyst/plans/logical/V2WriteCommand
instanceKlass org/apache/spark/sql/catalyst/rules/RuleExecutor$PlanChangeLogger$$Lambda$909
instanceKlass org/apache/spark/sql/catalyst/rules/RuleExecutor$$Lambda$908
instanceKlass org/apache/spark/sql/catalyst/plans/logical/AnalysisHelper$$Lambda$907
instanceKlass org/apache/spark/sql/catalyst/plans/logical/AnalysisHelper$$Lambda$906
instanceKlass org/apache/spark/sql/catalyst/plans/logical/AnalysisHelper$$Lambda$905
instanceKlass org/apache/spark/sql/catalyst/plans/logical/AnalysisHelper$$Lambda$904
instanceKlass org/apache/spark/sql/catalyst/QueryPlanningTracker$RuleSummary
instanceKlass java/lang/invoke/LambdaForm$MH
instanceKlass java/lang/invoke/LambdaForm$DMH
instanceKlass java/lang/invoke/LambdaForm$DMH
instanceKlass org/apache/spark/sql/catalyst/rules/RuleExecutor$$Lambda$903
instanceKlass java/lang/invoke/LambdaForm$DMH
instanceKlass org/apache/spark/sql/catalyst/trees/TreeNode$$Lambda$902
instanceKlass org/apache/spark/sql/catalyst/trees/TreeNode$$Lambda$901
instanceKlass org/apache/spark/sql/catalyst/trees/TreeNode$$Lambda$900
instanceKlass org/apache/spark/sql/catalyst/plans/QueryPlan$$Lambda$899
instanceKlass org/apache/spark/sql/catalyst/plans/QueryPlan$$Lambda$898
instanceKlass org/apache/spark/sql/catalyst/plans/QueryPlan$$Lambda$897
instanceKlass org/apache/spark/sql/catalyst/plans/QueryPlan$$Lambda$896
instanceKlass org/apache/spark/sql/catalyst/plans/logical/AnalysisHelper$$Lambda$895
instanceKlass org/apache/spark/sql/catalyst/plans/logical/AnalysisHelper$$Lambda$894
instanceKlass org/apache/spark/sql/catalyst/plans/logical/AnalysisHelper$$Lambda$893
instanceKlass org/apache/spark/sql/catalyst/plans/logical/AnalysisHelper$$Lambda$892
instanceKlass org/apache/spark/sql/catalyst/analysis/CTESubstitution$$$Lambda$891
instanceKlass org/apache/spark/sql/catalyst/analysis/CTESubstitution$$$Lambda$890
instanceKlass org/apache/spark/sql/catalyst/trees/TreeNode$$Lambda$889
instanceKlass org/apache/spark/sql/catalyst/trees/TreeNode$$Lambda$888
instanceKlass scala/PartialFunction$$anon$1$$Lambda$887
instanceKlass scala/PartialFunction$$anon$1
instanceKlass scala/PartialFunction$$$Lambda$886
instanceKlass scala/PartialFunction$
instanceKlass org/apache/spark/sql/catalyst/trees/TreeNode$$Lambda$885
instanceKlass scala/collection/mutable/LazyBuilder
instanceKlass org/apache/spark/sql/catalyst/plans/QueryPlan$$Lambda$884
instanceKlass scala/collection/immutable/StreamView
instanceKlass scala/collection/immutable/StreamViewLike
instanceKlass scala/collection/Iterator$$Lambda$883
instanceKlass scala/collection/immutable/Stream$cons$
instanceKlass org/apache/spark/sql/catalyst/plans/QueryPlan$$Lambda$882
instanceKlass org/apache/spark/sql/catalyst/plans/QueryPlan$$Lambda$881
instanceKlass org/apache/spark/sql/catalyst/rules/RuleExecutor$$Lambda$880
instanceKlass org/apache/spark/sql/catalyst/rules/RuleExecutor$$Lambda$879
instanceKlass org/apache/spark/sql/types/Decimal
instanceKlass org/apache/spark/sql/types/Decimal$$$Lambda$878
instanceKlass scala/runtime/java8/JFunction1$mcJI$sp
instanceKlass java/lang/invoke/LambdaForm$DMH
instanceKlass java/lang/invoke/LambdaForm$DMH
instanceKlass org/apache/spark/sql/types/Decimal$
instanceKlass org/apache/spark/sql/catalyst/analysis/TypeCoercionRule
instanceKlass org/apache/spark/sql/catalyst/analysis/TypeCoercion$$$Lambda$877
instanceKlass org/apache/spark/sql/catalyst/analysis/TypeCoercion$
instanceKlass org/apache/spark/sql/catalyst/analysis/ResolveLambdaVariables$$Lambda$876
instanceKlass org/apache/spark/sql/catalyst/plans/logical/SupportsSubquery
instanceKlass org/apache/spark/sql/catalyst/analysis/ResolveTableValuedFunctions$ArgumentList
instanceKlass org/apache/spark/sql/catalyst/analysis/HintErrorLogger$
instanceKlass org/apache/spark/sql/catalyst/analysis/ResolveHints$ResolveJoinStrategyHints$$Lambda$875
instanceKlass org/apache/spark/sql/catalyst/plans/logical/JoinStrategyHint
instanceKlass org/apache/spark/sql/catalyst/plans/logical/JoinStrategyHint$
instanceKlass org/apache/spark/sql/catalyst/rules/RuleExecutor$Batch
instanceKlass org/apache/spark/sql/catalyst/rules/QueryExecutionMetrics
instanceKlass org/apache/spark/sql/catalyst/rules/RuleExecutor$PlanChangeLogger$$Lambda$874
instanceKlass org/apache/spark/sql/catalyst/rules/RuleExecutor$PlanChangeLogger$$Lambda$873
instanceKlass org/apache/spark/sql/internal/SQLConf$$Lambda$872
instanceKlass org/apache/spark/sql/SparkSession$$Lambda$871
instanceKlass org/apache/spark/sql/SparkSession$$Lambda$870
instanceKlass org/apache/spark/sql/SparkSession$$Lambda$869
instanceKlass org/apache/spark/sql/internal/SQLConf$$$Lambda$868
instanceKlass org/apache/spark/sql/internal/SQLConf$$$Lambda$867
instanceKlass org/apache/spark/sql/internal/SQLConf$$$Lambda$866
instanceKlass org/apache/spark/TaskContext$
instanceKlass org/apache/spark/sql/catalyst/rules/RuleExecutor$PlanChangeLogger
instanceKlass org/sparkproject/guava/util/concurrent/AtomicLongMap
instanceKlass org/apache/spark/sql/catalyst/rules/QueryExecutionMetering
instanceKlass org/apache/spark/sql/catalyst/rules/RuleExecutor$
instanceKlass org/apache/spark/sql/catalyst/analysis/AnalysisContext$
instanceKlass org/apache/spark/sql/catalyst/rules/RuleExecutor$$Lambda$865
instanceKlass org/apache/spark/sql/catalyst/analysis/Analyzer$$Lambda$864
instanceKlass org/apache/spark/sql/catalyst/plans/logical/AnalysisHelper$
instanceKlass org/apache/spark/sql/SparkSessionExtensions$$Lambda$863
instanceKlass org/apache/spark/sql/execution/command/CommandCheck
instanceKlass org/apache/spark/sql/execution/datasources/v2/TableCapabilityCheck$
instanceKlass org/apache/spark/sql/execution/datasources/HiveOnlyCheck$
instanceKlass org/apache/spark/sql/execution/datasources/PreReadCheck$
instanceKlass org/apache/spark/sql/execution/datasources/PreWriteCheck$
instanceKlass org/apache/spark/sql/SparkSessionExtensions$$Lambda$862
instanceKlass org/apache/spark/sql/catalyst/analysis/CastSupport
instanceKlass org/apache/spark/sql/SparkSessionExtensions$$Lambda$861
instanceKlass org/apache/spark/sql/internal/BaseSessionStateBuilder$$anon$1$$Lambda$860
instanceKlass org/apache/spark/sql/internal/BaseSessionStateBuilder$$anon$1$$Lambda$859
instanceKlass org/apache/spark/sql/internal/BaseSessionStateBuilder$$Lambda$858
instanceKlass org/apache/spark/sql/catalyst/catalog/SessionCatalog$
instanceKlass org/apache/spark/sql/internal/SessionState$$$Lambda$857
instanceKlass org/apache/spark/sql/internal/SessionState$
instanceKlass org/apache/spark/sql/internal/BaseSessionStateBuilder$$Lambda$856
instanceKlass org/apache/spark/sql/catalyst/catalog/GlobalTempViewManager
instanceKlass org/apache/spark/sql/internal/BaseSessionStateBuilder$$Lambda$855
instanceKlass org/apache/spark/sql/catalyst/catalog/ExternalCatalogWithListener
instanceKlass org/apache/spark/sql/catalyst/catalog/ExternalCatalog
instanceKlass org/apache/spark/sql/execution/datasources/v2/V2SessionCatalog
instanceKlass org/apache/spark/sql/connector/catalog/SupportsNamespaces
instanceKlass org/apache/spark/sql/connector/catalog/TableCatalog
instanceKlass org/apache/spark/sql/connector/catalog/CatalogManager
instanceKlass org/apache/spark/sql/catalyst/rules/RuleExecutor$Strategy
instanceKlass org/apache/spark/sql/catalyst/expressions/UserDefinedExpression
instanceKlass org/apache/spark/sql/execution/QueryExecution$$Lambda$854
instanceKlass org/apache/spark/sql/execution/QueryExecution$$Lambda$853
instanceKlass org/apache/spark/sql/catalyst/QueryPlanningTracker$
instanceKlass org/apache/spark/sql/catalyst/QueryPlanningTracker
instanceKlass org/apache/spark/sql/execution/QueryExecution$
instanceKlass org/apache/spark/sql/Dataset$$$Lambda$852
instanceKlass org/apache/spark/sql/Encoder
instanceKlass org/apache/spark/sql/Dataset$
instanceKlass scala/collection/convert/DecorateAsJava$$Lambda$851
instanceKlass org/apache/spark/sql/execution/datasources/v2/DataSourceV2Implicits$TableHelper$$Lambda$850
instanceKlass org/apache/spark/sql/execution/datasources/v2/DataSourceV2Implicits$TableHelper
instanceKlass org/apache/spark/sql/execution/datasources/v2/DataSourceV2Implicits$
instanceKlass org/apache/spark/sql/connector/write/WriteBuilder
instanceKlass org/apache/spark/sql/connector/read/Scan
instanceKlass org/apache/spark/sql/kafka010/KafkaSourceProvider$KafkaTable
instanceKlass org/apache/spark/sql/connector/catalog/SupportsWrite
instanceKlass org/apache/spark/sql/connector/catalog/SupportsRead
instanceKlass scala/collection/convert/Wrappers$MapWrapper$$anon$2$$anon$3$$anon$4
instanceKlass scala/collection/convert/Wrappers$MapWrapper$$anon$2$$anon$3
instanceKlass org/apache/spark/sql/util/CaseInsensitiveStringMap
instanceKlass scala/collection/immutable/MapLike$$Lambda$849
instanceKlass org/apache/spark/sql/connector/catalog/SessionConfigSupport
instanceKlass org/apache/spark/sql/execution/datasources/v2/DataSourceV2Utils$
instanceKlass scala/runtime/AbstractFunction2
instanceKlass org/apache/spark/sql/catalyst/trees/Origin
instanceKlass org/apache/spark/sql/catalyst/trees/CurrentOrigin$
instanceKlass org/apache/spark/sql/catalyst/expressions/ExprId
instanceKlass org/apache/spark/sql/catalyst/expressions/NamedExpression$
instanceKlass org/apache/spark/sql/catalyst/expressions/AttributeReference$
instanceKlass org/apache/spark/sql/types/StructType$$Lambda$848
instanceKlass org/apache/spark/sql/execution/datasources/DataSource$SourceInfo
instanceKlass org/apache/spark/sql/kafka010/KafkaRecordToRowConverter$
instanceKlass org/apache/spark/sql/kafka010/KafkaSourceProvider$$Lambda$847
instanceKlass org/apache/spark/sql/kafka010/KafkaSourceProvider$$Lambda$846
instanceKlass org/apache/spark/sql/kafka010/KafkaSourceProvider$$Lambda$845
instanceKlass org/apache/spark/sql/kafka010/KafkaSourceProvider$$Lambda$844
instanceKlass org/apache/spark/sql/kafka010/KafkaSourceProvider$$Lambda$843
instanceKlass org/apache/spark/sql/kafka010/KafkaSourceProvider$$Lambda$842
instanceKlass org/apache/spark/sql/kafka010/KafkaSourceProvider$$Lambda$841
instanceKlass org/apache/spark/sql/kafka010/KafkaSourceProvider$$Lambda$840
instanceKlass org/apache/spark/sql/kafka010/KafkaSourceProvider$$Lambda$839
instanceKlass org/apache/spark/sql/kafka010/KafkaSourceProvider$$Lambda$838
instanceKlass org/apache/kafka/common/serialization/ByteArrayDeserializer
instanceKlass org/apache/kafka/common/serialization/Deserializer
instanceKlass org/apache/kafka/common/serialization/ByteArraySerializer
instanceKlass org/apache/kafka/common/serialization/Serializer
instanceKlass scala/collection/immutable/StringLike$$Lambda$837
instanceKlass org/apache/spark/sql/kafka010/KafkaSourceProvider$
instanceKlass org/apache/spark/sql/execution/streaming/StreamingRelation$
instanceKlass org/apache/spark/sql/execution/datasources/DataSource$$Lambda$836
instanceKlass org/apache/spark/sql/catalyst/catalog/BucketSpec
instanceKlass org/apache/spark/sql/catalyst/analysis/package$$$Lambda$835
instanceKlass org/apache/spark/sql/catalyst/analysis/package$$$Lambda$834
instanceKlass org/apache/spark/sql/catalyst/analysis/package$
instanceKlass org/apache/spark/sql/catalyst/util/CaseInsensitiveMap$$Lambda$833
instanceKlass org/apache/spark/sql/catalyst/util/CaseInsensitiveMap
instanceKlass org/apache/spark/sql/catalyst/util/CaseInsensitiveMap$
instanceKlass org/apache/spark/sql/execution/command/DataWritingCommand
instanceKlass org/apache/spark/sql/execution/FileRelation
instanceKlass org/apache/spark/sql/execution/datasources/DataSource
instanceKlass org/apache/spark/sql/v2/avro/AvroDataSourceV2
instanceKlass org/apache/spark/sql/execution/streaming/Sink
instanceKlass org/apache/spark/sql/execution/streaming/Source
instanceKlass org/apache/spark/sql/connector/read/streaming/SparkDataStream
instanceKlass org/apache/spark/sql/sources/TableScan
instanceKlass org/apache/spark/sql/kafka010/KafkaOffsetRangeLimit
instanceKlass org/apache/spark/sql/kafka010/KafkaSourceProvider
instanceKlass org/apache/spark/sql/sources/StreamSinkProvider
instanceKlass org/apache/spark/sql/sources/StreamSourceProvider
instanceKlass org/apache/spark/sql/types/Metadata
instanceKlass org/apache/spark/sql/types/Metadata$
instanceKlass scala/runtime/AbstractFunction4
instanceKlass scala/Function4
instanceKlass org/apache/spark/sql/types/StructField
instanceKlass org/apache/spark/sql/execution/datasources/binaryfile/BinaryFileFormat$
instanceKlass org/apache/spark/sql/execution/datasources/binaryfile/BinaryFileFormat
instanceKlass org/apache/spark/sql/execution/streaming/ConsoleSinkProvider
instanceKlass org/apache/spark/sql/execution/datasources/v2/text/TextDataSourceV2
instanceKlass org/apache/spark/sql/execution/datasources/v2/parquet/ParquetDataSourceV2
instanceKlass org/apache/spark/sql/catalyst/InternalRow
instanceKlass org/apache/hadoop/mapreduce/InputSplit
instanceKlass org/apache/hadoop/mapreduce/RecordReader
instanceKlass org/apache/spark/sql/execution/datasources/OutputWriterFactory
instanceKlass org/apache/spark/sql/execution/datasources/noop/NoopDataSource
instanceKlass org/apache/spark/sql/execution/datasources/v2/json/JsonDataSourceV2
instanceKlass org/apache/spark/sql/sources/InsertableRelation
instanceKlass org/apache/spark/sql/sources/PrunedFilteredScan
instanceKlass org/apache/spark/sql/sources/BaseRelation
instanceKlass org/apache/spark/sql/execution/datasources/jdbc/JDBCOptions
instanceKlass org/apache/spark/sql/connector/catalog/Table
instanceKlass org/apache/spark/sql/execution/datasources/v2/csv/CSVDataSourceV2
instanceKlass org/apache/spark/sql/execution/datasources/v2/FileDataSourceV2
instanceKlass org/apache/spark/sql/execution/datasources/DataSource$$$Lambda$832
instanceKlass org/apache/spark/sql/execution/datasources/DataSource$$$Lambda$831
instanceKlass org/apache/spark/sql/execution/streaming/sources/RateStreamProvider
instanceKlass org/apache/spark/sql/execution/streaming/sources/TextSocketSourceProvider
instanceKlass org/apache/spark/sql/internal/connector/SimpleTableProvider
instanceKlass org/apache/spark/sql/connector/catalog/TableProvider
instanceKlass org/apache/spark/sql/execution/datasources/orc/OrcFileFormat
instanceKlass org/apache/spark/sql/execution/datasources/parquet/ParquetFileFormat
instanceKlass org/apache/spark/sql/execution/datasources/TextBasedFileFormat
instanceKlass org/apache/spark/sql/execution/datasources/FileFormat
instanceKlass org/apache/spark/sql/execution/datasources/jdbc/JdbcRelationProvider
instanceKlass org/apache/spark/sql/sources/DataSourceRegister
instanceKlass org/apache/spark/sql/sources/RelationProvider
instanceKlass org/apache/spark/sql/sources/CreatableRelationProvider
instanceKlass org/apache/spark/sql/execution/datasources/DataSource$
instanceKlass org/apache/spark/sql/execution/command/DDLUtils$
instanceKlass org/apache/spark/sql/internal/SQLConf$$Lambda$830
instanceKlass org/apache/spark/sql/SparkSession$$Lambda$829
instanceKlass org/apache/spark/sql/SparkSessionExtensions$$Lambda$828
instanceKlass org/apache/spark/sql/catalyst/rules/Rule
instanceKlass org/apache/spark/sql/SparkSessionExtensions$$Lambda$827
instanceKlass org/apache/spark/sql/execution/ColumnarRule
instanceKlass org/apache/spark/sql/internal/BaseSessionStateBuilder$$Lambda$826
instanceKlass org/apache/spark/sql/internal/SessionStateBuilder$$Lambda$825
instanceKlass org/apache/spark/sql/internal/BaseSessionStateBuilder$$Lambda$824
instanceKlass org/apache/spark/sql/execution/QueryExecution
instanceKlass org/apache/spark/sql/internal/BaseSessionStateBuilder$$Lambda$823
instanceKlass org/apache/spark/sql/internal/SessionResourceLoader
instanceKlass org/apache/spark/sql/util/ExecutionListenerManager$$Lambda$822
instanceKlass org/apache/spark/sql/internal/BaseSessionStateBuilder$$Lambda$821
instanceKlass org/apache/spark/sql/internal/BaseSessionStateBuilder$$Lambda$820
instanceKlass org/apache/spark/sql/util/ExecutionListenerManager
instanceKlass org/apache/spark/sql/internal/BaseSessionStateBuilder$$Lambda$819
instanceKlass org/apache/spark/sql/streaming/StreamingQueryManager
instanceKlass org/apache/spark/sql/execution/AliasAwareOutputPartitioning
instanceKlass org/apache/spark/sql/execution/UnaryExecNode
instanceKlass org/apache/spark/sql/execution/CodegenSupport
instanceKlass org/apache/spark/sql/internal/BaseSessionStateBuilder$$Lambda$818
instanceKlass org/apache/spark/sql/internal/BaseSessionStateBuilder$$Lambda$817
instanceKlass org/apache/spark/sql/SparkSessionExtensions$$Lambda$816
instanceKlass org/apache/spark/sql/internal/VariableSubstitution$$anon$1
instanceKlass org/apache/spark/sql/internal/VariableSubstitution
instanceKlass org/apache/spark/sql/execution/ExplainMode
instanceKlass org/apache/spark/sql/connector/expressions/Transform
instanceKlass org/apache/spark/sql/connector/expressions/Literal
instanceKlass org/apache/spark/sql/connector/expressions/NamedReference
instanceKlass org/apache/spark/sql/connector/expressions/Expression
instanceKlass org/apache/spark/sql/catalyst/plans/JoinType
instanceKlass org/apache/spark/sql/catalyst/analysis/ViewType
instanceKlass org/apache/spark/sql/catalyst/expressions/NullOrdering
instanceKlass org/antlr/v4/runtime/RuleContext
instanceKlass org/antlr/v4/runtime/tree/RuleNode
instanceKlass org/antlr/v4/runtime/tree/ParseTree
instanceKlass org/antlr/v4/runtime/tree/SyntaxTree
instanceKlass org/antlr/v4/runtime/tree/Tree
instanceKlass org/antlr/v4/runtime/tree/AbstractParseTreeVisitor
instanceKlass org/apache/spark/sql/catalyst/parser/SqlBaseVisitor
instanceKlass org/antlr/v4/runtime/tree/ParseTreeVisitor
instanceKlass org/antlr/v4/runtime/tree/ParseTreeListener
instanceKlass org/antlr/v4/runtime/TokenStream
instanceKlass org/antlr/v4/runtime/TokenSource
instanceKlass org/antlr/v4/runtime/ANTLRErrorListener
instanceKlass org/antlr/v4/runtime/CharStream
instanceKlass org/antlr/v4/runtime/IntStream
instanceKlass org/apache/spark/sql/catalyst/parser/AbstractSqlParser
instanceKlass org/apache/spark/sql/internal/BaseSessionStateBuilder$$Lambda$815
instanceKlass org/apache/spark/sql/catalyst/catalog/SessionCatalog
instanceKlass org/apache/spark/sql/expressions/UserDefinedFunction
instanceKlass org/apache/spark/sql/UDFRegistration
instanceKlass org/apache/spark/sql/SparkSessionExtensions$$Lambda$814
instanceKlass org/apache/spark/sql/SparkSessionExtensions$$Lambda$813
instanceKlass scala/Tuple3
instanceKlass scala/Product3
instanceKlass org/apache/spark/sql/catalyst/analysis/SimpleFunctionRegistry$$Lambda$812
instanceKlass org/apache/spark/sql/catalyst/analysis/SimpleFunctionRegistry$$Lambda$811
instanceKlass scala/collection/mutable/HashMap$$Lambda$810
instanceKlass org/apache/spark/sql/catalyst/FunctionIdentifier
instanceKlass org/apache/spark/sql/catalyst/IdentifierWithDatabase
instanceKlass org/apache/spark/sql/catalyst/FunctionIdentifier$
instanceKlass org/apache/spark/sql/catalyst/analysis/FunctionRegistry$$$Lambda$809
instanceKlass org/apache/spark/sql/catalyst/analysis/SimpleFunctionRegistry
instanceKlass scala/math/LowPriorityOrderingImplicits$$anon$3
instanceKlass org/apache/spark/sql/types/BinaryType$$anonfun$1
instanceKlass org/apache/spark/sql/types/Decimal$DecimalAsIfIntegral$
instanceKlass org/apache/spark/sql/types/Decimal$DecimalIsFractional$
instanceKlass org/apache/spark/sql/types/Decimal$DecimalIsConflicted
instanceKlass org/apache/spark/sql/types/DoubleType$DoubleAsIfIntegral$
instanceKlass org/apache/spark/sql/types/DoubleType$DoubleAsIfIntegral
instanceKlass org/apache/spark/sql/types/DoubleType$DoubleIsConflicted
instanceKlass org/apache/spark/sql/types/DoubleType$$anonfun$1
instanceKlass scala/math/Numeric$DoubleIsFractional$
instanceKlass scala/math/Ordering$DoubleOrdering
instanceKlass scala/math/Numeric$DoubleIsFractional
instanceKlass scala/math/Numeric$DoubleIsConflicted
instanceKlass org/apache/spark/sql/types/FloatType$FloatAsIfIntegral$
instanceKlass org/apache/spark/sql/types/FloatType$FloatAsIfIntegral
instanceKlass org/apache/spark/sql/types/FloatType$FloatIsConflicted
instanceKlass org/apache/spark/sql/types/FloatType$$anonfun$1
instanceKlass scala/math/Numeric$FloatIsFractional$
instanceKlass scala/math/Ordering$FloatOrdering
instanceKlass scala/math/Numeric$FloatIsFractional
instanceKlass scala/math/Fractional
instanceKlass scala/math/Numeric$FloatIsConflicted
instanceKlass org/apache/spark/sql/types/LongExactNumeric$
instanceKlass org/apache/spark/sql/types/IntegerExactNumeric$
instanceKlass scala/math/Numeric$IntIsIntegral$
instanceKlass scala/math/Numeric$IntIsIntegral
instanceKlass org/apache/spark/sql/types/ShortExactNumeric$
instanceKlass scala/math/Ordering$Short$
instanceKlass scala/math/Numeric$ShortIsIntegral$
instanceKlass scala/math/Ordering$ShortOrdering
instanceKlass scala/math/Numeric$ShortIsIntegral
instanceKlass org/apache/spark/sql/types/ByteExactNumeric$
instanceKlass scala/math/Ordering$Byte$
instanceKlass scala/math/Numeric$ByteIsIntegral$
instanceKlass scala/math/Ordering$ByteOrdering
instanceKlass scala/math/Numeric$ByteIsIntegral
instanceKlass org/apache/spark/sql/catalyst/analysis/FunctionRegistry$$$Lambda$808
instanceKlass scala/math/Ordering$Boolean$
instanceKlass scala/math/Ordering$BooleanOrdering
instanceKlass scala/reflect/api/TypeCreator
instanceKlass org/apache/spark/sql/catalyst/expressions/SizeBasedWindowFunction
instanceKlass org/apache/spark/sql/catalyst/expressions/SpecialFrameBoundary
instanceKlass org/apache/spark/sql/catalyst/expressions/SortDirection
instanceKlass org/apache/spark/sql/catalyst/expressions/FrameType
instanceKlass org/apache/spark/sql/catalyst/expressions/WindowFrame
instanceKlass org/apache/spark/sql/catalyst/expressions/WindowFunction
instanceKlass org/apache/spark/sql/catalyst/expressions/GroupingSet
instanceKlass org/apache/spark/sql/catalyst/expressions/CreateStruct$$$Lambda$807
instanceKlass org/apache/spark/sql/catalyst/expressions/CreateStruct$
instanceKlass org/apache/spark/sql/catalyst/expressions/MapBasedSimpleHigherOrderFunction
instanceKlass org/apache/spark/sql/catalyst/expressions/Sequence$SequenceImpl
instanceKlass org/apache/spark/sql/catalyst/expressions/codegen/Block
instanceKlass org/apache/spark/sql/catalyst/expressions/ArraySortLike
instanceKlass org/apache/spark/sql/catalyst/expressions/GetArrayItemUtil
instanceKlass org/apache/spark/sql/catalyst/expressions/GetMapValueUtil
instanceKlass org/apache/spark/sql/catalyst/expressions/ArrayBasedSimpleHigherOrderFunction
instanceKlass org/apache/spark/sql/catalyst/expressions/SimpleHigherOrderFunction
instanceKlass org/apache/spark/sql/catalyst/expressions/HigherOrderFunction
instanceKlass org/apache/spark/sql/catalyst/util/ArrayData
instanceKlass org/apache/spark/sql/catalyst/expressions/SpecializedGetters
instanceKlass org/apache/spark/sql/catalyst/expressions/ArrayBinaryLike
instanceKlass org/apache/spark/sql/catalyst/expressions/ArraySetLike
instanceKlass org/apache/spark/sql/catalyst/expressions/BinaryArrayExpressionWithImplicitCast
instanceKlass org/apache/spark/sql/catalyst/expressions/NonSQLExpression
instanceKlass org/apache/spark/sql/catalyst/expressions/TruncInstant
instanceKlass org/apache/spark/sql/catalyst/expressions/TimeZoneAwareExpression
instanceKlass org/apache/spark/sql/catalyst/expressions/String2TrimExpression
instanceKlass org/apache/spark/sql/catalyst/expressions/String2StringExpression
instanceKlass org/apache/spark/sql/catalyst/expressions/WriteStyle
instanceKlass org/apache/spark/util/collection/OpenHashMap
instanceKlass org/apache/spark/sql/catalyst/expressions/UnevaluableAggregate
instanceKlass org/apache/spark/sql/catalyst/expressions/NamedExpression
instanceKlass org/apache/spark/sql/catalyst/expressions/aggregate/AggregateMode
instanceKlass org/apache/spark/sql/catalyst/expressions/DivModLike
instanceKlass org/apache/spark/sql/catalyst/expressions/codegen/CodegenFallback
instanceKlass org/apache/spark/sql/catalyst/expressions/Stateful
instanceKlass org/apache/spark/sql/catalyst/expressions/Nondeterministic
instanceKlass org/apache/spark/sql/catalyst/expressions/ExpressionWithRandomSeed
instanceKlass org/apache/spark/sql/catalyst/analysis/FunctionRegistry$$$Lambda$806
instanceKlass java/lang/invoke/LambdaForm$DMH
instanceKlass java/lang/invoke/LambdaForm$DMH
instanceKlass scala/collection/TraversableOnce$$Lambda$805
instanceKlass scala/collection/mutable/ArrayOps$ofInt$
instanceKlass org/apache/spark/sql/catalyst/analysis/FunctionRegistry$$$Lambda$804
instanceKlass scala/collection/mutable/ArrayOps$ofInt
instanceKlass org/apache/spark/sql/catalyst/expressions/ImplicitCastInputTypes
instanceKlass org/apache/spark/sql/catalyst/expressions/Predicate
instanceKlass org/apache/spark/sql/catalyst/analysis/FunctionRegistry$$$Lambda$803
instanceKlass org/apache/spark/sql/catalyst/expressions/CollectionGenerator
instanceKlass org/apache/spark/sql/catalyst/expressions/Generator
instanceKlass org/apache/spark/sql/catalyst/expressions/ComplexTypeMergingExpression
instanceKlass org/apache/spark/sql/catalyst/expressions/ExpressionInfo
instanceKlass scala/reflect/ScalaSignature
instanceKlass org/apache/spark/annotation/DeveloperApi
instanceKlass org/apache/spark/sql/catalyst/expressions/ExpressionDescription
instanceKlass java/lang/invoke/LambdaForm$MH
instanceKlass java/lang/invoke/LambdaForm$DMH
instanceKlass org/apache/spark/sql/catalyst/analysis/FunctionRegistry$$$Lambda$802
instanceKlass java/lang/invoke/LambdaForm$DMH
instanceKlass java/lang/invoke/LambdaForm$DMH
instanceKlass scala/collection/IndexedSeqOptimized$$Lambda$801
instanceKlass org/apache/spark/sql/catalyst/analysis/FunctionRegistry$$$Lambda$800
instanceKlass org/apache/spark/sql/catalyst/expressions/codegen/ExprValue
instanceKlass org/apache/spark/sql/catalyst/expressions/codegen/JavaCode
instanceKlass org/apache/spark/sql/catalyst/analysis/TypeCheckResult
instanceKlass org/json4s/JsonAST$JNumber
instanceKlass org/apache/spark/sql/catalyst/expressions/RuntimeReplaceable
instanceKlass org/apache/spark/sql/catalyst/expressions/Unevaluable
instanceKlass org/apache/spark/sql/catalyst/expressions/package$NullIntolerant
instanceKlass org/apache/spark/sql/catalyst/expressions/ExpectsInputTypes
instanceKlass org/apache/spark/sql/catalyst/trees/TreeNodeTag
instanceKlass org/apache/spark/sql/catalyst/analysis/FunctionRegistry$
instanceKlass org/apache/spark/sql/internal/BaseSessionStateBuilder$$Lambda$799
instanceKlass org/apache/spark/sql/internal/BaseSessionStateBuilder$$Lambda$798
instanceKlass org/apache/spark/sql/internal/BaseSessionStateBuilder$$Lambda$797
instanceKlass org/apache/spark/sql/internal/BaseSessionStateBuilder$$Lambda$796
instanceKlass org/apache/spark/sql/ExperimentalMethods
instanceKlass org/apache/spark/sql/internal/SQLConf$$Lambda$795
instanceKlass org/apache/spark/sql/internal/SQLConf$$Lambda$794
instanceKlass org/apache/spark/sql/internal/SQLConf$$Lambda$793
instanceKlass org/apache/spark/sql/internal/SQLConf$$Lambda$792
instanceKlass org/apache/spark/sql/internal/BaseSessionStateBuilder$$Lambda$791
instanceKlass org/apache/spark/internal/config/MapProvider
instanceKlass org/apache/spark/sql/catalyst/plans/logical/HintErrorHandler
instanceKlass org/apache/spark/sql/internal/BaseSessionStateBuilder$$Lambda$790
instanceKlass org/apache/spark/sql/internal/BaseSessionStateBuilder$$Lambda$789
instanceKlass org/apache/spark/sql/execution/ui/SQLTab$
instanceKlass org/apache/spark/sql/internal/SharedState$$Lambda$788
instanceKlass org/apache/spark/sql/execution/ui/SQLAppStatusStore
instanceKlass org/apache/spark/sql/execution/ui/SQLAppStatusListener$$Lambda$787
instanceKlass org/apache/spark/sql/execution/ui/SQLAppStatusListener$$Lambda$786
instanceKlass org/apache/spark/sql/execution/ui/SQLExecutionUIData
instanceKlass org/apache/spark/sql/execution/datasources/FileIndex
instanceKlass org/apache/spark/sql/execution/CacheManager
instanceKlass org/apache/spark/sql/execution/adaptive/AdaptiveSparkPlanHelper
instanceKlass org/apache/spark/sql/internal/SharedState$$Lambda$785
instanceKlass org/apache/spark/sql/internal/SharedState$$Lambda$784
instanceKlass org/apache/spark/sql/internal/SharedState$$$Lambda$783
instanceKlass org/apache/spark/sql/internal/SharedState$$$Lambda$782
instanceKlass org/apache/hadoop/security/token/delegation/AbstractDelegationTokenSelector
instanceKlass org/codehaus/jackson/map/type/HierarchicType
instanceKlass org/codehaus/jackson/map/ser/BeanSerializerModifier
instanceKlass org/codehaus/jackson/map/Serializers
instanceKlass org/codehaus/jackson/map/ser/std/StdJdkSerializers
instanceKlass org/codehaus/jackson/map/util/Provider
instanceKlass org/codehaus/jackson/map/SerializerFactory$Config
instanceKlass org/codehaus/jackson/map/ResolvableSerializer
instanceKlass org/codehaus/jackson/map/deser/ValueInstantiators
instanceKlass org/codehaus/jackson/map/AbstractTypeResolver
instanceKlass org/codehaus/jackson/map/deser/BeanDeserializerModifier
instanceKlass org/codehaus/jackson/map/KeyDeserializers
instanceKlass org/codehaus/jackson/map/ext/OptionalHandlerFactory
instanceKlass org/codehaus/jackson/map/type/TypeBindings
instanceKlass org/codehaus/jackson/map/deser/std/PrimitiveArrayDeserializers
instanceKlass org/codehaus/jackson/map/KeyDeserializer
instanceKlass org/codehaus/jackson/map/deser/std/StdKeyDeserializers
instanceKlass org/codehaus/jackson/map/type/ClassKey
instanceKlass org/codehaus/jackson/map/deser/StdDeserializers
instanceKlass org/codehaus/jackson/map/Deserializers
instanceKlass org/codehaus/jackson/map/DeserializerFactory$Config
instanceKlass org/codehaus/jackson/map/deser/SettableBeanProperty
instanceKlass org/codehaus/jackson/map/BeanProperty
instanceKlass org/codehaus/jackson/map/util/Named
instanceKlass org/codehaus/jackson/map/ResolvableDeserializer
instanceKlass org/codehaus/jackson/map/DeserializerFactory
instanceKlass org/codehaus/jackson/map/JsonDeserializer
instanceKlass org/codehaus/jackson/map/util/RootNameLookup
instanceKlass org/codehaus/jackson/map/ser/impl/SerializerCache
instanceKlass org/codehaus/jackson/schema/SchemaAware
instanceKlass org/codehaus/jackson/map/JsonSerializer
instanceKlass org/codehaus/jackson/node/JsonNodeFactory
instanceKlass org/codehaus/jackson/map/MapperConfig$Base
instanceKlass org/codehaus/jackson/map/MapperConfig$ConfigFeature
instanceKlass org/codehaus/jackson/map/type/TypeParser
instanceKlass org/codehaus/jackson/map/type/TypeFactory
instanceKlass org/codehaus/jackson/sym/BytesToNameCanonicalizer$TableInfo
instanceKlass org/codehaus/jackson/sym/Name
instanceKlass org/codehaus/jackson/sym/BytesToNameCanonicalizer
instanceKlass org/codehaus/jackson/sym/CharsToNameCanonicalizer$Bucket
instanceKlass org/codehaus/jackson/sym/CharsToNameCanonicalizer
instanceKlass org/codehaus/jackson/annotate/JacksonAnnotation
instanceKlass org/codehaus/jackson/annotate/JsonAutoDetect
instanceKlass org/codehaus/jackson/map/introspect/VisibilityChecker$Std
instanceKlass org/codehaus/jackson/map/introspect/BasicClassIntrospector$MinimalMethodFilter
instanceKlass org/codehaus/jackson/map/introspect/BasicClassIntrospector$SetterMethodFilter
instanceKlass org/codehaus/jackson/map/introspect/BasicClassIntrospector$GetterMethodFilter
instanceKlass org/codehaus/jackson/map/introspect/AnnotationMap
instanceKlass org/codehaus/jackson/map/util/Annotations
instanceKlass org/codehaus/jackson/map/introspect/Annotated
instanceKlass org/codehaus/jackson/map/introspect/MethodFilter
instanceKlass org/codehaus/jackson/map/BeanDescription
instanceKlass org/codehaus/jackson/map/MapperConfig
instanceKlass org/codehaus/jackson/map/ClassIntrospector$MixInResolver
instanceKlass org/codehaus/jackson/map/SerializerFactory
instanceKlass org/codehaus/jackson/map/DeserializerProvider
instanceKlass org/codehaus/jackson/map/SerializerProvider
instanceKlass org/codehaus/jackson/JsonFactory
instanceKlass org/codehaus/jackson/map/introspect/VisibilityChecker
instanceKlass org/codehaus/jackson/map/AnnotationIntrospector
instanceKlass org/codehaus/jackson/map/ClassIntrospector
instanceKlass org/codehaus/jackson/type/JavaType
instanceKlass org/codehaus/jackson/map/jsontype/TypeResolverBuilder
instanceKlass org/codehaus/jackson/map/jsontype/SubtypeResolver
instanceKlass org/codehaus/jackson/map/Module$SetupContext
instanceKlass org/codehaus/jackson/JsonGenerator
instanceKlass org/codehaus/jackson/JsonParser
instanceKlass org/codehaus/jackson/map/JsonSerializableWithType
instanceKlass org/codehaus/jackson/map/JsonSerializable
instanceKlass org/codehaus/jackson/JsonNode
instanceKlass org/codehaus/jackson/map/DeserializationContext
instanceKlass org/codehaus/jackson/PrettyPrinter
instanceKlass org/codehaus/jackson/ObjectCodec
instanceKlass org/codehaus/jackson/Versioned
instanceKlass org/apache/hadoop/fs/FileChecksum
instanceKlass org/apache/hadoop/security/token/TokenSelector
instanceKlass org/apache/hadoop/hdfs/web/resources/HttpOpParam$Op
instanceKlass java/text/CharacterIterator
instanceKlass org/apache/hadoop/io/BinaryComparable
instanceKlass org/apache/hadoop/io/WritableComparable
instanceKlass org/apache/hadoop/hdfs/web/TokenAspect$TokenManagementDelegator
instanceKlass org/apache/hadoop/fs/DelegationTokenRenewer$Renewable
instanceKlass org/apache/hadoop/util/Time
instanceKlass org/apache/hadoop/fs/viewfs/InodeTree
instanceKlass org/apache/hadoop/fs/Path
instanceKlass org/apache/hadoop/fs/FileStatus
instanceKlass org/apache/hadoop/fs/ChecksumFileSystem$9
instanceKlass org/apache/hadoop/fs/FileSystem$3
instanceKlass org/apache/hadoop/fs/FileSystem$Cache$ClientFinalizer
instanceKlass org/apache/hadoop/fs/FileSystem$Cache
instanceKlass org/apache/hadoop/fs/RemoteIterator
instanceKlass org/apache/hadoop/fs/FsUrlStreamHandlerFactory
instanceKlass org/apache/spark/sql/internal/SharedState$
instanceKlass org/apache/spark/sql/SparkSession$$Lambda$781
instanceKlass org/apache/spark/sql/internal/SharedState
instanceKlass org/apache/spark/sql/catalyst/catalog/FunctionResourceLoader
instanceKlass org/apache/spark/sql/connector/catalog/CatalogPlugin
instanceKlass org/apache/spark/sql/catalyst/parser/ParserInterface
instanceKlass org/apache/spark/sql/catalyst/analysis/FunctionRegistry
instanceKlass org/apache/spark/sql/connector/catalog/LookupCatalog
instanceKlass org/apache/spark/sql/catalyst/analysis/CheckAnalysis
instanceKlass org/apache/spark/sql/catalyst/expressions/PredicateHelper
instanceKlass org/apache/spark/sql/catalyst/planning/QueryPlanner
instanceKlass org/apache/spark/sql/catalyst/rules/RuleExecutor
instanceKlass org/apache/spark/sql/internal/BaseSessionStateBuilder
instanceKlass org/apache/spark/sql/SparkSession$$Lambda$780
instanceKlass org/apache/spark/sql/SparkSession$$Lambda$779
instanceKlass org/apache/spark/sql/internal/SessionState
instanceKlass org/apache/spark/sql/streaming/DataStreamReader
instanceKlass org/apache/spark/SparkContext$$Lambda$778
instanceKlass org/apache/spark/sql/SparkSession$Builder$$Lambda$777
instanceKlass org/apache/spark/sql/SQLContext
instanceKlass org/apache/spark/sql/SparkSession$$Lambda$776
instanceKlass org/apache/spark/sql/SparkSession$$$Lambda$775
instanceKlass org/apache/spark/sql/SparkSession$Builder$$Lambda$774
instanceKlass org/apache/spark/sql/internal/StaticSQLConf$$$Lambda$773
instanceKlass org/apache/spark/sql/internal/StaticSQLConf$$$Lambda$772
instanceKlass org/apache/spark/sql/internal/StaticSQLConf$$$Lambda$771
instanceKlass org/apache/spark/sql/internal/StaticSQLConf$$$Lambda$770
instanceKlass org/apache/spark/sql/internal/StaticSQLConf$$$Lambda$769
instanceKlass org/apache/spark/sql/internal/StaticSQLConf$$$Lambda$768
instanceKlass org/apache/spark/sql/internal/SQLConf$$$Lambda$767
instanceKlass org/apache/spark/sql/internal/SQLConf$$$Lambda$766
instanceKlass org/apache/spark/sql/internal/SQLConf$RemovedConfig
instanceKlass org/apache/spark/sql/internal/SQLConf$$$Lambda$765
instanceKlass org/apache/spark/sql/internal/SQLConf$DeprecatedConfig
instanceKlass org/apache/spark/sql/internal/SQLConf$$$Lambda$764
instanceKlass org/apache/spark/sql/internal/SQLConf$$$Lambda$763
instanceKlass org/apache/spark/sql/internal/SQLConf$$$Lambda$762
instanceKlass org/apache/spark/sql/internal/SQLConf$$$Lambda$761
instanceKlass org/apache/spark/sql/internal/SQLConf$$$Lambda$760
instanceKlass org/apache/spark/sql/internal/SQLConf$$$Lambda$759
instanceKlass org/apache/spark/sql/internal/SQLConf$$$Lambda$758
instanceKlass org/apache/spark/sql/internal/SQLConf$$$Lambda$757
instanceKlass org/apache/spark/sql/internal/SQLConf$$$Lambda$756
instanceKlass org/apache/spark/sql/internal/SQLConf$$$Lambda$755
instanceKlass org/apache/spark/sql/internal/SQLConf$$$Lambda$754
instanceKlass org/apache/spark/sql/internal/SQLConf$$$Lambda$753
instanceKlass org/apache/spark/sql/internal/SQLConf$$$Lambda$752
instanceKlass org/apache/spark/sql/internal/SQLConf$$$Lambda$751
instanceKlass org/apache/spark/sql/internal/SQLConf$$$Lambda$750
instanceKlass org/apache/spark/sql/internal/SQLConf$$$Lambda$749
instanceKlass org/apache/spark/sql/connector/catalog/CatalogManager$
instanceKlass org/apache/spark/sql/internal/SQLConf$$$Lambda$748
instanceKlass org/apache/spark/sql/internal/SQLConf$$$Lambda$747
instanceKlass org/apache/spark/sql/internal/SQLConf$$$Lambda$746
instanceKlass org/apache/spark/sql/internal/SQLConf$$$Lambda$745
instanceKlass org/apache/spark/sql/internal/SQLConf$$$Lambda$744
instanceKlass org/apache/spark/sql/internal/SQLConf$$$Lambda$743
instanceKlass org/apache/spark/sql/internal/SQLConf$$$Lambda$742
instanceKlass org/apache/spark/sql/internal/SQLConf$$$Lambda$741
instanceKlass org/apache/spark/sql/internal/SQLConf$$$Lambda$740
instanceKlass org/apache/spark/sql/internal/SQLConf$$$Lambda$739
instanceKlass org/apache/spark/sql/internal/SQLConf$$$Lambda$738
instanceKlass org/apache/spark/sql/internal/SQLConf$$$Lambda$737
instanceKlass org/apache/spark/sql/internal/SQLConf$$$Lambda$736
instanceKlass org/apache/spark/sql/internal/SQLConf$$$Lambda$735
instanceKlass org/apache/spark/sql/internal/SQLConf$$$Lambda$734
instanceKlass org/apache/spark/sql/internal/SQLConf$$$Lambda$733
instanceKlass org/apache/spark/sql/internal/SQLConf$$$Lambda$732
instanceKlass org/apache/spark/sql/internal/SQLConf$$$Lambda$731
instanceKlass org/apache/spark/sql/internal/SQLConf$$$Lambda$730
instanceKlass org/apache/spark/sql/internal/SQLConf$$$Lambda$729
instanceKlass org/apache/spark/sql/internal/SQLConf$$$Lambda$728
instanceKlass org/apache/spark/sql/internal/SQLConf$$$Lambda$727
instanceKlass org/apache/spark/sql/internal/SQLConf$$$Lambda$726
instanceKlass org/apache/spark/sql/internal/SQLConf$$$Lambda$725
instanceKlass org/apache/spark/sql/internal/SQLConf$$$Lambda$724
instanceKlass org/apache/spark/sql/internal/SQLConf$$$Lambda$723
instanceKlass org/apache/spark/sql/internal/SQLConf$$$Lambda$722
instanceKlass scala/collection/immutable/RedBlackTree$BlackTree$
instanceKlass scala/collection/immutable/RedBlackTree$RedTree$
instanceKlass scala/collection/immutable/RedBlackTree$Tree
instanceKlass scala/collection/immutable/RedBlackTree$
instanceKlass org/apache/spark/ContextCleaner$$Lambda$721
instanceKlass org/apache/spark/ContextCleaner$$Lambda$720
instanceKlass scala/collection/generic/SortedSetFactory$SortedSetCanBuildFrom
instanceKlass org/apache/spark/sql/internal/SQLConf$$$Lambda$719
instanceKlass org/apache/spark/sql/internal/SQLConf$$$Lambda$718
instanceKlass org/apache/spark/sql/internal/SQLConf$$$Lambda$717
instanceKlass org/apache/spark/sql/internal/SQLConf$$$Lambda$716
instanceKlass org/apache/spark/sql/internal/SQLConf$$$Lambda$715
instanceKlass org/apache/spark/sql/internal/SQLConf$$$Lambda$714
instanceKlass org/apache/spark/sql/internal/SQLConf$$$Lambda$713
instanceKlass org/apache/spark/sql/internal/SQLConf$$$Lambda$712
instanceKlass org/apache/spark/sql/internal/SQLConf$$$Lambda$711
instanceKlass org/apache/spark/sql/internal/SQLConf$$$Lambda$710
instanceKlass org/apache/spark/sql/internal/SQLConf$$$Lambda$709
instanceKlass org/apache/spark/sql/internal/SQLConf$$$Lambda$708
instanceKlass org/apache/spark/sql/internal/SQLConf$$$Lambda$707
instanceKlass org/apache/spark/sql/internal/SQLConf$$$Lambda$706
instanceKlass org/apache/spark/sql/internal/SQLConf$$$Lambda$705
instanceKlass org/apache/spark/status/AppStatusListener$$Lambda$704
instanceKlass org/apache/spark/status/ApplicationInfoWrapper
instanceKlass org/apache/spark/status/api/v1/ApplicationInfo
instanceKlass scala/runtime/AbstractFunction7
instanceKlass scala/Function7
instanceKlass org/apache/spark/sql/internal/SQLConf
instanceKlass org/apache/spark/status/api/v1/ApplicationAttemptInfo
instanceKlass scala/runtime/AbstractFunction8
instanceKlass scala/Function8
instanceKlass org/apache/spark/sql/internal/SQLConf$
instanceKlass org/apache/spark/status/AppStatusListener$$Lambda$703
instanceKlass org/apache/spark/status/ApplicationEnvironmentInfoWrapper
instanceKlass org/apache/spark/status/AppStatusListener$$Lambda$702
instanceKlass org/apache/spark/status/AppStatusListener$$Lambda$701
instanceKlass org/apache/spark/status/AppStatusListener$$Lambda$700
instanceKlass org/apache/spark/status/AppStatusListener$$Lambda$699
instanceKlass org/apache/spark/status/AppStatusListener$$Lambda$698
instanceKlass org/apache/spark/status/AppStatusListener$$Lambda$697
instanceKlass org/apache/spark/status/api/v1/ApplicationEnvironmentInfo
instanceKlass org/apache/spark/status/api/v1/RuntimeInfo
instanceKlass org/apache/spark/status/api/v1/MemoryMetrics
instanceKlass org/apache/spark/sql/internal/StaticSQLConf$
instanceKlass org/apache/spark/status/AppStatusListener$$Lambda$696
instanceKlass java/lang/invoke/LambdaForm$DMH
instanceKlass org/apache/spark/SparkContext$$Lambda$695
instanceKlass org/apache/spark/status/ElementTrackingStore$$Lambda$694
instanceKlass org/apache/spark/SparkContext$$Lambda$693
instanceKlass org/apache/spark/status/ElementTrackingStore$$Lambda$692
instanceKlass org/apache/spark/status/ElementTrackingStore$WriteSkippedQueue$
instanceKlass org/apache/spark/SparkContext$$Lambda$691
instanceKlass org/apache/spark/status/ElementTrackingStore$WriteQueued$
instanceKlass org/apache/spark/internal/plugin/PluginContainer
instanceKlass org/apache/spark/status/ElementTrackingStore$$anon$1
instanceKlass org/apache/spark/SparkContext$$Lambda$690
instanceKlass org/apache/spark/status/ElementTrackingStore$LatchedTriggers$$Lambda$689
instanceKlass org/apache/spark/SparkContext$$Lambda$688
instanceKlass org/apache/spark/status/ElementTrackingStore$$Lambda$687
instanceKlass org/apache/spark/status/ElementTrackingStore$$Lambda$686
instanceKlass org/apache/spark/executor/ExecutorMetricsSource$$Lambda$685
instanceKlass org/apache/spark/executor/ExecutorMetricsSource$$Lambda$684
instanceKlass org/apache/spark/util/kvstore/KVTypeInfo$MethodAccessor
instanceKlass org/apache/spark/executor/ExecutorMetricsSource$ExecutorMetricGauge
instanceKlass org/apache/spark/util/kvstore/KVTypeInfo$FieldAccessor
instanceKlass org/apache/spark/util/kvstore/KVTypeInfo$Accessor
instanceKlass org/apache/spark/SparkContext$$Lambda$683
instanceKlass org/apache/spark/metrics/source/JVMCPUSource$$anon$1
instanceKlass org/apache/spark/metrics/source/JVMCPUSource
instanceKlass org/apache/spark/annotation/Private
instanceKlass org/apache/spark/storage/BlockManagerSource$$Lambda$682
instanceKlass org/apache/spark/storage/BlockManagerSource$$Lambda$681
instanceKlass org/apache/spark/storage/BlockManagerSource$$Lambda$680
instanceKlass org/apache/spark/storage/BlockManagerSource$$Lambda$679
instanceKlass org/apache/spark/storage/BlockManagerSource$$Lambda$678
instanceKlass com/fasterxml/jackson/annotation/JacksonAnnotation
instanceKlass org/apache/spark/storage/BlockManagerSource$$Lambda$677
instanceKlass com/fasterxml/jackson/annotation/JsonIgnore
instanceKlass org/apache/spark/storage/BlockManagerSource$$Lambda$676
instanceKlass org/apache/spark/storage/BlockManagerSource$$Lambda$675
instanceKlass org/apache/spark/util/kvstore/KVIndex
instanceKlass org/apache/spark/storage/BlockManagerSource$$Lambda$674
instanceKlass org/apache/spark/storage/BlockManagerSource$$anon$1
instanceKlass org/apache/spark/util/kvstore/KVTypeInfo
instanceKlass org/apache/spark/storage/BlockManagerSource$$Lambda$673
instanceKlass org/apache/spark/storage/BlockManagerSource
instanceKlass org/apache/spark/util/kvstore/InMemoryStore$InMemoryLists$$Lambda$672
instanceKlass org/apache/spark/util/kvstore/InMemoryStore$InstanceList
instanceKlass org/apache/spark/SparkContext$$Lambda$671
instanceKlass org/apache/spark/util/logging/DriverLogger
instanceKlass org/apache/spark/status/LiveExecutor$$Lambda$670
instanceKlass org/apache/spark/status/api/v1/ExecutorSummary
instanceKlass org/apache/spark/executor/ExecutorMetrics
instanceKlass org/apache/spark/SparkEnv$$$Lambda$669
instanceKlass com/codahale/metrics/WeightedSnapshot$WeightedSample
instanceKlass scala/collection/immutable/TreeSet
instanceKlass scala/collection/convert/DecorateAsScala$$Lambda$668
instanceKlass org/apache/spark/HeartbeatReceiver$$Lambda$663
instanceKlass scala/collection/immutable/Vector$$Lambda$667
instanceKlass org/apache/spark/SparkEnv$$$Lambda$666
instanceKlass org/apache/spark/SparkEnv$$$Lambda$665
instanceKlass org/apache/spark/SparkEnv$$$Lambda$664
instanceKlass scala/math/Ordering$Int$
instanceKlass scala/math/Ordering$IntOrdering
instanceKlass org/apache/spark/SparkEnv$$$Lambda$662
instanceKlass scala/collection/generic/SortedSetFactory
instanceKlass scala/collection/MapLike$$Lambda$661
instanceKlass org/apache/spark/status/AppStatusListener$$Lambda$660
instanceKlass org/apache/spark/scheduler/SparkListenerStageExecutorMetrics
instanceKlass scala/collection/SeqLike$$Lambda$659
instanceKlass org/apache/spark/scheduler/SparkListenerExecutorMetricsUpdate
instanceKlass scala/math/Ordering$$anon$12
instanceKlass org/apache/spark/scheduler/SparkListenerApplicationEnd
instanceKlass org/apache/spark/scheduler/SparkListenerApplicationStart
instanceKlass scala/math/Ordering$String$
instanceKlass scala/math/Ordering$StringOrdering
instanceKlass org/apache/spark/scheduler/SparkListenerUnpersistRDD
instanceKlass org/apache/spark/scheduler/SparkListenerBlockManagerRemoved
instanceKlass scala/util/PropertiesTrait$$Lambda$658
instanceKlass org/apache/spark/scheduler/SparkListenerEnvironmentUpdate
instanceKlass scala/util/PropertiesTrait$$Lambda$657
instanceKlass org/apache/spark/scheduler/SparkListenerTaskEnd
instanceKlass scala/util/PropertiesTrait$$Lambda$656
instanceKlass org/apache/spark/scheduler/SparkListenerTaskGettingResult
instanceKlass scala/Option$WithFilter
instanceKlass org/apache/spark/scheduler/SparkListenerTaskStart
instanceKlass scala/util/PropertiesTrait$$Lambda$655
instanceKlass org/apache/spark/scheduler/SparkListenerJobEnd
instanceKlass org/apache/spark/scheduler/SparkListenerJobStart
instanceKlass org/apache/spark/scheduler/SparkListenerStageCompleted
instanceKlass org/apache/spark/scheduler/SparkListenerStageSubmitted
instanceKlass scala/util/Properties$
instanceKlass scala/runtime/LazyRef
instanceKlass scala/util/PropertiesTrait
instanceKlass com/codahale/metrics/Timer$Context
instanceKlass org/apache/spark/scheduler/AsyncEventQueue$$anon$3
instanceKlass org/apache/spark/scheduler/AsyncEventQueue$
instanceKlass org/apache/spark/scheduler/AsyncEventQueue$$Lambda$653
instanceKlass org/apache/spark/scheduler/AsyncEventQueue$$anon$2$$Lambda$651
instanceKlass org/apache/spark/scheduler/LiveListenerBus$$Lambda$650
instanceKlass org/apache/spark/scheduler/LiveListenerBus$$Lambda$649
instanceKlass org/apache/spark/SparkContext$$Lambda$648
instanceKlass org/apache/spark/SparkContext$$Lambda$647
instanceKlass org/apache/spark/ExecutorAllocationManager
instanceKlass org/apache/spark/ContextCleaner$
instanceKlass org/apache/spark/ContextCleaner$$Lambda$646
instanceKlass org/apache/spark/ContextCleaner$$Lambda$645
instanceKlass org/apache/spark/SparkContext$$Lambda$644
instanceKlass org/apache/spark/CleanupTask
instanceKlass org/apache/spark/ContextCleaner
instanceKlass org/apache/spark/SparkContext$$Lambda$643
instanceKlass org/apache/spark/SparkContext$$Lambda$642
instanceKlass scala/Array$$$Lambda$641
instanceKlass org/apache/spark/metrics/MetricsSystem$$Lambda$640
instanceKlass org/apache/spark/metrics/MetricsSystem$$Lambda$639
instanceKlass org/apache/spark/metrics/sink/PrometheusServlet
instanceKlass org/apache/spark/metrics/MetricsSystem$$Lambda$638
instanceKlass org/apache/spark/ui/JettyUtils$ServletParams$$$Lambda$637
instanceKlass org/apache/spark/ui/JettyUtils$ServletParams$
instanceKlass org/apache/spark/metrics/sink/MetricsServlet$$Lambda$636
instanceKlass org/apache/spark/metrics/MetricsSystem$$Lambda$635
instanceKlass org/apache/spark/metrics/MetricsSystem$$Lambda$634
instanceKlass org/apache/spark/metrics/MetricsSystem$$Lambda$633
instanceKlass com/fasterxml/jackson/databind/util/ArrayBuilders
instanceKlass com/fasterxml/jackson/databind/type/ClassKey
instanceKlass com/fasterxml/jackson/databind/ser/Serializers$Base
instanceKlass com/fasterxml/jackson/databind/ObjectMapper$1
instanceKlass com/codahale/metrics/MetricFilter$$Lambda$632
instanceKlass com/codahale/metrics/MetricFilter
instanceKlass com/fasterxml/jackson/core/Version
instanceKlass com/fasterxml/jackson/databind/ser/BeanSerializerModifier
instanceKlass com/fasterxml/jackson/databind/ser/Serializers
instanceKlass com/fasterxml/jackson/databind/cfg/SerializerFactoryConfig
instanceKlass com/fasterxml/jackson/databind/ser/std/StdJdkSerializers
instanceKlass com/fasterxml/jackson/databind/ser/std/NumberSerializers
instanceKlass com/fasterxml/jackson/databind/deser/DeserializerCache
instanceKlass com/fasterxml/jackson/databind/KeyDeserializer
instanceKlass com/fasterxml/jackson/databind/deser/std/StdKeyDeserializers
instanceKlass com/fasterxml/jackson/databind/deser/KeyDeserializers
instanceKlass com/fasterxml/jackson/databind/deser/ValueInstantiators
instanceKlass com/fasterxml/jackson/databind/AbstractTypeResolver
instanceKlass com/fasterxml/jackson/databind/deser/BeanDeserializerModifier
instanceKlass com/fasterxml/jackson/databind/cfg/DeserializerFactoryConfig
instanceKlass com/fasterxml/jackson/databind/PropertyName
instanceKlass com/fasterxml/jackson/databind/deser/Deserializers
instanceKlass com/fasterxml/jackson/annotation/ObjectIdGenerator
instanceKlass com/fasterxml/jackson/databind/deser/ResolvableDeserializer
instanceKlass com/fasterxml/jackson/databind/deser/ValueInstantiator$Gettable
instanceKlass com/fasterxml/jackson/databind/deser/ContextualDeserializer
instanceKlass com/fasterxml/jackson/databind/JsonDeserializer
instanceKlass com/fasterxml/jackson/databind/deser/NullValueProvider
instanceKlass com/fasterxml/jackson/databind/ser/SerializerCache
instanceKlass com/fasterxml/jackson/databind/ser/ResolvableSerializer
instanceKlass com/fasterxml/jackson/databind/ser/ContextualSerializer
instanceKlass com/fasterxml/jackson/databind/jsonschema/SchemaAware
instanceKlass com/fasterxml/jackson/databind/JsonSerializer
instanceKlass com/fasterxml/jackson/databind/jsonFormatVisitors/JsonFormatVisitable
instanceKlass com/fasterxml/jackson/databind/node/JsonNodeFactory
instanceKlass com/fasterxml/jackson/databind/node/JsonNodeCreator
instanceKlass com/fasterxml/jackson/databind/cfg/ContextAttributes
instanceKlass com/fasterxml/jackson/core/util/Separators
instanceKlass com/fasterxml/jackson/core/util/DefaultPrettyPrinter$NopIndenter
instanceKlass com/fasterxml/jackson/databind/cfg/ConfigFeature
instanceKlass com/fasterxml/jackson/databind/cfg/ConfigOverride
instanceKlass com/fasterxml/jackson/annotation/JsonFormat$Features
instanceKlass com/fasterxml/jackson/annotation/JsonFormat$Value
instanceKlass com/fasterxml/jackson/databind/introspect/VisibilityChecker$Std
instanceKlass com/fasterxml/jackson/annotation/JsonSetter$Value
instanceKlass com/fasterxml/jackson/annotation/JsonInclude$Value
instanceKlass com/fasterxml/jackson/annotation/JacksonAnnotationValue
instanceKlass com/fasterxml/jackson/databind/cfg/ConfigOverrides
instanceKlass com/fasterxml/jackson/databind/introspect/AnnotatedClass$Creators
instanceKlass com/fasterxml/jackson/databind/introspect/AnnotationCollector$NoAnnotations
instanceKlass com/fasterxml/jackson/databind/util/Annotations
instanceKlass com/fasterxml/jackson/databind/introspect/AnnotationCollector
instanceKlass com/fasterxml/jackson/databind/introspect/AnnotatedClassResolver
instanceKlass com/fasterxml/jackson/databind/BeanDescription
instanceKlass com/fasterxml/jackson/databind/cfg/MapperConfig
instanceKlass com/fasterxml/jackson/databind/introspect/SimpleMixInResolver
instanceKlass com/fasterxml/jackson/databind/introspect/ClassIntrospector$MixInResolver
instanceKlass com/fasterxml/jackson/databind/util/RootNameLookup
instanceKlass com/fasterxml/jackson/core/sym/ByteQuadsCanonicalizer$TableInfo
instanceKlass com/fasterxml/jackson/core/sym/ByteQuadsCanonicalizer
instanceKlass com/fasterxml/jackson/core/sym/CharsToNameCanonicalizer$Bucket
instanceKlass com/fasterxml/jackson/core/sym/CharsToNameCanonicalizer$TableInfo
instanceKlass com/fasterxml/jackson/core/sym/CharsToNameCanonicalizer
instanceKlass com/fasterxml/jackson/core/io/CharTypes
instanceKlass com/fasterxml/jackson/core/io/JsonStringEncoder
instanceKlass com/fasterxml/jackson/core/io/SerializedString
instanceKlass com/fasterxml/jackson/core/util/DefaultPrettyPrinter$Indenter
instanceKlass com/fasterxml/jackson/core/util/DefaultPrettyPrinter
instanceKlass com/fasterxml/jackson/core/util/Instantiatable
instanceKlass com/fasterxml/jackson/core/PrettyPrinter
instanceKlass com/fasterxml/jackson/core/async/ByteArrayFeeder
instanceKlass com/fasterxml/jackson/core/async/NonBlockingInputFeeder
instanceKlass com/fasterxml/jackson/core/TSFBuilder
instanceKlass com/fasterxml/jackson/core/SerializableString
instanceKlass com/fasterxml/jackson/core/Base64Variant
instanceKlass com/fasterxml/jackson/core/Base64Variants
instanceKlass com/fasterxml/jackson/databind/type/TypeBindings
instanceKlass com/fasterxml/jackson/databind/type/TypeParser
instanceKlass com/fasterxml/jackson/databind/type/TypeFactory
instanceKlass com/fasterxml/jackson/databind/cfg/BaseSettings
instanceKlass com/fasterxml/jackson/databind/util/LRUMap
instanceKlass java/beans/ConstructorProperties
instanceKlass com/fasterxml/jackson/databind/util/ClassUtil$Ctor
instanceKlass com/fasterxml/jackson/databind/util/ClassUtil
instanceKlass com/fasterxml/jackson/databind/ext/Java7Support
instanceKlass com/fasterxml/jackson/annotation/JsonMerge
instanceKlass com/fasterxml/jackson/databind/annotation/JsonDeserialize
instanceKlass com/fasterxml/jackson/annotation/JsonManagedReference
instanceKlass com/fasterxml/jackson/annotation/JsonBackReference
instanceKlass com/fasterxml/jackson/annotation/JsonUnwrapped
instanceKlass com/fasterxml/jackson/annotation/JsonRawValue
instanceKlass com/fasterxml/jackson/annotation/JsonTypeInfo
instanceKlass com/fasterxml/jackson/annotation/JsonFormat
instanceKlass com/fasterxml/jackson/annotation/JsonView
instanceKlass com/fasterxml/jackson/databind/annotation/JsonSerialize
instanceKlass com/fasterxml/jackson/databind/introspect/ConcreteBeanPropertyBase
instanceKlass com/fasterxml/jackson/databind/BeanProperty
instanceKlass com/fasterxml/jackson/databind/introspect/BeanPropertyDefinition
instanceKlass com/fasterxml/jackson/databind/util/Named
instanceKlass com/fasterxml/jackson/core/type/ResolvedType
instanceKlass com/fasterxml/jackson/databind/introspect/TypeResolutionContext
instanceKlass com/fasterxml/jackson/databind/introspect/Annotated
instanceKlass com/fasterxml/jackson/databind/jsontype/TypeResolverBuilder
instanceKlass com/fasterxml/jackson/core/JsonParser
instanceKlass com/fasterxml/jackson/core/JsonGenerator
instanceKlass com/fasterxml/jackson/databind/Module$SetupContext
instanceKlass com/fasterxml/jackson/databind/JsonSerializable$Base
instanceKlass com/fasterxml/jackson/databind/JsonSerializable
instanceKlass com/fasterxml/jackson/core/TreeNode
instanceKlass com/fasterxml/jackson/databind/introspect/ClassIntrospector
instanceKlass com/fasterxml/jackson/databind/introspect/VisibilityChecker
instanceKlass com/fasterxml/jackson/databind/jsontype/PolymorphicTypeValidator
instanceKlass com/fasterxml/jackson/databind/AnnotationIntrospector
instanceKlass com/fasterxml/jackson/databind/ser/SerializerFactory
instanceKlass com/fasterxml/jackson/databind/deser/DeserializerFactory
instanceKlass com/fasterxml/jackson/databind/DatabindContext
instanceKlass com/fasterxml/jackson/databind/jsontype/SubtypeResolver
instanceKlass com/fasterxml/jackson/core/TokenStreamFactory
instanceKlass com/fasterxml/jackson/core/TreeCodec
instanceKlass org/apache/spark/metrics/sink/MetricsServlet$$Lambda$631
instanceKlass org/apache/spark/metrics/sink/MetricsServlet$$Lambda$630
instanceKlass com/fasterxml/jackson/databind/Module
instanceKlass com/fasterxml/jackson/core/Versioned
instanceKlass org/apache/spark/metrics/sink/MetricsServlet
instanceKlass org/apache/spark/metrics/sink/Sink
instanceKlass org/apache/spark/metrics/MetricsSystem$$Lambda$629
instanceKlass org/apache/spark/metrics/MetricsSystem$$Lambda$628
instanceKlass org/apache/spark/metrics/MetricsConfig$$Lambda$627
instanceKlass com/codahale/metrics/MetricRegistry$1
instanceKlass org/apache/spark/metrics/MetricsSystem$$Lambda$626
instanceKlass org/apache/spark/metrics/MetricsSystem$$Lambda$625
instanceKlass org/apache/spark/metrics/source/HiveCatalogMetrics$
instanceKlass org/apache/spark/metrics/source/CodegenMetrics$
instanceKlass org/apache/spark/metrics/source/StaticSources$
instanceKlass org/apache/spark/metrics/MetricsSystem$$Lambda$624
instanceKlass org/apache/spark/storage/BlockManager$$Lambda$623
instanceKlass org/apache/spark/storage/BlockManager$$Lambda$622
instanceKlass org/apache/spark/storage/HostLocalDirManager
instanceKlass org/apache/spark/storage/BlockManagerMaster$$Lambda$621
instanceKlass scala/math/Ordering$Long$
instanceKlass scala/runtime/RichLong$
instanceKlass scala/runtime/RichLong
instanceKlass scala/runtime/IntegralProxy
instanceKlass scala/runtime/RangedProxy
instanceKlass scala/runtime/ScalaWholeNumberProxy
instanceKlass scala/runtime/ScalaNumberProxy
instanceKlass scala/runtime/OrderedProxy
instanceKlass org/apache/spark/scheduler/SparkListenerBlockManagerAdded
instanceKlass scala/Proxy$Typed
instanceKlass org/apache/spark/storage/BlockManagerInfo
instanceKlass org/apache/spark/storage/BlockManagerMasterEndpoint$$Lambda$620
instanceKlass org/apache/spark/storage/DefaultTopologyMapper$$Lambda$619
instanceKlass org/apache/spark/storage/BlockManagerMessages$RegisterBlockManager
instanceKlass org/apache/spark/storage/BlockManagerMessages$ToBlockManagerMaster
instanceKlass org/apache/spark/storage/BlockManagerMaster$$Lambda$618
instanceKlass org/sparkproject/guava/util/concurrent/Uninterruptibles
instanceKlass org/sparkproject/guava/base/Platform
instanceKlass org/sparkproject/guava/cache/LocalCache$StrongEntry
instanceKlass org/sparkproject/guava/base/Stopwatch
instanceKlass org/sparkproject/guava/util/concurrent/ExecutionList
instanceKlass org/sparkproject/guava/util/concurrent/AbstractFuture
instanceKlass org/sparkproject/guava/cache/LocalCache$LoadingValueReference
instanceKlass org/apache/spark/storage/BlockManagerId
instanceKlass org/apache/spark/storage/BlockManagerId$
instanceKlass org/apache/spark/storage/BlockManager$$Lambda$617
instanceKlass org/apache/spark/storage/BlockManager$$Lambda$616
instanceKlass org/apache/spark/network/netty/NettyBlockTransferService$$Lambda$615
instanceKlass org/apache/spark/network/netty/NettyBlockTransferService$$Lambda$614
instanceKlass scala/collection/convert/DecorateAsJava$$Lambda$613
instanceKlass org/apache/commons/lang3/tuple/Pair
instanceKlass org/apache/spark/SparkContext$$Lambda$612
instanceKlass org/apache/spark/resource/ResourceProfile$
instanceKlass org/apache/spark/scheduler/cluster/ExecutorInfo
instanceKlass org/apache/spark/scheduler/SparkListenerExecutorAdded
instanceKlass org/apache/spark/executor/ExecutorMetricsPoller$$Lambda$611
instanceKlass org/apache/spark/executor/Executor$$Lambda$610
instanceKlass scala/concurrent/Promise$$Lambda$609
instanceKlass scala/concurrent/impl/Promise$$Lambda$608
instanceKlass scala/concurrent/Future$$Lambda$607
instanceKlass org/apache/spark/rpc/netty/NettyRpcEnv$$Lambda$606
instanceKlass org/apache/spark/rpc/netty/RpcEndpointVerifier$CheckExistence
instanceKlass org/apache/spark/rpc/RpcEndpointAddress$
instanceKlass org/apache/spark/executor/Executor$$Lambda$605
instanceKlass org/apache/spark/executor/ExecutorMetricsPoller
instanceKlass com/esotericsoftware/kryo/pool/KryoPoolQueueImpl
instanceKlass com/esotericsoftware/kryo/pool/SoftReferenceQueue
instanceKlass org/apache/spark/serializer/KryoSerializer$$anon$1
instanceKlass com/esotericsoftware/kryo/pool/KryoPool$Builder
instanceKlass org/apache/spark/serializer/KryoSerializer$PoolWrapper
instanceKlass scala/collection/mutable/HashMap$$anon$1$$Lambda$604
instanceKlass org/apache/spark/executor/Executor$$Lambda$603
instanceKlass org/apache/spark/executor/Executor$$Lambda$602
instanceKlass org/apache/spark/executor/ExecutorSource$$Lambda$601
instanceKlass org/apache/spark/executor/ExecutorSource$$Lambda$600
instanceKlass org/apache/spark/executor/ExecutorSource$$Lambda$599
instanceKlass org/apache/spark/executor/ExecutorSource$$Lambda$598
instanceKlass org/apache/spark/executor/ExecutorSource$$anon$1
instanceKlass org/apache/spark/executor/ExecutorSource$$Lambda$597
instanceKlass org/apache/hadoop/fs/FileSystem$Statistics
instanceKlass org/apache/spark/executor/ExecutorSource$$Lambda$596
instanceKlass org/apache/spark/executor/ExecutorSource$$anon$6
instanceKlass org/apache/spark/executor/ExecutorSource$$anon$5
instanceKlass org/apache/spark/executor/ExecutorSource$$anon$4
instanceKlass org/apache/spark/executor/ExecutorSource$$anon$3
instanceKlass org/apache/spark/executor/ExecutorSource$$anon$2
instanceKlass org/apache/spark/executor/ExecutorSource
instanceKlass java/util/concurrent/SynchronousQueue$TransferStack$SNode
instanceKlass java/util/concurrent/SynchronousQueue$Transferer
instanceKlass org/apache/spark/executor/Executor$$Lambda$595
instanceKlass org/apache/spark/util/Utils$$$Lambda$594
instanceKlass org/apache/spark/executor/Executor$$Lambda$593
instanceKlass org/apache/spark/executor/Executor$$Lambda$592
instanceKlass org/apache/spark/executor/Executor
instanceKlass org/apache/spark/executor/Executor$
instanceKlass org/apache/spark/scheduler/local/LocalEndpoint
instanceKlass org/apache/spark/Heartbeater$$anon$1
instanceKlass java/lang/Math$RandomNumberGeneratorHolder
instanceKlass org/apache/spark/SparkContext$$Lambda$591
instanceKlass org/apache/spark/Heartbeater
instanceKlass org/apache/spark/executor/ExecutorMetricsSource$$Lambda$590
instanceKlass java/lang/invoke/LambdaForm$DMH
instanceKlass scala/collection/mutable/LinkedEntry
instanceKlass org/apache/spark/metrics/ExecutorMetricType$$$Lambda$589
instanceKlass java/lang/invoke/LambdaForm$DMH
instanceKlass org/apache/spark/metrics/ExecutorMetricType$$$Lambda$588
instanceKlass java/lang/invoke/LambdaForm$DMH
instanceKlass org/apache/spark/metrics/ProcessTreeMetrics$
instanceKlass javax/management/MBeanServerInvocationHandler
instanceKlass java/lang/management/ManagementFactory$1
instanceKlass jdk/management/jfr/FlightRecorderMXBeanImpl$MXBeanListener
instanceKlass jdk/jfr/FlightRecorderListener
instanceKlass jdk/jfr/FlightRecorder
instanceKlass javax/management/NotificationFilter
instanceKlass javax/management/NotificationListener
instanceKlass jdk/jfr/Recording
instanceKlass javax/management/StandardMBean$MBeanInfoSafeAction
instanceKlass jdk/management/jfr/MBeanUtils
instanceKlass jdk/management/jfr/StreamManager
instanceKlass jdk/management/jfr/EventTypeInfo
instanceKlass jdk/management/jfr/RecordingInfo
instanceKlass jdk/management/jfr/ConfigurationInfo
instanceKlass sun/reflect/generics/tree/LongSignature
instanceKlass jdk/management/jfr/SettingDescriptorInfo$1
instanceKlass jdk/management/jfr/SettingDescriptorInfo
instanceKlass jdk/management/jfr/FlightRecorderMXBean
instanceKlass jdk/management/jfr/internal/FlightRecorderMXBeanProvider
instanceKlass sun/management/ExtendedPlatformComponent
instanceKlass sun/management/DiagnosticCommandImpl$Wrapper
instanceKlass sun/management/DiagnosticCommandArgumentInfo
instanceKlass sun/management/DiagnosticCommandInfo
instanceKlass sun/management/DiagnosticCommandImpl$OperationInfoComparator
instanceKlass java/lang/management/ManagementFactory$3
instanceKlass com/sun/management/DiagnosticCommandMBean
instanceKlass com/sun/management/VMOption
instanceKlass sun/management/HotSpotDiagnostic
instanceKlass com/sun/management/HotSpotDiagnosticMXBean
instanceKlass com/sun/management/UnixOperatingSystemMXBean
instanceKlass sun/nio/ch/FileChannelImpl$1
instanceKlass sun/management/ManagementFactoryHelper$1
instanceKlass java/nio/Bits$1$1
instanceKlass sun/misc/JavaNioAccess$BufferPool
instanceKlass java/lang/management/BufferPoolMXBean
instanceKlass javax/management/MBeanInfo$ArrayGettersSafeAction
instanceKlass javax/management/openmbean/OpenMBeanOperationInfo
instanceKlass sun/management/ManagementFactoryHelper$PlatformLoggingImpl
instanceKlass sun/management/ManagementFactoryHelper$LoggingMXBean
instanceKlass java/util/logging/LoggingMXBean
instanceKlass java/lang/management/PlatformLoggingMXBean
instanceKlass java/lang/management/ThreadInfo
instanceKlass sun/management/BaseOperatingSystemImpl
instanceKlass com/sun/management/OperatingSystemMXBean
instanceKlass sun/management/Sensor
instanceKlass sun/management/MemoryPoolImpl
instanceKlass java/lang/management/MemoryPoolMXBean
instanceKlass javax/management/DescriptorKey
instanceKlass com/sun/management/GcInfo
instanceKlass javax/management/openmbean/CompositeDataView
instanceKlass jdk/Exported
instanceKlass com/sun/management/GarbageCollectorMXBean
instanceKlass sun/management/ManagementFactory
instanceKlass java/lang/management/GarbageCollectorMXBean
instanceKlass java/lang/management/MemoryManagerMXBean
instanceKlass com/sun/jmx/mbeanserver/PerInterface$MethodAndSig
instanceKlass java/lang/management/MemoryUsage
instanceKlass sun/management/NotificationEmitterSupport
instanceKlass sun/management/CompilationImpl
instanceKlass sun/management/VMManagementImpl$1
instanceKlass com/sun/jmx/mbeanserver/WeakIdentityHashMap
instanceKlass com/sun/jmx/mbeanserver/MXBeanLookup
instanceKlass com/sun/jmx/mbeanserver/PerInterface$InitMaps
instanceKlass com/sun/jmx/mbeanserver/PerInterface
instanceKlass javax/management/openmbean/OpenMBeanAttributeInfo
instanceKlass javax/management/openmbean/OpenMBeanParameterInfo
instanceKlass com/sun/jmx/mbeanserver/MBeanIntrospector$MBeanInfoMaker
instanceKlass com/sun/jmx/mbeanserver/MBeanAnalyzer$MBeanVisitor
instanceKlass com/sun/jmx/mbeanserver/MBeanAnalyzer$AttrMethods
instanceKlass com/sun/jmx/mbeanserver/MXBeanMapping
instanceKlass javax/management/openmbean/TabularData
instanceKlass javax/management/openmbean/CompositeData
instanceKlass javax/management/openmbean/OpenType
instanceKlass com/sun/jmx/mbeanserver/MXBeanMappingFactory
instanceKlass com/sun/jmx/mbeanserver/ConvertingMethod
instanceKlass com/sun/jmx/mbeanserver/MBeanAnalyzer$MethodOrder
instanceKlass com/sun/jmx/mbeanserver/MBeanAnalyzer
instanceKlass com/sun/jmx/mbeanserver/MBeanIntrospector
instanceKlass javax/management/MXBean
instanceKlass com/sun/jmx/mbeanserver/MBeanSupport
instanceKlass com/sun/jmx/mbeanserver/DescriptorCache
instanceKlass javax/management/JMX
instanceKlass javax/management/StandardMBean
instanceKlass java/lang/management/ManagementFactory$2
instanceKlass sun/management/Util
instanceKlass sun/management/ClassLoadingImpl
instanceKlass java/lang/management/PlatformComponent$15
instanceKlass java/lang/management/PlatformComponent$14
instanceKlass java/lang/management/PlatformComponent$13
instanceKlass java/lang/management/PlatformComponent$12
instanceKlass java/lang/management/PlatformComponent$11
instanceKlass java/lang/management/PlatformComponent$10
instanceKlass java/lang/management/PlatformComponent$9
instanceKlass java/lang/management/PlatformComponent$8
instanceKlass java/lang/management/PlatformComponent$7
instanceKlass java/lang/management/PlatformComponent$6
instanceKlass java/lang/management/PlatformComponent$5
instanceKlass java/lang/management/PlatformComponent$4
instanceKlass java/lang/management/PlatformComponent$3
instanceKlass java/lang/management/PlatformComponent$2
instanceKlass java/lang/management/PlatformComponent$1
instanceKlass java/lang/management/PlatformComponent$MXBeanFetcher
instanceKlass com/sun/jmx/mbeanserver/JmxMBeanServer$3
instanceKlass javax/management/ObjectInstance
instanceKlass com/sun/jmx/mbeanserver/NamedObject
instanceKlass com/sun/jmx/interceptor/DefaultMBeanServerInterceptor$ResourceContext$1
instanceKlass com/sun/jmx/interceptor/DefaultMBeanServerInterceptor$ResourceContext
instanceKlass com/sun/jmx/mbeanserver/Repository$RegistrationContext
instanceKlass com/sun/jmx/mbeanserver/DynamicMBean2
instanceKlass com/sun/jmx/defaults/JmxProperties
instanceKlass com/sun/jmx/mbeanserver/Introspector
instanceKlass com/sun/jmx/mbeanserver/JmxMBeanServer$2
instanceKlass com/sun/jmx/interceptor/DefaultMBeanServerInterceptor
instanceKlass com/sun/jmx/interceptor/MBeanServerInterceptor
instanceKlass com/sun/jmx/mbeanserver/Repository
instanceKlass com/sun/jmx/mbeanserver/JmxMBeanServer$1
instanceKlass com/sun/jmx/mbeanserver/SecureClassLoaderRepository
instanceKlass com/sun/jmx/mbeanserver/MBeanInstantiator
instanceKlass com/sun/jmx/mbeanserver/ClassLoaderRepositorySupport$LoaderEntry
instanceKlass com/sun/jmx/mbeanserver/ClassLoaderRepositorySupport
instanceKlass com/sun/jmx/mbeanserver/ModifiableClassLoaderRepository
instanceKlass javax/management/loading/ClassLoaderRepository
instanceKlass javax/management/ImmutableDescriptor
instanceKlass javax/management/Descriptor
instanceKlass com/sun/jmx/remote/util/ClassLogger
instanceKlass javax/management/NotificationBroadcasterSupport$1
instanceKlass javax/management/NotificationBroadcasterSupport
instanceKlass java/util/ComparableTimSort
instanceKlass javax/management/ObjectName$Property
instanceKlass javax/management/ObjectName
instanceKlass javax/management/QueryExp
instanceKlass com/sun/jmx/mbeanserver/Util
instanceKlass javax/management/MBeanInfo
instanceKlass javax/management/MBeanFeatureInfo
instanceKlass javax/management/DescriptorRead
instanceKlass javax/management/MBeanServerDelegate
instanceKlass javax/management/NotificationEmitter
instanceKlass javax/management/NotificationBroadcaster
instanceKlass javax/management/MBeanServerDelegateMBean
instanceKlass javax/management/MBeanRegistration
instanceKlass javax/management/DynamicMBean
instanceKlass com/sun/jmx/mbeanserver/JmxMBeanServer
instanceKlass com/sun/jmx/mbeanserver/SunJmxMBeanServer
instanceKlass javax/management/MBeanServerBuilder
instanceKlass com/sun/jmx/mbeanserver/GetPropertyAction
instanceKlass javax/management/MBeanServerFactory
instanceKlass org/apache/spark/metrics/MBeanExecutorMetricType
instanceKlass org/apache/spark/metrics/MemoryManagerExecutorMetricType
instanceKlass org/apache/spark/metrics/JVMOffHeapMemory$
instanceKlass org/apache/spark/metrics/JVMHeapMemory$
instanceKlass org/apache/spark/metrics/SingleValueExecutorMetricType
instanceKlass org/apache/spark/metrics/ExecutorMetricType$
instanceKlass org/apache/spark/executor/ExecutorMetricsSource
instanceKlass java/util/concurrent/BlockingDeque
instanceKlass org/apache/spark/util/EventLoop
instanceKlass org/apache/spark/scheduler/DAGSchedulerSource$$anon$5
instanceKlass org/apache/spark/scheduler/DAGSchedulerSource$$anon$4
instanceKlass org/apache/spark/scheduler/DAGSchedulerSource$$anon$3
instanceKlass org/apache/spark/scheduler/DAGSchedulerSource$$anon$2
instanceKlass org/apache/spark/scheduler/DAGSchedulerSource$$anon$1
instanceKlass org/apache/spark/scheduler/DAGSchedulerSource
instanceKlass org/apache/spark/scheduler/DAGScheduler$
instanceKlass org/apache/spark/scheduler/JobListener
instanceKlass org/apache/spark/scheduler/JobResult
instanceKlass org/apache/spark/scheduler/Stage
instanceKlass org/apache/spark/scheduler/DAGScheduler
instanceKlass org/apache/spark/scheduler/FIFOSchedulableBuilder
instanceKlass org/apache/spark/launcher/LauncherBackend$$Lambda$587
instanceKlass org/apache/spark/launcher/LauncherBackend$$Lambda$586
instanceKlass org/apache/spark/launcher/LauncherBackend$$Lambda$585
instanceKlass org/apache/spark/launcher/LauncherProtocol$Message
instanceKlass org/apache/spark/scheduler/local/LocalSchedulerBackend$$Lambda$584
instanceKlass org/apache/spark/scheduler/local/LocalSchedulerBackend$$Lambda$583
instanceKlass org/apache/spark/scheduler/local/LocalSchedulerBackend$$Lambda$582
instanceKlass org/apache/spark/launcher/LauncherBackend
instanceKlass org/apache/spark/scheduler/local/LocalSchedulerBackend
instanceKlass org/apache/spark/executor/ExecutorBackend
instanceKlass org/apache/spark/scheduler/TaskResultGetter
instanceKlass org/apache/spark/scheduler/FIFOSchedulingAlgorithm
instanceKlass org/apache/spark/scheduler/SchedulingAlgorithm
instanceKlass org/apache/spark/scheduler/Pool
instanceKlass scala/Enumeration$ValueSet$$Lambda$581
instanceKlass scala/Enumeration$$Lambda$580
instanceKlass scala/collection/mutable/SortedSet
instanceKlass scala/Enumeration$ValueSet$$anon$1
instanceKlass org/apache/spark/rpc/netty/NettyRpcEnv$$Lambda$579
instanceKlass scala/concurrent/Future$$Lambda$578
instanceKlass scala/concurrent/BatchingExecutor$Batch$$Lambda$577
instanceKlass scala/concurrent/BlockContext$DefaultBlockContext$
instanceKlass scala/concurrent/BlockContext$
instanceKlass scala/concurrent/BatchingExecutor$Batch
instanceKlass scala/concurrent/BlockContext
instanceKlass scala/concurrent/impl/Promise$$Lambda$576
instanceKlass scala/collection/BitSet
instanceKlass scala/concurrent/Future$$Lambda$575
instanceKlass scala/concurrent/Future$$Lambda$574
instanceKlass scala/concurrent/impl/Promise$KeptPromise$Successful
instanceKlass scala/concurrent/impl/Promise$KeptPromise$Kept
instanceKlass org/apache/spark/rpc/netty/RpcFailure
instanceKlass scala/concurrent/impl/Promise$
instanceKlass scala/collection/BitSetLike
instanceKlass scala/concurrent/impl/Promise$KeptPromise$
instanceKlass java/lang/invoke/LambdaForm$MH
instanceKlass java/lang/invoke/LambdaForm$DMH
instanceKlass java/lang/invoke/LambdaForm$DMH
instanceKlass scala/concurrent/Future$
instanceKlass org/apache/spark/HeartbeatReceiver$$Lambda$573
instanceKlass scala/collection/immutable/BitSet$
instanceKlass scala/collection/generic/BitSetFactory
instanceKlass java/lang/invoke/LambdaForm$DMH
instanceKlass org/apache/spark/HeartbeatReceiver$$Lambda$572
instanceKlass scala/concurrent/Future$InternalCallbackExecutor$
instanceKlass scala/concurrent/BatchingExecutor
instanceKlass org/apache/spark/HeartbeatReceiver$$Lambda$571
instanceKlass org/apache/spark/TaskSchedulerIsSet$
instanceKlass org/apache/spark/ExecutorRemoved
instanceKlass java/util/Timer$1
instanceKlass org/apache/spark/ExecutorRegistered
instanceKlass org/apache/spark/rpc/AbortableRpcFuture
instanceKlass java/util/TaskQueue
instanceKlass org/apache/spark/rpc/netty/Inbox$$Lambda$570
instanceKlass org/apache/spark/rpc/netty/NettyRpcEnv$$Lambda$569
instanceKlass java/util/Timer
instanceKlass org/apache/spark/rpc/netty/NettyRpcEnv$$anon$1
instanceKlass org/apache/spark/SparkConf$$Lambda$568
instanceKlass java/lang/invoke/LambdaForm$DMH
instanceKlass org/apache/spark/rpc/netty/Dispatcher$$Lambda$567
instanceKlass scala/concurrent/impl/CallbackRunnable
instanceKlass scala/concurrent/OnCompleteRunnable
instanceKlass org/apache/spark/rpc/netty/NettyRpcEnv$$Lambda$566
instanceKlass org/apache/spark/scheduler/Schedulable
instanceKlass scala/concurrent/impl/Promise
instanceKlass org/apache/spark/scheduler/SchedulableBuilder
instanceKlass org/apache/spark/scheduler/TaskSchedulerImpl
instanceKlass org/apache/spark/scheduler/TaskScheduler
instanceKlass scala/concurrent/Promise
instanceKlass scala/concurrent/Promise$
instanceKlass org/apache/spark/rpc/netty/RequestMessage
instanceKlass org/apache/spark/SparkContext$$$Lambda$565
instanceKlass org/apache/spark/SparkContext$$$Lambda$564
instanceKlass org/apache/spark/ExpireDeadHosts$
instanceKlass org/apache/spark/SparkContext$$$Lambda$563
instanceKlass org/apache/spark/HeartbeatReceiver$$Lambda$562
instanceKlass scala/concurrent/Future
instanceKlass org/apache/spark/resource/ResourceUtils$$$Lambda$561
instanceKlass org/apache/spark/resource/ResourceRequirement
instanceKlass org/apache/spark/resource/ResourceUtils$$$Lambda$560
instanceKlass org/apache/spark/resource/ResourceUtils$$$Lambda$559
instanceKlass org/apache/spark/api/plugin/SparkPlugin
instanceKlass org/apache/spark/internal/plugin/PluginContainer$$$Lambda$558
instanceKlass org/apache/spark/rpc/RpcEndpoint$$Lambda$557
instanceKlass org/apache/spark/internal/plugin/PluginContainer$$$Lambda$556
instanceKlass org/apache/spark/HeartbeatReceiver$$Lambda$555
instanceKlass scala/collection/convert/DecorateAsJava$$Lambda$554
instanceKlass scala/collection/convert/Decorators$AsJava
instanceKlass org/apache/spark/internal/plugin/PluginContainer$
instanceKlass org/apache/spark/HeartbeatReceiver$$Lambda$553
instanceKlass org/apache/spark/HeartbeatReceiver$$Lambda$552
instanceKlass org/apache/spark/HeartbeatReceiver$$Lambda$551
instanceKlass org/apache/spark/util/SystemClock
instanceKlass org/apache/spark/util/Clock
instanceKlass org/apache/spark/HeartbeatReceiver$
instanceKlass org/apache/spark/SparkContext$$Lambda$550
instanceKlass org/apache/spark/shuffle/sort/io/LocalDiskShuffleDriverComponents
instanceKlass org/apache/spark/shuffle/ShuffleDataIOUtils$$$Lambda$549
instanceKlass org/apache/spark/util/Utils$$$Lambda$548
instanceKlass org/apache/spark/util/Utils$$$Lambda$547
instanceKlass org/apache/spark/shuffle/api/ShuffleDriverComponents
instanceKlass org/apache/spark/shuffle/api/ShuffleExecutorComponents
instanceKlass org/apache/spark/util/Utils$$$Lambda$546
instanceKlass org/apache/spark/shuffle/ShuffleDataIOUtils$
instanceKlass org/apache/spark/SparkContext$$Lambda$545
instanceKlass org/apache/spark/SparkContext$$Lambda$544
instanceKlass org/apache/spark/SparkContext$$Lambda$543
instanceKlass org/apache/spark/SparkContext$$Lambda$542
instanceKlass org/apache/spark/SparkContext$$Lambda$541
instanceKlass org/apache/spark/SparkContext$$Lambda$540
instanceKlass org/apache/spark/SparkContext$$Lambda$539
instanceKlass org/apache/spark/SparkContext$$Lambda$538
instanceKlass org/apache/spark/SparkContext$$Lambda$537
instanceKlass org/apache/spark/SparkContext$$Lambda$536
instanceKlass org/apache/spark/SparkContext$$Lambda$535
instanceKlass org/apache/spark/SparkContext$$Lambda$534
instanceKlass org/apache/spark/ui/WebUI$$Lambda$533
instanceKlass org/sparkproject/jetty/http/HttpContent
instanceKlass org/sparkproject/jetty/server/ResourceContentFactory
instanceKlass org/sparkproject/jetty/util/resource/Resource
instanceKlass org/sparkproject/jetty/server/ResourceService$$Lambda$532
instanceKlass org/sparkproject/jetty/server/ResourceService$$Lambda$531
instanceKlass org/sparkproject/jetty/server/handler/gzip/GzipHttpOutputInterceptor
instanceKlass org/sparkproject/jetty/server/DeflaterPool
instanceKlass org/sparkproject/jetty/servlet/Holder$HolderRegistration
instanceKlass javax/servlet/annotation/ServletSecurity
instanceKlass java/util/stream/StreamSpliterators$WrappingSpliterator$$Lambda$530
instanceKlass java/lang/invoke/LambdaForm$DMH
instanceKlass org/sparkproject/jetty/servlet/Holder$HolderConfig
instanceKlass org/sparkproject/jetty/servlet/ServletHandler$$Lambda$529
instanceKlass java/util/stream/StreamSpliterators$AbstractWrappingSpliterator
instanceKlass java/util/stream/AbstractPipeline$$Lambda$528
instanceKlass org/sparkproject/jetty/servlet/ServletContextHandler$ServletContainerInitializerCaller
instanceKlass org/sparkproject/jetty/server/handler/ContextHandlerCollection$Branch
instanceKlass org/sparkproject/jetty/http/pathmap/PathMappings$1
instanceKlass org/sparkproject/jetty/http/pathmap/MappedResource
instanceKlass org/sparkproject/jetty/http/MimeTypes$$Lambda$527
instanceKlass org/sparkproject/jetty/http/MimeTypes$$Lambda$526
instanceKlass org/sparkproject/jetty/http/MimeTypes$$Lambda$525
instanceKlass org/sparkproject/jetty/http/MimeTypes$$Lambda$524
instanceKlass org/sparkproject/jetty/http/MimeTypes
instanceKlass org/sparkproject/jetty/http/pathmap/PathMappings
instanceKlass org/sparkproject/jetty/util/IncludeExcludeSet$SetContainsPredicate
instanceKlass org/sparkproject/jetty/util/IncludeExcludeSet
instanceKlass org/sparkproject/jetty/server/HttpOutput$Interceptor
instanceKlass org/sparkproject/jetty/server/HttpInput$Interceptor
instanceKlass org/sparkproject/jetty/servlet/FilterMapping
instanceKlass javax/servlet/FilterRegistration$Dynamic
instanceKlass javax/servlet/FilterConfig
instanceKlass org/apache/spark/ui/HttpSecurityFilter
instanceKlass org/apache/spark/ui/ServerInfo$$Lambda$523
instanceKlass org/apache/spark/ui/JettyUtils$$$Lambda$522
instanceKlass org/apache/spark/ui/WebUI$$Lambda$521
instanceKlass org/sparkproject/jetty/server/AbstractConnector$Acceptor
instanceKlass java/util/ArrayDeque$DeqIterator
instanceKlass org/sparkproject/jetty/util/thread/strategy/EatWhatYouKill$1
instanceKlass org/sparkproject/jetty/io/ManagedSelector$Start
instanceKlass org/sparkproject/jetty/io/ManagedSelector$$Lambda$520
instanceKlass java/lang/invoke/LambdaForm$DMH
instanceKlass org/sparkproject/jetty/io/ManagedSelector$SelectorProducer
instanceKlass org/sparkproject/jetty/util/thread/ExecutionStrategy
instanceKlass org/sparkproject/jetty/util/thread/ExecutionStrategy$Producer
instanceKlass org/sparkproject/jetty/util/thread/ScheduledExecutorScheduler$1
instanceKlass org/sparkproject/jetty/io/SelectorManager$$Lambda$519
instanceKlass java/util/function/IntUnaryOperator
instanceKlass java/lang/invoke/LambdaForm$DMH
instanceKlass org/sparkproject/jetty/io/ManagedSelector$SelectorUpdate
instanceKlass org/sparkproject/jetty/io/ByteBufferPool$Bucket
instanceKlass org/sparkproject/jetty/io/AbstractByteBufferPool
instanceKlass org/sparkproject/jetty/util/component/Graceful$Shutdown
instanceKlass org/sparkproject/jetty/io/IdleTimeout
instanceKlass org/sparkproject/jetty/io/EndPoint
instanceKlass org/sparkproject/jetty/io/ManagedSelector$Selectable
instanceKlass org/sparkproject/jetty/io/ByteBufferPool
instanceKlass org/sparkproject/jetty/server/NetworkConnector
instanceKlass org/sparkproject/jetty/http/HttpParser
instanceKlass org/sparkproject/jetty/io/Connection$UpgradeTo
instanceKlass org/sparkproject/jetty/io/Connection$UpgradeFrom
instanceKlass org/sparkproject/jetty/io/WriteFlusher$Listener
instanceKlass org/sparkproject/jetty/server/HttpTransport
instanceKlass org/sparkproject/jetty/io/AbstractConnection
instanceKlass org/sparkproject/jetty/io/Connection
instanceKlass org/sparkproject/jetty/server/HttpConfiguration$Customizer
instanceKlass org/sparkproject/jetty/server/HttpConfiguration$ConnectionFactory
instanceKlass org/sparkproject/jetty/server/ConnectionFactory
instanceKlass java/lang/invoke/LambdaForm$MH
instanceKlass org/apache/spark/ui/JettyUtils$$$Lambda$518
instanceKlass java/lang/invoke/LambdaForm$MH
instanceKlass java/lang/invoke/LambdaForm$DMH
instanceKlass java/lang/invoke/LambdaForm$DMH
instanceKlass org/apache/spark/ui/JettyUtils$$$Lambda$517
instanceKlass java/lang/invoke/LambdaForm$DMH
instanceKlass org/apache/spark/ui/JettyUtils$$$Lambda$516
instanceKlass java/util/stream/ReduceOps$5ReducingSink
instanceKlass java/util/stream/Sink$OfInt
instanceKlass java/util/stream/IntPipeline$$Lambda$515
instanceKlass java/util/function/IntBinaryOperator
instanceKlass java/lang/invoke/LambdaForm$DMH
instanceKlass org/sparkproject/jetty/util/thread/ThreadPoolBudget$$Lambda$514
instanceKlass java/lang/invoke/LambdaForm$DMH
instanceKlass org/sparkproject/jetty/util/thread/ThreadPoolBudget$Leased
instanceKlass java/util/concurrent/ConcurrentLinkedDeque$Node
instanceKlass org/sparkproject/jetty/util/ProcessorUtils
instanceKlass org/sparkproject/jetty/util/thread/ReservedThreadExecutor$1
instanceKlass org/sparkproject/jetty/http/HttpStatus
instanceKlass org/sparkproject/jetty/http/HttpGenerator$PreparedResponse
instanceKlass org/sparkproject/jetty/util/BufferUtil
instanceKlass org/sparkproject/jetty/http/MetaData
instanceKlass org/sparkproject/jetty/http/HttpFields
instanceKlass org/sparkproject/jetty/http/HttpGenerator
instanceKlass org/sparkproject/jetty/server/HttpConfiguration
instanceKlass org/sparkproject/jetty/server/ShutdownMonitor$Holder
instanceKlass org/sparkproject/jetty/server/ShutdownMonitor
instanceKlass org/sparkproject/jetty/server/handler/ErrorHandler$ErrorPageMapper
instanceKlass org/sparkproject/jetty/util/thread/Scheduler$Task
instanceKlass org/sparkproject/jetty/util/thread/SerializedExecutor
instanceKlass org/sparkproject/jetty/server/handler/HandlerCollection$Handlers
instanceKlass org/sparkproject/jetty/util/thread/Locker$Lock
instanceKlass org/sparkproject/jetty/util/thread/Locker
instanceKlass org/sparkproject/jetty/util/thread/ThreadPoolBudget$1
instanceKlass org/sparkproject/jetty/util/thread/ThreadPoolBudget$Lease
instanceKlass org/sparkproject/jetty/util/thread/ThreadPoolBudget
instanceKlass org/sparkproject/jetty/util/MemoryUtils$1
instanceKlass org/sparkproject/jetty/util/MemoryUtils
instanceKlass org/sparkproject/jetty/util/thread/QueuedThreadPool$Runner
instanceKlass org/sparkproject/jetty/util/thread/QueuedThreadPool$$Lambda$513
instanceKlass org/sparkproject/jetty/util/thread/TryExecutor$1
instanceKlass org/sparkproject/jetty/util/thread/TryExecutor
instanceKlass org/sparkproject/jetty/util/thread/ThreadPool$SizedThreadPool
instanceKlass org/apache/spark/ui/WebUI$$Lambda$512
instanceKlass org/apache/spark/ui/WebUI$$Lambda$511
instanceKlass org/apache/spark/SparkContext$$Lambda$510
instanceKlass org/apache/spark/ui/SparkUI$$Lambda$509
instanceKlass org/apache/spark/ui/SparkUI$$Lambda$508
instanceKlass org/apache/spark/ui/SparkUI$$Lambda$507
instanceKlass org/apache/spark/storage/BlockManager$RemoteBlockDownloadFileManager$$Lambda$506
instanceKlass org/apache/spark/ui/SparkUI$$Lambda$505
instanceKlass org/apache/spark/storage/BlockManager$RemoteBlockDownloadFileManager$$Lambda$504
instanceKlass org/apache/spark/status/api/v1/UIRootFromServletContext$
instanceKlass org/glassfish/jersey/server/spi/Container
instanceKlass javax/servlet/Filter
instanceKlass org/apache/spark/status/api/v1/ApiRootResource$
instanceKlass org/apache/spark/ui/JettyUtils$$$Lambda$503
instanceKlass org/sparkproject/jetty/http/CompressedContentFormat
instanceKlass org/sparkproject/jetty/util/AbstractTrie
instanceKlass org/sparkproject/jetty/util/StringUtil
instanceKlass org/sparkproject/jetty/util/Trie
instanceKlass org/sparkproject/jetty/http/Http1FieldPreEncoder
instanceKlass org/sparkproject/jetty/http/HttpFieldPreEncoder
instanceKlass org/sparkproject/jetty/util/Callback
instanceKlass org/sparkproject/jetty/util/thread/Invocable
instanceKlass org/sparkproject/jetty/server/ResourceService
instanceKlass org/sparkproject/jetty/http/HttpContent$ContentFactory
instanceKlass org/sparkproject/jetty/server/ResourceService$WelcomeFactory
instanceKlass org/sparkproject/jetty/util/resource/ResourceFactory
instanceKlass org/apache/spark/ui/storage/ToolTips$
instanceKlass scala/xml/NodeBuffer$$Lambda$502
instanceKlass org/apache/spark/ui/jobs/StagePage$$Lambda$501
instanceKlass scala/collection/IterableLike$$Lambda$500
instanceKlass org/apache/spark/ui/WebUI$$Lambda$499
instanceKlass org/apache/spark/ui/WebUI$$Lambda$498
instanceKlass org/apache/spark/ui/ServerInfo
instanceKlass org/apache/spark/ui/JettyUtils$$$Lambda$497
instanceKlass org/apache/spark/ui/WebUI$$Lambda$496
instanceKlass org/sparkproject/jetty/servlet/ServletMapping
instanceKlass org/sparkproject/jetty/util/ArrayUtil
instanceKlass org/sparkproject/jetty/util/URIUtil
instanceKlass javax/servlet/SingleThreadModel
instanceKlass org/sparkproject/jetty/servlet/Holder$1
instanceKlass org/sparkproject/jetty/servlet/Source
instanceKlass javax/servlet/ServletRegistration$Dynamic
instanceKlass javax/servlet/Registration$Dynamic
instanceKlass org/sparkproject/jetty/util/component/ContainerLifeCycle$1
instanceKlass org/sparkproject/jetty/util/component/Container$Listener
instanceKlass org/sparkproject/jetty/util/component/ContainerLifeCycle$Bean
instanceKlass org/sparkproject/jetty/server/UserIdentity$Scope
instanceKlass javax/servlet/FilterChain
instanceKlass org/sparkproject/jetty/http/pathmap/PathSpec
instanceKlass org/sparkproject/jetty/util/DeprecationWarning
instanceKlass org/sparkproject/jetty/util/DecoratedObjectFactory
instanceKlass javax/servlet/FilterRegistration
instanceKlass javax/servlet/ServletRegistration
instanceKlass javax/servlet/Registration
instanceKlass org/sparkproject/jetty/security/ConstraintAware
instanceKlass org/sparkproject/jetty/server/handler/ContextHandler$ApproveNonExistentDirectoryAliases
instanceKlass javax/servlet/RequestDispatcher
instanceKlass java/time/Instant$1
instanceKlass java/time/format/DateTimePrintContext
instanceKlass java/time/Instant
instanceKlass org/sparkproject/jetty/util/Jetty
instanceKlass org/sparkproject/jetty/http/HttpField
instanceKlass javax/servlet/ServletRequestAttributeListener
instanceKlass javax/servlet/ServletRequestListener
instanceKlass javax/servlet/ServletContextAttributeListener
instanceKlass javax/servlet/ServletContextListener
instanceKlass org/sparkproject/jetty/util/Uptime$DefaultImpl
instanceKlass org/sparkproject/jetty/util/Uptime$Impl
instanceKlass org/sparkproject/jetty/util/Uptime
instanceKlass org/sparkproject/jetty/util/log/JettyAwareLogger
instanceKlass org/sparkproject/jetty/util/log/AbstractLogger
instanceKlass org/sparkproject/jetty/util/Loader
instanceKlass org/sparkproject/jetty/util/log/Log$1
instanceKlass org/sparkproject/jetty/util/log/Logger
instanceKlass org/sparkproject/jetty/util/log/Log
instanceKlass org/sparkproject/jetty/server/handler/gzip/GzipFactory
instanceKlass org/sparkproject/jetty/security/Authenticator$AuthConfiguration
instanceKlass org/sparkproject/jetty/util/Decorator
instanceKlass org/sparkproject/jetty/util/AttributesMap
instanceKlass javax/servlet/ServletContext
instanceKlass org/sparkproject/jetty/server/handler/ContextHandler$AliasCheck
instanceKlass org/sparkproject/jetty/util/component/AbstractLifeCycle
instanceKlass org/sparkproject/jetty/util/component/Dumpable
instanceKlass org/sparkproject/jetty/server/HandlerContainer
instanceKlass org/sparkproject/jetty/util/Attributes
instanceKlass java/util/ResourceBundle$Control$1
instanceKlass javax/servlet/http/HttpServletResponse
instanceKlass javax/servlet/ServletResponse
instanceKlass org/apache/spark/ui/JettyUtils$$$Lambda$495
instanceKlass org/apache/spark/ui/JettyUtils$ServletParams
instanceKlass org/apache/spark/ui/WebUI$$Lambda$494
instanceKlass javax/servlet/http/HttpServletRequest
instanceKlass javax/servlet/ServletRequest
instanceKlass javax/servlet/GenericServlet
instanceKlass javax/servlet/ServletConfig
instanceKlass org/sparkproject/jetty/util/thread/Scheduler
instanceKlass org/sparkproject/jetty/server/Connector
instanceKlass org/sparkproject/jetty/util/component/Graceful
instanceKlass org/sparkproject/jetty/util/component/Container
instanceKlass org/sparkproject/jetty/server/Handler
instanceKlass org/sparkproject/jetty/util/component/Destroyable
instanceKlass org/sparkproject/jetty/util/component/LifeCycle
instanceKlass org/sparkproject/jetty/util/thread/ThreadPool
instanceKlass org/apache/spark/ui/JettyUtils$
instanceKlass org/apache/spark/ui/WebUI$$Lambda$493
instanceKlass org/apache/spark/ui/jobs/JobPage$$Lambda$492
instanceKlass org/apache/spark/ui/jobs/JobPage$$Lambda$491
instanceKlass org/apache/spark/ui/jobs/AllJobsPage$$Lambda$490
instanceKlass org/apache/spark/ui/jobs/AllJobsPage$$Lambda$489
instanceKlass scala/collection/SeqLike$$Lambda$488
instanceKlass scala/collection/immutable/StringLike$$Lambda$487
instanceKlass scala/collection/generic/GenMapFactory$MapCanBuildFrom
instanceKlass scala/xml/Utility$Escapes$$$Lambda$486
instanceKlass scala/xml/Utility$Escapes$
instanceKlass scala/xml/Utility$$$Lambda$485
instanceKlass java/lang/invoke/LambdaForm$MH
instanceKlass java/lang/invoke/LambdaForm$DMH
instanceKlass java/lang/invoke/LambdaForm$DMH
instanceKlass scala/xml/Utility$$$Lambda$484
instanceKlass java/lang/invoke/LambdaForm$DMH
instanceKlass scala/xml/Utility$$$Lambda$483
instanceKlass scala/xml/Utility$
instanceKlass scala/xml/parsing/TokenTests
instanceKlass scala/xml/MetaData$
instanceKlass scala/xml/Text$
instanceKlass scala/xml/ScalaVersionSpecificNodeBuffer
instanceKlass scala/xml/ScalaVersionSpecificNodeSeq
instanceKlass scala/xml/pull/XMLEvent
instanceKlass scala/xml/NamespaceBinding
instanceKlass scala/xml/Attribute
instanceKlass scala/xml/Equality
instanceKlass org/json4s/JsonAST$JValue
instanceKlass org/json4s/Diff$Diffable
instanceKlass scala/runtime/RichChar$
instanceKlass org/apache/spark/ui/WebUIPage
instanceKlass org/apache/spark/ui/SparkUI$$Lambda$482
instanceKlass org/apache/spark/ui/SparkUI$$Lambda$481
instanceKlass org/apache/spark/ui/WebUI$$Lambda$480
instanceKlass org/apache/spark/SecurityManager$$Lambda$479
instanceKlass org/apache/spark/ui/WebUITab
instanceKlass javax/servlet/Servlet
instanceKlass org/apache/spark/ui/WebUI
instanceKlass org/apache/spark/status/api/v1/UIRoot
instanceKlass org/apache/spark/ui/SparkUI$
instanceKlass org/apache/spark/SparkStatusTracker
instanceKlass org/apache/spark/SparkContext$$Lambda$478
instanceKlass scala/util/Random
instanceKlass org/apache/spark/util/Utils$$$Lambda$477
instanceKlass org/apache/spark/util/Utils$$$Lambda$476
instanceKlass scala/util/control/NonFatal$
instanceKlass org/apache/spark/util/Utils$$$Lambda$475
instanceKlass scala/util/Try$
instanceKlass org/apache/spark/util/Utils$$$Lambda$474
instanceKlass org/apache/spark/SparkEnv
instanceKlass org/apache/spark/scheduler/OutputCommitCoordinator$OutputCommitCoordinatorEndpoint$$Lambda$473
instanceKlass org/apache/spark/SparkEnv$$$Lambda$472
instanceKlass org/apache/spark/scheduler/OutputCommitCoordinator$OutputCommitCoordinatorEndpoint
instanceKlass org/apache/spark/SparkEnv$$$Lambda$471
instanceKlass org/apache/spark/scheduler/OutputCommitCoordinator
instanceKlass org/apache/spark/metrics/MetricsConfig$$Lambda$470
instanceKlass org/apache/spark/metrics/MetricsConfig$$Lambda$469
instanceKlass org/apache/spark/metrics/MetricsConfig$$Lambda$468
instanceKlass org/apache/spark/metrics/MetricsConfig$$Lambda$467
instanceKlass org/apache/spark/metrics/MetricsConfig$$Lambda$466
instanceKlass org/apache/spark/metrics/MetricsConfig$$Lambda$465
instanceKlass org/apache/spark/metrics/MetricsConfig$$Lambda$464
instanceKlass org/apache/spark/metrics/MetricsConfig$$Lambda$463
instanceKlass scala/collection/convert/DecorateAsScala$$Lambda$462
instanceKlass org/apache/spark/metrics/MetricsConfig$$Lambda$461
instanceKlass org/apache/spark/metrics/MetricsConfig
instanceKlass org/apache/spark/metrics/MetricsSystem
instanceKlass org/apache/spark/metrics/MetricsSystemInstances$
instanceKlass org/apache/spark/metrics/MetricsSystem$
instanceKlass org/apache/spark/network/shuffle/DownloadFile
instanceKlass org/apache/spark/storage/BlockManager$RemoteBlockDownloadFileManager
instanceKlass org/apache/spark/storage/BlockManagerSlaveEndpoint
instanceKlass org/apache/spark/util/IdGenerator
instanceKlass org/apache/spark/storage/BlockManager$
instanceKlass org/apache/spark/storage/BlockManager$$Lambda$460
instanceKlass org/apache/spark/storage/DiskStore
instanceKlass org/apache/spark/storage/memory/MemoryStore$$Lambda$459
instanceKlass scala/collection/mutable/HashMap$$anon$2$$Lambda$458
instanceKlass scala/collection/TraversableOnce$$Lambda$457
instanceKlass scala/math/Numeric$Ops
instanceKlass scala/math/Numeric$LongIsIntegral$
instanceKlass scala/math/Ordering$LongOrdering
instanceKlass scala/math/Numeric$LongIsIntegral
instanceKlass scala/math/Integral
instanceKlass org/apache/spark/storage/memory/ValuesHolder
instanceKlass org/apache/spark/storage/memory/MemoryStore
instanceKlass org/apache/spark/storage/BlockInfoManager$$Lambda$456
instanceKlass org/apache/spark/storage/BlockInfo$
instanceKlass scala/collection/mutable/MultiMap
instanceKlass org/apache/spark/storage/BlockInfoManager
instanceKlass org/apache/spark/storage/DiskBlockManager$$Lambda$455
instanceKlass org/apache/spark/util/SparkShutdownHook
instanceKlass org/apache/hadoop/util/ShutdownHookManager$HookEntry
instanceKlass org/apache/hadoop/util/ShutdownHookManager
instanceKlass org/apache/spark/util/SparkShutdownHookManager$$anon$2
instanceKlass org/apache/spark/util/SparkShutdownHookManager
instanceKlass org/apache/spark/util/ShutdownHookManager$$$Lambda$454
instanceKlass java/lang/invoke/LambdaForm$DMH
instanceKlass org/apache/spark/util/ShutdownHookManager$$$Lambda$453
instanceKlass org/apache/spark/util/ShutdownHookManager$
instanceKlass org/apache/spark/storage/DiskBlockManager$$Lambda$452
instanceKlass org/apache/spark/storage/DiskBlockManager$$Lambda$451
instanceKlass org/apache/spark/storage/DiskBlockManager$$Lambda$450
instanceKlass org/apache/spark/storage/DiskBlockManager$$Lambda$449
instanceKlass java/util/UUID$Holder
instanceKlass java/util/UUID
instanceKlass org/apache/spark/storage/DiskBlockManager$$Lambda$448
instanceKlass org/apache/spark/storage/DiskBlockManager
instanceKlass org/apache/spark/storage/BlockData
instanceKlass org/apache/spark/network/shuffle/DownloadFileManager
instanceKlass org/apache/spark/network/client/StreamCallbackWithID
instanceKlass org/apache/spark/storage/BlockManager
instanceKlass org/apache/spark/storage/memory/BlockEvictionHandler
instanceKlass org/apache/spark/network/BlockDataManager
instanceKlass org/apache/spark/network/shuffle/RetryingBlockFetcher$BlockFetchStarter
instanceKlass org/apache/spark/network/shuffle/BlockFetchingListener
instanceKlass org/apache/spark/SparkEnv$$$Lambda$447
instanceKlass org/apache/spark/storage/BlockManagerMasterHeartbeatEndpoint
instanceKlass java/util/concurrent/FutureTask$WaitNode
instanceKlass java/util/concurrent/FutureTask
instanceKlass org/apache/spark/rpc/netty/DedicatedMessageLoop$$Lambda$446
instanceKlass org/apache/spark/storage/StorageUtils$$$Lambda$445
instanceKlass org/apache/spark/storage/StorageUtils$
instanceKlass org/apache/spark/storage/BlockManagerMasterEndpoint$$Lambda$444
instanceKlass org/apache/spark/storage/BlockManagerMasterEndpoint$$Lambda$443
instanceKlass org/sparkproject/guava/cache/LocalCache$AbstractReferenceEntry
instanceKlass org/sparkproject/guava/cache/RemovalListener
instanceKlass org/sparkproject/guava/cache/Weigher
instanceKlass org/sparkproject/guava/cache/LocalCache$StrongValueReference
instanceKlass org/sparkproject/guava/cache/LocalCache$1
instanceKlass org/sparkproject/guava/util/concurrent/ListenableFuture
instanceKlass org/sparkproject/guava/util/concurrent/AbstractListeningExecutorService
instanceKlass org/sparkproject/guava/util/concurrent/ListeningScheduledExecutorService
instanceKlass org/sparkproject/guava/util/concurrent/ListeningExecutorService
instanceKlass org/sparkproject/guava/util/concurrent/MoreExecutors
instanceKlass org/sparkproject/guava/cache/LocalCache$ReferenceEntry
instanceKlass org/sparkproject/guava/cache/LocalCache$ValueReference
instanceKlass org/sparkproject/guava/cache/LocalCache$LocalManualCache
instanceKlass org/sparkproject/guava/cache/CacheBuilder$2
instanceKlass org/sparkproject/guava/cache/CacheStats
instanceKlass org/sparkproject/guava/base/Suppliers$SupplierOfInstance
instanceKlass org/sparkproject/guava/base/Suppliers
instanceKlass org/sparkproject/guava/cache/CacheBuilder$1
instanceKlass org/sparkproject/guava/cache/AbstractCache$StatsCounter
instanceKlass org/sparkproject/guava/base/Supplier
instanceKlass org/sparkproject/guava/cache/LoadingCache
instanceKlass org/sparkproject/guava/cache/Cache
instanceKlass org/sparkproject/guava/cache/CacheBuilder
instanceKlass java/lang/invoke/LambdaForm$MH
instanceKlass java/lang/invoke/LambdaForm$DMH
instanceKlass org/apache/spark/SparkEnv$$$Lambda$442
instanceKlass java/lang/invoke/LambdaForm$DMH
instanceKlass org/apache/spark/storage/BlockManagerMasterEndpoint
instanceKlass org/apache/spark/storage/BlockManagerMaster$
instanceKlass org/apache/spark/storage/BlockManagerMaster
instanceKlass scala/collection/concurrent/TrieMap$MangledHashing
instanceKlass scala/collection/concurrent/KVNode
instanceKlass scala/collection/concurrent/Gen
instanceKlass scala/collection/concurrent/BasicNode
instanceKlass scala/collection/concurrent/INode$
instanceKlass scala/math/Equiv$$anon$2
instanceKlass scala/util/hashing/Hashing$Default
instanceKlass scala/util/hashing/Hashing$
instanceKlass scala/collection/concurrent/TrieMap
instanceKlass org/apache/spark/unsafe/memory/HeapMemoryAllocator
instanceKlass org/apache/spark/unsafe/memory/UnsafeMemoryAllocator
instanceKlass org/apache/spark/unsafe/memory/MemoryAllocator
instanceKlass org/apache/spark/memory/MemoryManager$$Lambda$441
instanceKlass org/apache/spark/internal/config/ConfigEntry$$Lambda$440
instanceKlass org/apache/spark/memory/MemoryPool
instanceKlass org/apache/spark/memory/MemoryManager$$Lambda$439
instanceKlass scala/runtime/RichDouble$
instanceKlass java/lang/invoke/LambdaForm$MH
instanceKlass java/lang/invoke/LambdaForm$DMH
instanceKlass java/lang/invoke/LambdaForm$DMH
instanceKlass org/apache/spark/SparkConf$$Lambda$438
instanceKlass java/lang/invoke/LambdaForm$DMH
instanceKlass org/apache/spark/SparkConf$$Lambda$437
instanceKlass java/lang/invoke/LambdaForm$MH
instanceKlass java/lang/invoke/LambdaForm$DMH
instanceKlass java/lang/invoke/LambdaForm$DMH
instanceKlass org/apache/spark/SparkConf$$Lambda$436
instanceKlass scala/runtime/java8/JFunction0$mcJ$sp
instanceKlass java/lang/invoke/LambdaForm$DMH
instanceKlass org/apache/spark/memory/UnifiedMemoryManager$
instanceKlass org/apache/spark/shuffle/IndexShuffleBlockResolver$
instanceKlass org/apache/spark/storage/BlockId
instanceKlass org/apache/spark/shuffle/IndexShuffleBlockResolver
instanceKlass org/apache/spark/shuffle/ShuffleHandle
instanceKlass org/apache/spark/shuffle/ShuffleWriter
instanceKlass org/apache/spark/shuffle/ShuffleReader
instanceKlass org/apache/spark/shuffle/ShuffleBlockResolver
instanceKlass org/apache/spark/util/collection/OpenHashSet
instanceKlass org/apache/spark/SparkEnv$$$Lambda$435
instanceKlass org/apache/spark/shuffle/sort/SortShuffleManager
instanceKlass org/apache/spark/shuffle/ShuffleManager
instanceKlass org/apache/spark/MapOutputTrackerMasterEndpoint$$Lambda$434
instanceKlass org/apache/spark/SparkEnv$$$Lambda$433
instanceKlass org/apache/spark/SparkEnv$$$Lambda$432
instanceKlass org/apache/spark/MapOutputTrackerMasterEndpoint
instanceKlass org/apache/spark/MapOutputTracker$
instanceKlass org/apache/spark/GetMapOutputMessage
instanceKlass org/apache/spark/MapOutputTrackerMaster$MessageLoop
instanceKlass org/apache/spark/MapOutputTrackerMaster$$Lambda$431
instanceKlass org/apache/commons/collections/map/AbstractHashedMap$HashEntry
instanceKlass org/apache/spark/broadcast/Broadcast
instanceKlass org/apache/spark/broadcast/TorrentBroadcastFactory
instanceKlass org/apache/spark/broadcast/BroadcastFactory
instanceKlass org/apache/spark/broadcast/BroadcastManager
instanceKlass org/apache/spark/serializer/SerializerManager$$Lambda$430
instanceKlass org/apache/spark/SparkConf$$Lambda$429
instanceKlass org/apache/spark/SparkConf$$Lambda$428
instanceKlass org/apache/spark/serializer/KryoSerializer$$Lambda$427
instanceKlass org/apache/spark/serializer/KryoSerializer$$Lambda$426
instanceKlass org/apache/spark/serializer/KryoSerializer$$Lambda$425
instanceKlass org/apache/spark/serializer/KryoSerializer$$Lambda$424
instanceKlass com/esotericsoftware/kryo/Serializer
instanceKlass com/esotericsoftware/kryo/pool/KryoFactory
instanceKlass com/esotericsoftware/kryo/Kryo
instanceKlass com/esotericsoftware/kryo/pool/KryoPool
instanceKlass org/apache/spark/rpc/ThreadSafeRpcEndpoint
instanceKlass org/apache/spark/serializer/SerializerManager
instanceKlass org/apache/spark/rpc/netty/OneWayMessage
instanceKlass org/apache/spark/rpc/netty/RpcMessage
instanceKlass org/apache/spark/SparkEnv$$$Lambda$423
instanceKlass org/apache/spark/rpc/netty/Inbox$$Lambda$422
instanceKlass org/apache/spark/rpc/netty/MessageLoop$
instanceKlass org/apache/spark/util/Utils$$$Lambda$421
instanceKlass org/apache/spark/rpc/netty/OnStart$
instanceKlass org/apache/spark/rpc/netty/Inbox
instanceKlass org/apache/spark/rpc/netty/SharedMessageLoop$$Lambda$420
instanceKlass org/apache/spark/rpc/netty/SharedMessageLoop$$Lambda$419
instanceKlass org/apache/spark/rpc/netty/SharedMessageLoop$$Lambda$418
instanceKlass org/apache/spark/rpc/netty/SharedMessageLoop$$Lambda$417
instanceKlass org/apache/spark/rpc/netty/MessageLoop$$anon$1
instanceKlass org/apache/spark/rpc/IsolatedRpcEndpoint
instanceKlass org/apache/spark/rpc/RpcEndpointAddress$$Lambda$416
instanceKlass org/apache/spark/rpc/RpcAddress
instanceKlass org/apache/spark/rpc/RpcEndpointAddress
instanceKlass org/apache/spark/rpc/netty/RpcEndpointVerifier
instanceKlass org/apache/spark/rpc/netty/RpcEndpointVerifier$
instanceKlass io/netty/util/internal/SocketUtils$7
instanceKlass io/netty/channel/ChannelFutureListener$3
instanceKlass io/netty/channel/ChannelFutureListener$2
instanceKlass io/netty/channel/ChannelFutureListener$1
instanceKlass io/netty/channel/AbstractChannel$AbstractUnsafe$2
instanceKlass io/netty/bootstrap/ServerBootstrap$ServerBootstrapAcceptor$1
instanceKlass io/netty/bootstrap/AbstractBootstrap$2
instanceKlass io/netty/util/concurrent/DefaultFutureListeners
instanceKlass io/netty/bootstrap/ServerBootstrap$1$1
instanceKlass sun/nio/ch/WindowsSelectorImpl$MapEntry
instanceKlass java/nio/channels/spi/AbstractSelector$1
instanceKlass io/netty/bootstrap/AbstractBootstrap$1
instanceKlass io/netty/util/concurrent/FastThreadLocalRunnable
instanceKlass io/netty/util/internal/ThreadExecutorMap$2
instanceKlass io/netty/util/concurrent/SingleThreadEventExecutor$4
instanceKlass io/netty/util/internal/shaded/org/jctools/queues/LinkedArrayQueueUtil
instanceKlass io/netty/util/concurrent/AbstractEventExecutor$LazyRunnable
instanceKlass io/netty/channel/AbstractChannel$AbstractUnsafe$1
instanceKlass io/netty/channel/ChannelHandler$Sharable
instanceKlass sun/nio/ch/ServerSocketChannelImpl$DefaultOptionsHolder
instanceKlass io/netty/buffer/ByteBufUtil$2
instanceKlass io/netty/util/CharsetUtil
instanceKlass io/netty/util/ByteProcessor
instanceKlass io/netty/buffer/ByteBufUtil
instanceKlass io/netty/channel/RecvByteBufAllocator$Handle
instanceKlass io/netty/channel/DefaultMaxMessagesRecvByteBufAllocator
instanceKlass io/netty/channel/MaxMessagesRecvByteBufAllocator
instanceKlass io/netty/channel/WriteBufferWaterMark
instanceKlass io/netty/channel/DefaultMessageSizeEstimator$HandleImpl
instanceKlass io/netty/channel/DefaultMessageSizeEstimator
instanceKlass io/netty/channel/MessageSizeEstimator
instanceKlass io/netty/channel/RecvByteBufAllocator
instanceKlass io/netty/channel/DefaultChannelConfig
instanceKlass io/netty/channel/nio/AbstractNioChannel$1
instanceKlass io/netty/channel/ChannelHandlerMask$Skip
instanceKlass io/netty/channel/ChannelHandlerMask$2
instanceKlass io/netty/channel/ChannelHandlerMask
instanceKlass io/netty/channel/AbstractChannelHandlerContext$Tasks
instanceKlass io/netty/channel/VoidChannelPromise$1
instanceKlass io/netty/channel/MessageSizeEstimator$Handle
instanceKlass io/netty/channel/DefaultChannelPipeline$PendingHandlerCallback
instanceKlass io/netty/channel/ChannelProgressivePromise
instanceKlass io/netty/channel/ChannelProgressiveFuture
instanceKlass io/netty/channel/AbstractChannelHandlerContext
instanceKlass io/netty/util/ResourceLeakHint
instanceKlass io/netty/channel/ChannelHandlerContext
instanceKlass io/netty/channel/DefaultChannelPipeline
instanceKlass io/netty/channel/ChannelOutboundBuffer$Entry
instanceKlass java/util/concurrent/atomic/AtomicLongFieldUpdater$CASUpdater$1
instanceKlass java/util/concurrent/atomic/AtomicLongFieldUpdater
instanceKlass io/netty/channel/ChannelOutboundBuffer
instanceKlass io/netty/util/internal/SocketUtils$13
instanceKlass io/netty/util/NetUtil$1
instanceKlass java/net/NetworkInterface$1checkedAddresses
instanceKlass io/netty/util/internal/SocketUtils$11
instanceKlass io/netty/util/internal/SocketUtils
instanceKlass io/netty/util/NetUtil
instanceKlass io/netty/util/internal/MacAddressUtil
instanceKlass sun/management/RuntimeImpl
instanceKlass javax/management/MBeanServer
instanceKlass javax/management/MBeanServerConnection
instanceKlass java/lang/management/OperatingSystemMXBean
instanceKlass java/lang/management/CompilationMXBean
instanceKlass java/lang/management/MemoryMXBean
instanceKlass java/lang/management/ClassLoadingMXBean
instanceKlass java/lang/management/RuntimeMXBean
instanceKlass io/netty/channel/DefaultChannelId
instanceKlass io/netty/channel/ChannelFlushPromiseNotifier$FlushCheckpoint
instanceKlass io/netty/channel/ChannelFutureListener
instanceKlass io/netty/channel/ChannelMetadata
instanceKlass io/netty/util/ConstantPool
instanceKlass io/netty/util/AbstractConstant
instanceKlass io/netty/util/Constant
instanceKlass io/netty/channel/socket/ServerSocketChannelConfig
instanceKlass io/netty/channel/ChannelConfig
instanceKlass io/netty/channel/nio/AbstractNioChannel$NioUnsafe
instanceKlass io/netty/channel/AbstractChannel$AbstractUnsafe
instanceKlass io/netty/channel/ChannelId
instanceKlass io/netty/channel/ChannelPipeline
instanceKlass io/netty/channel/ChannelInboundInvoker
instanceKlass io/netty/channel/Channel$Unsafe
instanceKlass io/netty/util/Attribute
instanceKlass io/netty/channel/ReflectiveChannelFactory
instanceKlass io/netty/channel/socket/ServerSocketChannel
instanceKlass io/netty/channel/ServerChannel
instanceKlass io/netty/bootstrap/AbstractBootstrapConfig
instanceKlass io/netty/channel/ChannelFactory
instanceKlass io/netty/bootstrap/ChannelFactory
instanceKlass io/netty/bootstrap/AbstractBootstrap
instanceKlass org/apache/spark/network/server/TransportServer
instanceKlass java/lang/invoke/LambdaForm$MH
instanceKlass java/lang/invoke/LambdaForm$DMH
instanceKlass java/lang/invoke/LambdaForm$DMH
instanceKlass org/apache/spark/util/Utils$$$Lambda$415
instanceKlass java/lang/invoke/LambdaForm$DMH
instanceKlass org/apache/spark/util/Utils$$$Lambda$414
instanceKlass org/apache/spark/internal/config/Tests$
instanceKlass org/apache/spark/util/Utils$$$Lambda$413
instanceKlass org/apache/spark/util/Utils$$$Lambda$412
instanceKlass org/apache/spark/rpc/netty/NettyRpcEnvFactory$$Lambda$411
instanceKlass java/util/concurrent/RunnableScheduledFuture
instanceKlass org/apache/spark/network/util/NettyMemoryMetrics$$Lambda$410
instanceKlass org/apache/spark/network/util/NettyMemoryMetrics$$Lambda$409
instanceKlass org/apache/spark/network/util/NettyMemoryMetrics
instanceKlass io/netty/buffer/PooledByteBufAllocatorMetric
instanceKlass io/netty/buffer/PoolChunkList
instanceKlass io/netty/buffer/PoolChunkListMetric
instanceKlass io/netty/buffer/PoolSubpage
instanceKlass io/netty/buffer/PoolSubpageMetric
instanceKlass io/netty/buffer/PoolArena
instanceKlass io/netty/buffer/PoolArenaMetric
instanceKlass io/netty/buffer/PooledByteBufAllocator$1
instanceKlass javax/security/cert/Certificate
instanceKlass java/security/cert/X509Extension
instanceKlass io/netty/util/AsciiString
instanceKlass io/netty/util/internal/EmptyArrays
instanceKlass io/netty/util/ResourceLeakTracker
instanceKlass io/netty/util/ResourceLeak
instanceKlass io/netty/util/ResourceLeakDetector
instanceKlass io/netty/buffer/ByteBufAllocatorMetric
instanceKlass io/netty/util/concurrent/MultithreadEventExecutorGroup$1
instanceKlass io/netty/util/concurrent/DefaultEventExecutorChooserFactory$PowerOfTwoEventExecutorChooser
instanceKlass io/netty/channel/nio/NioEventLoop$SelectorTuple
instanceKlass io/netty/channel/nio/NioEventLoop$4
instanceKlass io/netty/channel/nio/NioEventLoop$3
instanceKlass sun/nio/ch/OptionKey
instanceKlass sun/nio/ch/SocketOptionRegistry$LazyInitialization
instanceKlass sun/nio/ch/SocketOptionRegistry$RegistryKey
instanceKlass sun/nio/ch/SocketOptionRegistry
instanceKlass jdk/net/ExtendedSocketOptions$ExtSocketOption
instanceKlass jdk/net/ExtendedSocketOptions
instanceKlass jdk/net/SocketFlow
instanceKlass sun/net/ExtendedOptionsHelper
instanceKlass sun/net/ExtendedOptionsImpl$$Lambda$408
instanceKlass sun/net/ExtendedOptionsImpl
instanceKlass sun/nio/ch/ExtendedSocketOption$1
instanceKlass sun/nio/ch/ExtendedSocketOption
instanceKlass sun/nio/ch/SocketChannelImpl$DefaultOptionsHolder
instanceKlass java/net/StandardSocketOptions$StdSocketOption
instanceKlass java/net/SocketOption
instanceKlass java/net/StandardSocketOptions
instanceKlass java/net/Socket
instanceKlass sun/nio/fs/BasicFileAttributesHolder
instanceKlass sun/nio/fs/WindowsDirectoryStream$WindowsDirectoryIterator
instanceKlass sun/nio/fs/WindowsDirectoryStream
instanceKlass java/nio/file/DirectoryStream
instanceKlass java/nio/file/Files$AcceptAllFilter
instanceKlass java/nio/file/DirectoryStream$Filter
instanceKlass java/net/NetworkInterface$2
instanceKlass java/net/DefaultInterface
instanceKlass java/net/InterfaceAddress
instanceKlass java/net/NetworkInterface$1
instanceKlass java/net/NetworkInterface
instanceKlass sun/security/provider/ByteArrayAccess
instanceKlass java/lang/StringCoding$StringEncoder
instanceKlass sun/security/provider/SeedGenerator$1
instanceKlass sun/security/provider/SeedGenerator
instanceKlass sun/security/provider/SecureRandom$SeederHolder
instanceKlass sun/net/NetHooks
instanceKlass java/net/PlainSocketImpl$1
instanceKlass java/net/AbstractPlainSocketImpl$1
instanceKlass java/net/SocketImpl
instanceKlass java/net/SocketOptions
instanceKlass java/net/SocksConsts
instanceKlass java/net/ServerSocket
instanceKlass sun/nio/ch/Net$3
instanceKlass sun/nio/ch/Net$4
instanceKlass sun/nio/ch/Net$1
instanceKlass java/net/ProtocolFamily
instanceKlass sun/nio/ch/Net
instanceKlass java/net/InetSocketAddress$InetSocketAddressHolder
instanceKlass sun/nio/ch/SelChImpl
instanceKlass java/nio/channels/NetworkChannel
instanceKlass sun/nio/ch/PipeImpl$Initializer$LoopbackConnector
instanceKlass sun/nio/ch/PipeImpl$Initializer
instanceKlass java/nio/channels/Pipe
instanceKlass sun/nio/ch/NativeObject
instanceKlass sun/nio/ch/PollArrayWrapper
instanceKlass sun/nio/ch/WindowsSelectorImpl$FinishLock
instanceKlass sun/nio/ch/WindowsSelectorImpl$StartLock
instanceKlass sun/nio/ch/WindowsSelectorImpl$SubSelector
instanceKlass java/nio/channels/SelectionKey
instanceKlass sun/nio/ch/Util$3
instanceKlass io/netty/channel/nio/NioEventLoop$1
instanceKlass io/netty/util/internal/ThreadExecutorMap$1
instanceKlass io/netty/util/internal/shaded/org/jctools/util/UnsafeRefArrayAccess
instanceKlass io/netty/util/internal/shaded/org/jctools/util/Pow2
instanceKlass io/netty/util/internal/shaded/org/jctools/util/RangeUtil
instanceKlass io/netty/util/internal/shaded/org/jctools/util/UnsafeAccess
instanceKlass io/netty/util/internal/PlatformDependent$Mpsc$1
instanceKlass io/netty/util/internal/PlatformDependent$Mpsc
instanceKlass io/netty/util/internal/PlatformDependent$4
instanceKlass io/netty/util/internal/CleanerJava6$1
instanceKlass io/netty/util/internal/CleanerJava6
instanceKlass io/netty/util/internal/PlatformDependent$2
instanceKlass io/netty/util/internal/PlatformDependent$1
instanceKlass sun/misc/VMNotification
instanceKlass io/netty/util/internal/PlatformDependent0$5
instanceKlass io/netty/util/internal/PlatformDependent0$4
instanceKlass io/netty/util/internal/PlatformDependent0$3
instanceKlass io/netty/util/internal/PlatformDependent0$2
instanceKlass io/netty/util/internal/ReflectionUtil
instanceKlass io/netty/util/internal/PlatformDependent0$1
instanceKlass io/netty/util/internal/PlatformDependent0
instanceKlass io/netty/util/internal/LongCounter
instanceKlass io/netty/util/internal/shaded/org/jctools/queues/SupportsIterator
instanceKlass io/netty/util/internal/shaded/org/jctools/queues/QueueProgressIndicators
instanceKlass io/netty/util/internal/shaded/org/jctools/queues/IndexedQueueSizeUtil$IndexedQueue
instanceKlass io/netty/util/internal/shaded/org/jctools/queues/MessagePassingQueue
instanceKlass io/netty/util/internal/PlatformDependent$ThreadLocalRandomProvider
instanceKlass io/netty/util/internal/Cleaner
instanceKlass io/netty/util/internal/PlatformDependent
instanceKlass io/netty/channel/DefaultSelectStrategy
instanceKlass io/netty/channel/SelectStrategy
instanceKlass io/netty/channel/nio/NioEventLoop$2
instanceKlass java/util/concurrent/atomic/AtomicIntegerFieldUpdater$AtomicIntegerFieldUpdaterImpl$1
instanceKlass java/util/concurrent/atomic/AtomicIntegerFieldUpdater
instanceKlass io/netty/util/concurrent/SingleThreadEventExecutor$1
instanceKlass java/nio/channels/Selector
instanceKlass io/netty/util/IntSupplier
instanceKlass io/netty/channel/ChannelPromise
instanceKlass io/netty/channel/ChannelFuture
instanceKlass io/netty/util/concurrent/ThreadProperties
instanceKlass io/netty/util/internal/ThreadExecutorMap$3
instanceKlass io/netty/util/concurrent/FastThreadLocal
instanceKlass io/netty/util/internal/ThreadExecutorMap
instanceKlass io/netty/util/internal/StringUtil
instanceKlass io/netty/util/concurrent/GlobalEventExecutor$TaskRunner
instanceKlass java/util/concurrent/Executors$RunnableAdapter
instanceKlass io/netty/util/concurrent/GlobalEventExecutor$1
instanceKlass io/netty/util/concurrent/PromiseTask$SentinelRunnable
instanceKlass io/netty/util/internal/PriorityQueueNode
instanceKlass io/netty/util/concurrent/AbstractScheduledEventExecutor$2
instanceKlass io/netty/util/concurrent/AbstractScheduledEventExecutor$1
instanceKlass io/netty/util/internal/PriorityQueue
instanceKlass io/netty/util/concurrent/ScheduledFuture
instanceKlass io/netty/util/concurrent/ProgressivePromise
instanceKlass io/netty/util/concurrent/ProgressiveFuture
instanceKlass io/netty/util/internal/ThrowableUtil
instanceKlass io/netty/util/concurrent/DefaultPromise$CauseHolder
instanceKlass io/netty/util/concurrent/AbstractFuture
instanceKlass io/netty/util/concurrent/EventExecutorChooserFactory$EventExecutorChooser
instanceKlass io/netty/util/concurrent/DefaultEventExecutorChooserFactory
instanceKlass io/netty/util/concurrent/ThreadPerTaskExecutor
instanceKlass io/netty/util/concurrent/RejectedExecutionHandlers$1
instanceKlass io/netty/util/concurrent/RejectedExecutionHandler
instanceKlass io/netty/util/concurrent/RejectedExecutionHandlers
instanceKlass io/netty/channel/DefaultSelectStrategyFactory
instanceKlass io/netty/channel/SelectStrategyFactory
instanceKlass sun/nio/ch/DefaultSelectorProvider
instanceKlass java/nio/channels/spi/SelectorProvider$1
instanceKlass java/nio/channels/spi/SelectorProvider
instanceKlass io/netty/util/NettyRuntime$AvailableProcessorsHolder
instanceKlass io/netty/util/NettyRuntime
instanceKlass io/netty/channel/EventLoop
instanceKlass io/netty/util/concurrent/OrderedEventExecutor
instanceKlass io/netty/util/concurrent/EventExecutorChooserFactory
instanceKlass io/netty/util/concurrent/FutureListener
instanceKlass io/netty/util/concurrent/GenericFutureListener
instanceKlass io/netty/util/concurrent/EventExecutor
instanceKlass java/util/concurrent/ScheduledFuture
instanceKlass java/util/concurrent/Delayed
instanceKlass io/netty/util/concurrent/AbstractEventExecutorGroup
instanceKlass io/netty/util/concurrent/DefaultThreadFactory
instanceKlass io/netty/util/DefaultAttributeMap
instanceKlass io/netty/channel/socket/SocketChannel
instanceKlass io/netty/channel/socket/DuplexChannel
instanceKlass org/apache/spark/network/util/NettyUtils$1
instanceKlass java/net/SocketAddress
instanceKlass org/apache/spark/network/client/TransportClientFactory
instanceKlass org/apache/spark/network/server/RpcHandler$OneWayRpcCallback
instanceKlass org/apache/spark/network/client/RpcResponseCallback
instanceKlass io/netty/buffer/ByteBuf
instanceKlass io/netty/util/ReferenceCounted
instanceKlass io/netty/channel/ChannelInboundHandler
instanceKlass io/netty/util/internal/SystemPropertyUtil
instanceKlass io/netty/util/internal/ObjectUtil
instanceKlass io/netty/util/internal/logging/AbstractInternalLogger
instanceKlass io/netty/util/internal/logging/InternalLogger
instanceKlass io/netty/util/internal/logging/InternalLoggerFactory
instanceKlass io/netty/util/internal/UnpaddedInternalThreadLocalMap
instanceKlass io/netty/util/internal/TypeParameterMatcher
instanceKlass org/apache/spark/network/protocol/Message
instanceKlass org/apache/spark/network/protocol/Encodable
instanceKlass io/netty/util/concurrent/Promise
instanceKlass io/netty/util/concurrent/Future
instanceKlass io/netty/channel/ChannelHandlerAdapter
instanceKlass io/netty/channel/ChannelOutboundHandler
instanceKlass io/netty/channel/ChannelHandler
instanceKlass io/netty/channel/Channel
instanceKlass io/netty/channel/ChannelOutboundInvoker
instanceKlass io/netty/util/AttributeMap
instanceKlass org/apache/spark/network/TransportContext
instanceKlass org/apache/spark/network/buffer/ManagedBuffer
instanceKlass org/apache/spark/rpc/netty/MessageLoop
instanceKlass org/apache/spark/rpc/netty/InboxMessage
instanceKlass org/apache/spark/rpc/netty/NettyRpcCallContext
instanceKlass org/apache/spark/rpc/RpcCallContext
instanceKlass org/apache/spark/rpc/netty/Dispatcher
instanceKlass org/apache/spark/network/util/TransportConf
instanceKlass org/apache/spark/network/netty/SparkTransportConf$$$Lambda$407
instanceKlass org/apache/spark/network/netty/SparkTransportConf$$$Lambda$406
instanceKlass java/lang/invoke/LambdaForm$MH
instanceKlass java/lang/invoke/LambdaForm$DMH
instanceKlass java/lang/invoke/LambdaForm$DMH
instanceKlass org/apache/spark/network/netty/SparkTransportConf$$$Lambda$405
instanceKlass java/lang/invoke/LambdaForm$DMH
instanceKlass io/netty/buffer/AbstractByteBufAllocator
instanceKlass io/netty/buffer/ByteBufAllocator
instanceKlass io/netty/buffer/ByteBufAllocatorMetricProvider
instanceKlass io/netty/channel/EventLoopGroup
instanceKlass io/netty/util/concurrent/EventExecutorGroup
instanceKlass org/apache/spark/network/util/NettyUtils
instanceKlass org/apache/spark/rpc/netty/NettyRpcEnv$$Lambda$404
instanceKlass org/apache/spark/network/util/ConfigProvider
instanceKlass org/apache/spark/network/netty/SparkTransportConf$
instanceKlass org/apache/spark/rpc/netty/NettyRpcEnv$$Lambda$403
instanceKlass org/apache/spark/rpc/RpcTimeout
instanceKlass scala/concurrent/duration/Duration$$$Lambda$402
instanceKlass scala/collection/immutable/List$$Lambda$401
instanceKlass scala/concurrent/duration/Duration$$$Lambda$400
instanceKlass scala/concurrent/duration/Duration$$$Lambda$399
instanceKlass scala/collection/DefaultMap
instanceKlass scala/collection/immutable/DefaultMap
instanceKlass scala/concurrent/duration/Duration$$$Lambda$398
instanceKlass scala/concurrent/duration/Duration$
instanceKlass scala/concurrent/duration/package$DurationLong$
instanceKlass scala/concurrent/duration/package$
instanceKlass scala/concurrent/duration/package$DurationLong
instanceKlass scala/concurrent/duration/DurationConversions
instanceKlass org/apache/spark/rpc/RpcTimeout$$$Lambda$397
instanceKlass org/apache/spark/rpc/RpcTimeout$$$Lambda$396
instanceKlass org/apache/spark/rpc/RpcTimeout$
instanceKlass org/apache/spark/util/RpcUtils$
instanceKlass org/apache/spark/network/client/StreamCallback
instanceKlass org/apache/spark/rpc/RpcEndpointRef
instanceKlass org/apache/spark/rpc/netty/OutboxMessage
instanceKlass org/apache/spark/network/server/RpcHandler
instanceKlass org/apache/spark/rpc/RpcEnvFileServer
instanceKlass org/apache/spark/network/server/StreamManager
instanceKlass org/apache/spark/serializer/SerializationStream
instanceKlass org/apache/spark/serializer/DeserializationStream
instanceKlass org/apache/spark/serializer/JavaSerializer$$Lambda$395
instanceKlass org/apache/spark/serializer/SerializerInstance
instanceKlass org/apache/spark/rpc/RpcEnv
instanceKlass org/apache/spark/rpc/netty/NettyRpcEnvFactory
instanceKlass org/apache/spark/rpc/RpcEnvFactory
instanceKlass org/apache/spark/rpc/RpcEnvConfig
instanceKlass org/apache/spark/SparkEnv$$$Lambda$394
instanceKlass org/apache/spark/rpc/RpcEnv$
instanceKlass org/apache/spark/SparkEnv$$$Lambda$393
instanceKlass org/apache/spark/SSLOptions$$$Lambda$392
instanceKlass org/apache/spark/SSLOptions$$$Lambda$391
instanceKlass org/apache/spark/SSLOptions$$$Lambda$390
instanceKlass org/apache/spark/SSLOptions$$$Lambda$389
instanceKlass org/apache/spark/SSLOptions$$$Lambda$388
instanceKlass org/apache/spark/SSLOptions$$$Lambda$387
instanceKlass org/apache/spark/SSLOptions$$$Lambda$386
instanceKlass org/apache/spark/SSLOptions$$$Lambda$385
instanceKlass org/apache/spark/SSLOptions$$$Lambda$384
instanceKlass org/apache/spark/SSLOptions$$$Lambda$383
instanceKlass org/apache/spark/SSLOptions$$$Lambda$382
instanceKlass org/apache/spark/SSLOptions$$$Lambda$381
instanceKlass org/apache/spark/SSLOptions$$$Lambda$380
instanceKlass org/apache/spark/SSLOptions$$$Lambda$379
instanceKlass org/apache/spark/SSLOptions$$$Lambda$378
instanceKlass org/apache/spark/SSLOptions$$$Lambda$377
instanceKlass org/apache/spark/SSLOptions$$$Lambda$376
instanceKlass org/apache/spark/SSLOptions$$$Lambda$375
instanceKlass org/apache/spark/SSLOptions$$$Lambda$374
instanceKlass org/apache/spark/SSLOptions$$$Lambda$373
instanceKlass org/apache/spark/SSLOptions$$$Lambda$372
instanceKlass org/apache/spark/SSLOptions$$$Lambda$371
instanceKlass org/apache/spark/SSLOptions$$$Lambda$370
instanceKlass org/apache/spark/SSLOptions$$$Lambda$369
instanceKlass org/apache/spark/SSLOptions$$$Lambda$368
instanceKlass org/apache/hadoop/security/alias/CredentialProvider
instanceKlass org/apache/hadoop/security/alias/CredentialProviderFactory
instanceKlass org/apache/spark/SSLOptions$$$Lambda$367
instanceKlass org/apache/spark/SSLOptions$$$Lambda$366
instanceKlass org/apache/spark/SSLOptions$$$Lambda$365
instanceKlass org/apache/spark/SSLOptions$$$Lambda$364
instanceKlass org/apache/spark/SSLOptions$$$Lambda$363
instanceKlass scala/runtime/java8/JFunction1$mcVI$sp
instanceKlass java/lang/invoke/LambdaForm$DMH
instanceKlass org/apache/spark/SSLOptions$$$Lambda$362
instanceKlass org/apache/spark/SparkConf$$Lambda$361
instanceKlass org/apache/spark/SSLOptions$$$Lambda$360
instanceKlass org/apache/spark/SSLOptions
instanceKlass org/apache/spark/SSLOptions$
instanceKlass org/apache/spark/deploy/SparkHadoopUtil$$$Lambda$359
instanceKlass org/apache/spark/deploy/SparkHadoopUtil$$$Lambda$358
instanceKlass org/apache/spark/deploy/SparkHadoopUtil$$$Lambda$357
instanceKlass org/apache/spark/deploy/SparkHadoopUtil$$$Lambda$356
instanceKlass org/apache/spark/deploy/SparkHadoopUtil$$$Lambda$355
instanceKlass org/apache/spark/deploy/SparkHadoopUtil$$$Lambda$354
instanceKlass org/apache/hadoop/fs/PathFilter
instanceKlass org/apache/spark/deploy/SparkHadoopUtil
instanceKlass org/apache/spark/deploy/SparkHadoopUtil$
instanceKlass org/apache/spark/SecurityManager$$Lambda$353
instanceKlass org/apache/spark/SecurityManager$$Lambda$352
instanceKlass org/apache/spark/SecurityManager$$Lambda$351
instanceKlass org/apache/spark/SecurityManager$$Lambda$350
instanceKlass org/apache/spark/SecurityManager$$Lambda$349
instanceKlass scala/collection/TraversableOnce$$Lambda$348
instanceKlass scala/collection/SetLike$$Lambda$347
instanceKlass org/apache/spark/internal/config/UI$
instanceKlass org/apache/spark/SecurityManager
instanceKlass org/apache/spark/SparkEnv$$$Lambda$346
instanceKlass org/apache/spark/internal/config/FallbackConfigEntry$$Lambda$345
instanceKlass org/apache/spark/SparkEnv$$$Lambda$344
instanceKlass org/apache/spark/SparkEnv$$$Lambda$343
instanceKlass scala/util/matching/Regex$
instanceKlass org/apache/spark/SparkMasterRegex$
instanceKlass org/apache/spark/serializer/Serializer
instanceKlass org/apache/spark/memory/MemoryManager
instanceKlass org/apache/spark/network/shuffle/BlockStoreClient
instanceKlass org/apache/spark/network/sasl/SecretKeyHolder
instanceKlass org/apache/spark/MapOutputTracker
instanceKlass org/apache/spark/SparkEnv$
instanceKlass org/apache/spark/SparkConf$$Lambda$342
instanceKlass org/apache/spark/scheduler/LiveListenerBusMetrics$$Lambda$341
instanceKlass org/apache/spark/scheduler/AsyncEventQueue$$anon$1
instanceKlass com/codahale/metrics/Gauge
instanceKlass com/codahale/metrics/Histogram
instanceKlass com/codahale/metrics/EWMA
instanceKlass com/codahale/metrics/ExponentialMovingAverages
instanceKlass com/codahale/metrics/MovingAverages
instanceKlass com/codahale/metrics/Meter
instanceKlass com/codahale/metrics/Clock$UserTimeClockHolder
instanceKlass com/codahale/metrics/Clock
instanceKlass com/codahale/metrics/Snapshot
instanceKlass com/codahale/metrics/ExponentiallyDecayingReservoir
instanceKlass com/codahale/metrics/Timer
instanceKlass com/codahale/metrics/Sampling
instanceKlass com/codahale/metrics/Metered
instanceKlass org/apache/spark/scheduler/AsyncEventQueue$$Lambda$340
instanceKlass org/apache/spark/SparkConf$$Lambda$339
instanceKlass org/apache/spark/SparkConf$$Lambda$338
instanceKlass org/apache/spark/SparkConf$$Lambda$337
instanceKlass scala/runtime/AbstractPartialFunction
instanceKlass org/apache/spark/scheduler/LiveListenerBus$$Lambda$336
instanceKlass org/apache/spark/scheduler/AsyncEventQueue
instanceKlass org/apache/spark/scheduler/SparkListenerBus
instanceKlass org/apache/spark/util/ListenerBus
instanceKlass scala/collection/convert/Wrappers$IterableWrapperTrait
instanceKlass scala/collection/convert/DecorateAsScala$$Lambda$335
instanceKlass scala/util/DynamicVariable
instanceKlass org/apache/spark/scheduler/LiveListenerBus$
instanceKlass org/apache/spark/status/AppStatusStore
instanceKlass org/apache/spark/status/AppStatusListener$$Lambda$334
instanceKlass scala/runtime/java8/JFunction0$mcV$sp
instanceKlass org/apache/spark/status/AppStatusListener$$Lambda$333
instanceKlass org/apache/spark/status/StageDataWrapper
instanceKlass org/apache/spark/status/AppStatusListener$$Lambda$332
instanceKlass org/apache/spark/status/JobDataWrapper
instanceKlass org/apache/spark/status/ElementTrackingStore$LatchedTriggers
instanceKlass org/apache/spark/status/ElementTrackingStore$Trigger
instanceKlass org/apache/spark/status/AppStatusListener$$Lambda$331
instanceKlass scala/runtime/java8/JFunction1$mcVJ$sp
instanceKlass java/lang/invoke/LambdaForm$DMH
instanceKlass org/apache/spark/status/ExecutorSummaryWrapper
instanceKlass org/apache/spark/status/AppSummary
instanceKlass scala/util/matching/Regex$Match$$Lambda$330
instanceKlass scala/collection/immutable/VectorBuilder
instanceKlass scala/util/matching/Regex$Match$$Lambda$329
instanceKlass scala/runtime/java8/JFunction1$mcII$sp
instanceKlass java/lang/invoke/LambdaForm$DMH
instanceKlass org/apache/spark/util/VersionUtils$
instanceKlass scala/Tuple6
instanceKlass scala/Product6
instanceKlass org/apache/spark/package$SparkBuildInfo$
instanceKlass org/apache/spark/package$
instanceKlass org/apache/spark/status/AppStatusListener$
instanceKlass org/apache/spark/status/LiveEntity
instanceKlass org/apache/spark/scheduler/SparkListener
instanceKlass java/util/concurrent/ThreadPoolExecutor$AbortPolicy
instanceKlass java/util/concurrent/RejectedExecutionHandler
instanceKlass org/sparkproject/guava/util/concurrent/ThreadFactoryBuilder$1
instanceKlass java/util/concurrent/Executors$DefaultThreadFactory
instanceKlass java/util/concurrent/Executors
instanceKlass org/sparkproject/guava/util/concurrent/ThreadFactoryBuilder
instanceKlass scala/runtime/AbstractFunction0
instanceKlass scala/concurrent/impl/ExecutionContextImpl
instanceKlass scala/concurrent/impl/ExecutionContextImpl$
instanceKlass scala/concurrent/ExecutionContext$$$Lambda$328
instanceKlass scala/concurrent/ExecutionContextExecutorService
instanceKlass scala/concurrent/ExecutionContext$
instanceKlass scala/concurrent/Awaitable
instanceKlass scala/concurrent/ExecutionContextExecutor
instanceKlass scala/concurrent/ExecutionContext
instanceKlass scala/concurrent/duration/Duration
instanceKlass org/apache/spark/util/ThreadUtils$
instanceKlass org/apache/spark/util/kvstore/InMemoryStore$InMemoryLists
instanceKlass org/apache/spark/util/kvstore/KVStoreView
instanceKlass org/apache/spark/util/kvstore/InMemoryStore
instanceKlass org/apache/spark/status/ElementTrackingStore$WriteQueueResult
instanceKlass org/apache/spark/status/ElementTrackingStore
instanceKlass org/apache/spark/util/kvstore/KVStore
instanceKlass org/apache/spark/status/AppStatusStore$
instanceKlass org/apache/spark/status/AppStatusSource$$$Lambda$327
instanceKlass org/apache/spark/status/AppStatusSource
instanceKlass org/apache/spark/status/AppStatusSource$$$Lambda$326
instanceKlass org/apache/spark/internal/config/Status$
instanceKlass org/apache/spark/status/AppStatusSource$
instanceKlass java/util/concurrent/atomic/Striped64$Cell
instanceKlass com/codahale/metrics/Counter
instanceKlass com/codahale/metrics/Counting
instanceKlass com/codahale/metrics/MetricRegistry$MetricBuilder$4
instanceKlass com/codahale/metrics/MetricRegistry$MetricBuilder$3
instanceKlass com/codahale/metrics/Reservoir
instanceKlass com/codahale/metrics/MetricRegistry$MetricBuilder$2
instanceKlass com/codahale/metrics/MetricRegistry$MetricBuilder$1
instanceKlass com/codahale/metrics/MetricRegistry$MetricBuilder
instanceKlass com/codahale/metrics/MetricRegistryListener
instanceKlass com/codahale/metrics/MetricRegistry
instanceKlass com/codahale/metrics/MetricSet
instanceKlass com/codahale/metrics/Metric
instanceKlass org/apache/spark/scheduler/LiveListenerBusMetrics
instanceKlass org/apache/spark/scheduler/LiveListenerBus
instanceKlass org/apache/spark/SparkContext$$Lambda$325
instanceKlass org/apache/spark/SparkContext$$Lambda$324
instanceKlass org/apache/spark/SparkContext$$Lambda$323
instanceKlass org/apache/spark/util/Utils$$$Lambda$322
instanceKlass java/lang/invoke/LambdaForm$MH
instanceKlass org/apache/spark/SparkConf$$Lambda$321
instanceKlass org/apache/spark/SparkConf$$Lambda$320
instanceKlass java/lang/invoke/LambdaForm$MH
instanceKlass java/lang/invoke/LambdaForm$DMH
instanceKlass java/lang/invoke/LambdaForm$DMH
instanceKlass org/apache/spark/SparkConf$$Lambda$319
instanceKlass java/lang/invoke/LambdaForm$DMH
instanceKlass org/apache/spark/SparkConf$$Lambda$318
instanceKlass org/apache/spark/SparkContext$$Lambda$317
instanceKlass org/apache/spark/resource/ResourceUtils$$$Lambda$316
instanceKlass org/apache/spark/resource/ResourceUtils$$$Lambda$315
instanceKlass org/apache/spark/resource/ResourceUtils$$$Lambda$314
instanceKlass org/apache/spark/resource/ResourceUtils$$$Lambda$313
instanceKlass org/apache/spark/resource/ResourceUtils$$$Lambda$312
instanceKlass org/apache/spark/resource/ResourceUtils$$$Lambda$311
instanceKlass org/apache/spark/resource/ResourceUtils$$$Lambda$310
instanceKlass scala/collection/SeqLike$$Lambda$309
instanceKlass scala/collection/SeqLike$$Lambda$308
instanceKlass org/apache/spark/resource/ResourceUtils$$$Lambda$307
instanceKlass org/apache/spark/resource/ResourceUtils$$$Lambda$306
instanceKlass org/apache/spark/resource/ResourceAllocation
instanceKlass org/apache/spark/resource/ResourceUtils$$$Lambda$305
instanceKlass org/apache/spark/resource/ResourceUtils$$$Lambda$304
instanceKlass org/apache/spark/resource/ResourceUtils$$$Lambda$303
instanceKlass org/apache/spark/resource/ResourceRequest
instanceKlass scala/collection/mutable/Builder$$anon$1
instanceKlass scala/Proxy
instanceKlass scala/collection/mutable/ArraySeq$$$Lambda$302
instanceKlass scala/FallbackArrayBuilding$$anon$1
instanceKlass scala/Predef$DummyImplicit
instanceKlass scala/Predef$DummyImplicit$
instanceKlass org/apache/spark/resource/ResourceUtils$$$Lambda$301
instanceKlass org/apache/spark/resource/ResourceID
instanceKlass org/apache/spark/resource/ResourceUtils$$$Lambda$300
instanceKlass org/apache/spark/SparkConf$$Lambda$299
instanceKlass org/apache/spark/SparkConf$$Lambda$298
instanceKlass org/apache/spark/SparkConf$$Lambda$297
instanceKlass org/json4s/Formats
instanceKlass org/apache/spark/resource/ResourceUtils$
instanceKlass org/apache/spark/util/logging/DriverLogger$
instanceKlass java/lang/invoke/LambdaForm$MH
instanceKlass java/lang/invoke/LambdaForm$DMH
instanceKlass org/apache/spark/SparkConf$$Lambda$296
instanceKlass java/lang/invoke/LambdaForm$DMH
instanceKlass scala/util/matching/Regex$$Lambda$295
instanceKlass scala/util/matching/Regex$Replacement
instanceKlass org/apache/spark/internal/config/ConfigReader$$Lambda$294
instanceKlass scala/util/matching/Regex$Match
instanceKlass scala/util/matching/Regex$MatchData
instanceKlass org/apache/spark/internal/config/ConfigReader$
instanceKlass org/apache/spark/internal/config/ConfigEntryWithDefaultString$$Lambda$293
instanceKlass org/apache/spark/SparkConf$$Lambda$292
instanceKlass java/lang/invoke/LambdaForm$MH
instanceKlass java/lang/invoke/LambdaForm$DMH
instanceKlass java/lang/invoke/LambdaForm$DMH
instanceKlass org/apache/spark/SparkConf$$Lambda$291
instanceKlass java/lang/invoke/LambdaForm$DMH
instanceKlass org/apache/spark/SparkConf$$Lambda$290
instanceKlass java/lang/invoke/LambdaForm$MH
instanceKlass java/lang/invoke/LambdaForm$DMH
instanceKlass java/lang/invoke/LambdaForm$DMH
instanceKlass org/apache/spark/SparkConf$$Lambda$289
instanceKlass scala/runtime/java8/JFunction0$mcD$sp
instanceKlass java/lang/invoke/LambdaForm$DMH
instanceKlass org/apache/spark/SparkConf$$Lambda$288
instanceKlass org/apache/spark/SparkConf$$Lambda$287
instanceKlass org/apache/spark/SparkConf$$Lambda$286
instanceKlass org/apache/spark/SparkConf$$Lambda$285
instanceKlass org/apache/spark/SparkConf$$Lambda$284
instanceKlass org/apache/spark/SparkConf$$Lambda$283
instanceKlass javax/security/auth/kerberos/KerberosTicket
instanceKlass javax/security/auth/Refreshable
instanceKlass javax/security/auth/Destroyable
instanceKlass org/apache/hadoop/security/User
instanceKlass javax/security/auth/Subject$SecureSet$1
instanceKlass com/sun/security/auth/NTNumericCredential
instanceKlass com/sun/security/auth/NTDomainPrincipal
instanceKlass com/sun/security/auth/NTSid
instanceKlass com/sun/security/auth/module/NTSystem
instanceKlass javax/security/auth/callback/CallbackHandler
instanceKlass com/sun/security/auth/module/NTLoginModule
instanceKlass javax/security/auth/login/LoginContext$4
instanceKlass javax/security/auth/login/LoginContext$3
instanceKlass javax/security/auth/login/LoginContext$2
instanceKlass javax/security/auth/login/LoginContext$ModuleInfo
instanceKlass javax/security/auth/login/LoginContext
instanceKlass javax/security/auth/login/AppConfigurationEntry$LoginModuleControlFlag
instanceKlass javax/security/auth/login/AppConfigurationEntry
instanceKlass com/google/common/cache/LocalCache$AbstractReferenceEntry
instanceKlass com/google/common/cache/RemovalListener
instanceKlass com/google/common/cache/Weigher
instanceKlass com/google/common/cache/LocalCache$StrongValueReference
instanceKlass com/google/common/cache/LocalCache$1
instanceKlass com/google/common/util/concurrent/ListeningScheduledExecutorService
instanceKlass java/util/concurrent/ScheduledExecutorService
instanceKlass com/google/common/util/concurrent/ListeningExecutorService
instanceKlass com/google/common/util/concurrent/MoreExecutors
instanceKlass com/google/common/cache/LocalCache$ReferenceEntry
instanceKlass com/google/common/cache/LocalCache$ValueReference
instanceKlass com/google/common/cache/LocalCache$LocalManualCache
instanceKlass com/google/common/cache/CacheBuilder$2
instanceKlass com/google/common/cache/CacheStats
instanceKlass com/google/common/base/Suppliers$SupplierOfInstance
instanceKlass com/google/common/base/Suppliers
instanceKlass com/google/common/cache/CacheBuilder$1
instanceKlass com/google/common/cache/AbstractCache$StatsCounter
instanceKlass com/google/common/base/Supplier
instanceKlass com/google/common/cache/LoadingCache
instanceKlass com/google/common/cache/Cache
instanceKlass com/google/common/cache/CacheBuilder
instanceKlass com/google/common/collect/Iterators$2
instanceKlass com/google/common/collect/PeekingIterator
instanceKlass com/google/common/collect/Iterators
instanceKlass java/util/concurrent/ConcurrentHashMap$MapEntry
instanceKlass org/apache/hadoop/mapred/JobConfigurable
instanceKlass org/apache/commons/collections/keyvalue/AbstractMapEntryDecorator
instanceKlass org/apache/commons/collections/KeyValue
instanceKlass org/apache/commons/collections/iterators/AbstractIteratorDecorator
instanceKlass org/apache/commons/collections/collection/AbstractCollectionDecorator
instanceKlass org/apache/hadoop/fs/Syncable
instanceKlass org/apache/hadoop/mapreduce/Mapper
instanceKlass org/apache/hadoop/mapreduce/Partitioner
instanceKlass org/apache/hadoop/io/WritableComparator
instanceKlass org/apache/hadoop/mapreduce/RecordWriter
instanceKlass org/apache/hadoop/mapreduce/OutputCommitter
instanceKlass org/apache/hadoop/mapreduce/TaskAttemptContext
instanceKlass org/apache/hadoop/util/Progressable
instanceKlass org/apache/hadoop/mapreduce/JobContext
instanceKlass org/apache/hadoop/mapreduce/MRJobConfig
instanceKlass org/apache/hadoop/mapreduce/OutputFormat
instanceKlass org/apache/hadoop/mapreduce/util/ConfigUtil
instanceKlass org/apache/hadoop/io/RawComparator
instanceKlass org/apache/hadoop/util/PerformanceAdvisory
instanceKlass java/lang/ClassLoaderHelper
instanceKlass org/apache/hadoop/util/NativeCodeLoader
instanceKlass org/apache/hadoop/security/JniBasedUnixGroupsMappingWithFallback
instanceKlass org/apache/hadoop/security/ShellBasedUnixGroupsMapping
instanceKlass org/apache/hadoop/security/GroupMappingServiceProvider
instanceKlass org/apache/hadoop/util/Timer
instanceKlass com/google/common/cache/CacheLoader
instanceKlass org/apache/hadoop/security/authentication/util/KerberosName$Rule
instanceKlass org/apache/hadoop/security/HadoopKerberosName$1
instanceKlass sun/security/krb5/Config$2
instanceKlass sun/security/krb5/Config$1
instanceKlass sun/security/krb5/internal/KerberosTime
instanceKlass sun/security/krb5/internal/util/KerberosFlags
instanceKlass sun/security/krb5/EncryptionKey
instanceKlass sun/security/util/DerValue
instanceKlass sun/security/krb5/Realm
instanceKlass sun/security/krb5/PrincipalName
instanceKlass sun/security/krb5/internal/Ticket
instanceKlass sun/security/krb5/Credentials$1
instanceKlass sun/security/krb5/Credentials
instanceKlass sun/security/krb5/Config$FileExistsAction
instanceKlass sun/security/krb5/internal/Krb5
instanceKlass sun/security/util/SecurityProperties
instanceKlass sun/security/krb5/Config
instanceKlass org/apache/hadoop/security/authentication/util/KerberosUtil
instanceKlass org/apache/hadoop/security/authentication/util/KerberosName
instanceKlass org/apache/hadoop/util/Shell
instanceKlass org/apache/hadoop/util/StringUtils
instanceKlass org/apache/hadoop/security/SecurityInfo
instanceKlass org/apache/hadoop/security/SecurityUtil$StandardHostResolver
instanceKlass com/google/common/collect/MapMakerInternalMap$StrongValueReference
instanceKlass com/google/common/collect/MapMaker$RemovalListener
instanceKlass com/google/common/base/Ticker
instanceKlass com/google/common/base/Objects
instanceKlass com/google/common/collect/MapMakerInternalMap$1
instanceKlass com/google/common/collect/MapMakerInternalMap$ReferenceEntry
instanceKlass com/google/common/base/Predicate
instanceKlass com/google/common/base/Equivalence
instanceKlass com/google/common/collect/MapMakerInternalMap$ValueReference
instanceKlass com/google/common/collect/Interners$WeakInterner
instanceKlass com/google/common/collect/Interners$1
instanceKlass com/google/common/collect/GenericMapMaker
instanceKlass com/google/common/collect/Interner
instanceKlass com/google/common/collect/Interners
instanceKlass org/apache/hadoop/util/StringInterner
instanceKlass org/apache/xerces/dom/NodeListCache
instanceKlass org/apache/xerces/dom/CharacterDataImpl$1
instanceKlass org/apache/xerces/dom/NamedNodeMapImpl
instanceKlass org/w3c/dom/NamedNodeMap
instanceKlass org/apache/xerces/dom/DeferredDocumentImpl$RefCount
instanceKlass org/w3c/dom/traversal/NodeIterator
instanceKlass org/w3c/dom/events/MutationEvent
instanceKlass org/w3c/dom/events/Event
instanceKlass org/w3c/dom/traversal/TreeWalker
instanceKlass org/w3c/dom/ranges/Range
instanceKlass org/w3c/dom/Notation
instanceKlass org/w3c/dom/DocumentType
instanceKlass org/w3c/dom/DocumentFragment
instanceKlass org/w3c/dom/Comment
instanceKlass org/w3c/dom/CDATASection
instanceKlass org/w3c/dom/Text
instanceKlass org/w3c/dom/ProcessingInstruction
instanceKlass org/w3c/dom/DOMConfiguration
instanceKlass org/w3c/dom/Attr
instanceKlass org/w3c/dom/TypeInfo
instanceKlass org/apache/xerces/impl/Constants$ArrayEnumeration
instanceKlass org/apache/xerces/impl/Constants
instanceKlass org/apache/xerces/util/IntStack
instanceKlass org/apache/xerces/xinclude/XIncludeMessageFormatter
instanceKlass org/apache/xerces/util/XMLLocatorWrapper
instanceKlass org/apache/xerces/util/XMLSymbols
instanceKlass org/apache/xerces/util/SecurityManager
instanceKlass org/apache/xerces/xinclude/XIncludeHandler$UnparsedEntity
instanceKlass org/apache/xerces/xinclude/XIncludeHandler$Notation
instanceKlass org/apache/xerces/xinclude/XIncludeTextReader
instanceKlass org/apache/xerces/xpointer/XPointerProcessor
instanceKlass org/apache/xerces/xinclude/XIncludeHandler
instanceKlass org/apache/xerces/util/XMLChar
instanceKlass org/apache/xerces/util/URI
instanceKlass org/apache/xerces/xni/parser/XMLInputSource
instanceKlass org/xml/sax/InputSource
instanceKlass org/apache/xerces/impl/msg/XMLMessageFormatter
instanceKlass org/apache/xerces/impl/XMLVersionDetector
instanceKlass org/apache/xerces/impl/validation/ValidationManager
instanceKlass org/apache/xerces/impl/dv/dtd/NMTOKENDatatypeValidator
instanceKlass org/apache/xerces/impl/dv/dtd/NOTATIONDatatypeValidator
instanceKlass org/apache/xerces/impl/dv/dtd/ENTITYDatatypeValidator
instanceKlass org/apache/xerces/impl/dv/dtd/ListDatatypeValidator
instanceKlass org/apache/xerces/impl/dv/dtd/IDREFDatatypeValidator
instanceKlass org/apache/xerces/impl/dv/dtd/IDDatatypeValidator
instanceKlass org/apache/xerces/impl/dv/dtd/StringDatatypeValidator
instanceKlass org/apache/xerces/impl/dv/DatatypeValidator
instanceKlass org/apache/xerces/impl/dv/SecuritySupport$3
instanceKlass org/apache/xerces/impl/dv/SecuritySupport$2
instanceKlass org/apache/xerces/impl/dv/SecuritySupport$1
instanceKlass org/apache/xerces/impl/dv/SecuritySupport
instanceKlass org/apache/xerces/impl/dv/ObjectFactory
instanceKlass org/apache/xerces/impl/dv/DTDDVFactory
instanceKlass org/apache/xerces/impl/dtd/DTDGrammarBucket
instanceKlass org/apache/xerces/impl/dtd/XMLAttributeDecl
instanceKlass org/apache/xerces/impl/dtd/XMLSimpleType
instanceKlass org/apache/xerces/impl/dtd/XMLElementDecl
instanceKlass org/apache/xerces/impl/validation/ValidationState
instanceKlass org/apache/xerces/impl/dv/ValidationContext
instanceKlass org/apache/xerces/impl/dtd/DTDGrammar
instanceKlass org/apache/xerces/xni/grammars/Grammar
instanceKlass org/apache/xerces/impl/validation/EntityState
instanceKlass org/apache/xerces/impl/dtd/XMLEntityDecl
instanceKlass org/apache/xerces/impl/XMLDocumentScannerImpl$TrailingMiscDispatcher
instanceKlass org/apache/xerces/impl/XMLDocumentScannerImpl$DTDDispatcher
instanceKlass org/apache/xerces/impl/XMLDocumentScannerImpl$PrologDispatcher
instanceKlass org/apache/xerces/impl/XMLDocumentScannerImpl$XMLDeclDispatcher
instanceKlass org/apache/xerces/util/NamespaceSupport
instanceKlass org/apache/xerces/util/XMLAttributesImpl$Attribute
instanceKlass org/apache/xerces/util/XMLAttributesImpl
instanceKlass org/apache/xerces/impl/XMLDocumentFragmentScannerImpl$FragmentContentDispatcher
instanceKlass org/apache/xerces/xni/QName
instanceKlass org/apache/xerces/impl/XMLDocumentFragmentScannerImpl$ElementStack
instanceKlass org/apache/xerces/xni/grammars/XMLDTDDescription
instanceKlass org/apache/xerces/xni/grammars/XMLGrammarDescription
instanceKlass org/apache/xerces/impl/XMLDocumentFragmentScannerImpl$Dispatcher
instanceKlass org/apache/xerces/xni/XMLAttributes
instanceKlass org/apache/xerces/xni/XMLString
instanceKlass org/apache/xerces/impl/XMLErrorReporter
instanceKlass org/apache/xerces/impl/XMLEntityManager$CharacterBuffer
instanceKlass org/apache/xerces/impl/XMLEntityManager$CharacterBufferPool
instanceKlass org/apache/xerces/impl/XMLEntityManager$ByteBufferPool
instanceKlass org/apache/xerces/util/AugmentationsImpl$AugmentationsItemsContainer
instanceKlass org/apache/xerces/util/AugmentationsImpl
instanceKlass org/apache/xerces/util/XMLResourceIdentifierImpl
instanceKlass org/apache/xerces/impl/XMLEntityManager$1
instanceKlass org/apache/xerces/xni/Augmentations
instanceKlass org/apache/xerces/impl/XMLEntityScanner
instanceKlass org/apache/xerces/xni/XMLResourceIdentifier
instanceKlass org/apache/xerces/impl/XMLEntityManager$Entity
instanceKlass org/apache/xerces/impl/XMLEntityManager
instanceKlass org/apache/xerces/util/SymbolTable$Entry
instanceKlass org/apache/xerces/xni/grammars/XMLGrammarPool
instanceKlass org/apache/xerces/util/SymbolTable
instanceKlass org/apache/xerces/xni/NamespaceContext
instanceKlass org/apache/xerces/xni/XMLLocator
instanceKlass org/apache/xerces/util/MessageFormatter
instanceKlass org/apache/xerces/impl/dtd/XMLDTDValidator
instanceKlass org/apache/xerces/impl/dtd/XMLDTDValidatorFilter
instanceKlass org/apache/xerces/xni/parser/XMLDocumentScanner
instanceKlass org/apache/xerces/xni/grammars/XMLGrammarLoader
instanceKlass org/apache/xerces/impl/dtd/XMLDTDProcessor
instanceKlass org/apache/xerces/xni/parser/XMLDTDContentModelFilter
instanceKlass org/apache/xerces/xni/parser/XMLDTDFilter
instanceKlass org/apache/xerces/impl/XMLScanner
instanceKlass org/apache/xerces/impl/XMLEntityHandler
instanceKlass org/apache/xerces/xni/parser/XMLDTDScanner
instanceKlass org/apache/xerces/xni/parser/XMLDTDContentModelSource
instanceKlass org/apache/xerces/util/ParserConfigurationSettings
instanceKlass org/apache/xerces/parsers/XML11Configurable
instanceKlass org/apache/xerces/xni/parser/XMLPullParserConfiguration
instanceKlass org/apache/xerces/xni/parser/XMLParserConfiguration
instanceKlass org/apache/xerces/parsers/SecuritySupport$6
instanceKlass org/apache/xerces/parsers/SecuritySupport$7
instanceKlass org/apache/xerces/parsers/SecuritySupport$4
instanceKlass org/apache/xerces/parsers/SecuritySupport$3
instanceKlass org/apache/xerces/parsers/SecuritySupport$2
instanceKlass org/apache/xerces/parsers/SecuritySupport$1
instanceKlass org/apache/xerces/parsers/SecuritySupport
instanceKlass org/apache/xerces/parsers/ObjectFactory
instanceKlass org/xml/sax/Locator
instanceKlass org/xml/sax/EntityResolver
instanceKlass org/apache/xerces/xni/parser/XMLEntityResolver
instanceKlass org/apache/xerces/xni/parser/XMLErrorHandler
instanceKlass org/apache/xerces/xs/XSSimpleTypeDefinition
instanceKlass org/apache/xerces/xs/XSTypeDefinition
instanceKlass org/apache/xerces/xs/XSObject
instanceKlass org/apache/xerces/xs/ItemPSVI
instanceKlass org/w3c/dom/EntityReference
instanceKlass org/w3c/dom/Entity
instanceKlass org/w3c/dom/DOMError
instanceKlass org/w3c/dom/ranges/DocumentRange
instanceKlass org/w3c/dom/events/DocumentEvent
instanceKlass org/w3c/dom/traversal/DocumentTraversal
instanceKlass org/apache/xerces/dom/DeferredNode
instanceKlass org/apache/xerces/dom/NodeImpl
instanceKlass org/w3c/dom/events/EventTarget
instanceKlass org/w3c/dom/NodeList
instanceKlass org/w3c/dom/CharacterData
instanceKlass org/apache/xerces/jaxp/TeeXMLDocumentFilterImpl
instanceKlass org/apache/xerces/impl/xs/XMLSchemaValidator
instanceKlass org/apache/xerces/impl/RevalidationHandler
instanceKlass org/apache/xerces/impl/xs/identity/FieldActivator
instanceKlass org/apache/xerces/xni/parser/XMLDocumentFilter
instanceKlass org/apache/xerces/xni/parser/XMLDocumentSource
instanceKlass org/apache/xerces/xni/parser/XMLComponent
instanceKlass org/apache/xerces/xni/parser/XMLComponentManager
instanceKlass org/apache/xerces/xni/parser/XMLDTDSource
instanceKlass org/xml/sax/ErrorHandler
instanceKlass org/apache/xerces/parsers/XMLParser
instanceKlass org/apache/xerces/xni/XMLDTDContentModelHandler
instanceKlass org/apache/xerces/xni/XMLDTDHandler
instanceKlass org/apache/xerces/xni/XMLDocumentHandler
instanceKlass org/apache/xerces/jaxp/JAXPConstants
instanceKlass javax/xml/parsers/DocumentBuilder
instanceKlass javax/xml/parsers/FactoryFinder$1
instanceKlass javax/xml/parsers/SecuritySupport$4
instanceKlass javax/xml/parsers/SecuritySupport$2
instanceKlass javax/xml/parsers/SecuritySupport
instanceKlass javax/xml/parsers/FactoryFinder
instanceKlass javax/xml/parsers/DocumentBuilderFactory
instanceKlass org/apache/hadoop/conf/Configuration$Resource
instanceKlass java/util/concurrent/CopyOnWriteArrayList$COWIterator
instanceKlass org/apache/hadoop/security/SecurityUtil$HostResolver
instanceKlass org/apache/hadoop/security/SecurityUtil
instanceKlass java/util/WeakHashMap$HashIterator
instanceKlass org/apache/commons/collections/MapIterator
instanceKlass org/apache/commons/collections/map/AbstractMapDecorator
instanceKlass org/apache/commons/collections/Unmodifiable
instanceKlass org/apache/commons/collections/IterableMap
instanceKlass org/apache/hadoop/conf/Configuration$DeprecatedKeyInfo
instanceKlass org/apache/hadoop/conf/Configuration$DeprecationContext
instanceKlass org/apache/hadoop/conf/Configuration$DeprecationDelta
instanceKlass org/apache/hadoop/conf/Configuration$NegativeCacheSentinel
instanceKlass javax/xml/transform/Source
instanceKlass javax/xml/transform/Result
instanceKlass org/apache/hadoop/conf/Configured
instanceKlass org/apache/hadoop/conf/Configurable
instanceKlass javax/security/auth/Subject$1
instanceKlass javax/security/auth/Subject
instanceKlass com/sun/security/auth/NTUserPrincipal
instanceKlass org/apache/hadoop/util/PlatformName
instanceKlass org/apache/hadoop/metrics2/impl/MetricsSystemImpl$3
instanceKlass org/apache/hadoop/metrics2/MetricsSystem$AbstractCallback
instanceKlass org/apache/hadoop/metrics2/lib/UniqueNames$Count
instanceKlass org/apache/hadoop/metrics2/lib/MetricsSourceBuilder$1
instanceKlass org/apache/hadoop/metrics2/util/SampleStat$MinMax
instanceKlass org/apache/hadoop/metrics2/util/SampleStat
instanceKlass org/apache/commons/lang/text/StrTokenizer
instanceKlass org/apache/commons/lang/text/StrBuilder
instanceKlass org/apache/commons/lang/StringUtils
instanceKlass org/apache/hadoop/metrics2/annotation/Metric
instanceKlass org/apache/hadoop/metrics2/MetricsTag
instanceKlass org/apache/hadoop/security/UserGroupInformation$HadoopLoginModule
instanceKlass javax/security/auth/spi/LoginModule
instanceKlass org/apache/hadoop/security/UserGroupInformation$RealUser
instanceKlass org/apache/hadoop/classification/InterfaceStability$Evolving
instanceKlass org/apache/hadoop/classification/InterfaceAudience$Public
instanceKlass org/apache/hadoop/metrics2/annotation/Metrics
instanceKlass sun/management/ThreadImpl
instanceKlass com/sun/management/ThreadMXBean
instanceKlass java/lang/management/ThreadMXBean
instanceKlass java/lang/management/PlatformManagedObject
instanceKlass sun/management/VMManagementImpl
instanceKlass sun/management/VMManagement
instanceKlass sun/management/ManagementFactoryHelper$4
instanceKlass sun/management/ManagementFactoryHelper
instanceKlass java/lang/management/ManagementFactory
instanceKlass org/apache/hadoop/util/ReflectionUtils
instanceKlass org/apache/hadoop/metrics2/lib/MutableMetric
instanceKlass org/apache/hadoop/metrics2/lib/MutableMetricsFactory
instanceKlass org/apache/hadoop/metrics2/lib/MetricsSourceBuilder
instanceKlass org/apache/hadoop/metrics2/lib/MetricsAnnotations
instanceKlass org/apache/hadoop/metrics2/lib/UniqueNames
instanceKlass org/apache/hadoop/metrics2/MetricsRecordBuilder
instanceKlass org/apache/hadoop/metrics2/impl/MetricsCollectorImpl
instanceKlass org/apache/hadoop/metrics2/MetricsCollector
instanceKlass com/google/common/collect/Lists
instanceKlass org/apache/hadoop/metrics2/lib/MetricsInfoImpl
instanceKlass org/apache/hadoop/metrics2/lib/Interns$CacheWith2Keys
instanceKlass org/apache/hadoop/metrics2/lib/Interns
instanceKlass com/google/common/base/Joiner$MapJoiner
instanceKlass com/google/common/base/Preconditions
instanceKlass com/google/common/base/Joiner
instanceKlass com/google/common/collect/Multiset
instanceKlass com/google/common/collect/Collections2
instanceKlass com/google/common/collect/Maps$EntryTransformer
instanceKlass com/google/common/base/Converter
instanceKlass com/google/common/collect/ImmutableMap
instanceKlass com/google/common/base/Function
instanceKlass com/google/common/collect/BiMap
instanceKlass com/google/common/collect/SortedMapDifference
instanceKlass com/google/common/collect/MapDifference
instanceKlass com/google/common/collect/UnmodifiableIterator
instanceKlass com/google/common/collect/Maps
instanceKlass org/apache/hadoop/metrics2/lib/MetricsRegistry
instanceKlass org/apache/commons/configuration/Configuration
instanceKlass java/util/TimerTask
instanceKlass org/apache/hadoop/metrics2/MetricsInfo
instanceKlass org/apache/hadoop/metrics2/MetricsSystem$Callback
instanceKlass org/apache/hadoop/metrics2/MetricsSystem
instanceKlass org/apache/hadoop/metrics2/MetricsSystemMXBean
instanceKlass org/apache/hadoop/metrics2/MetricsSource
instanceKlass org/apache/hadoop/security/UserGroupInformation$UgiMetrics
instanceKlass org/apache/commons/logging/impl/SLF4JLog
instanceKlass org/apache/commons/logging/impl/SLF4JLocationAwareLog
instanceKlass org/apache/commons/logging/Log
instanceKlass org/apache/commons/logging/LogFactory
instanceKlass org/apache/hadoop/security/Groups
instanceKlass javax/security/auth/login/Configuration
instanceKlass org/apache/hadoop/security/UserGroupInformation
instanceKlass org/apache/spark/util/Utils$$$Lambda$282
instanceKlass org/sparkproject/guava/collect/MapMaker$RemovalListener
instanceKlass org/sparkproject/guava/base/Ticker
instanceKlass org/sparkproject/guava/base/Equivalence
instanceKlass org/sparkproject/guava/base/Objects
instanceKlass org/sparkproject/guava/collect/MapMakerInternalMap$1
instanceKlass org/sparkproject/guava/collect/MapMakerInternalMap$ReferenceEntry
instanceKlass org/sparkproject/guava/collect/MapMakerInternalMap$ValueReference
instanceKlass org/sparkproject/guava/collect/GenericMapMaker
instanceKlass scala/collection/convert/DecorateAsScala$$Lambda$281
instanceKlass sun/util/logging/LoggingSupport$2
instanceKlass java/util/logging/Formatter
instanceKlass java/util/logging/ErrorManager
instanceKlass java/util/logging/LogRecord
instanceKlass org/apache/spark/util/Utils$$$Lambda$280
instanceKlass org/apache/spark/internal/Logging$
instanceKlass org/apache/spark/SparkContext$$Lambda$279
instanceKlass org/apache/spark/SparkContext$$$Lambda$278
instanceKlass org/apache/spark/SparkContext$$$Lambda$277
instanceKlass org/apache/spark/SparkContext$$$Lambda$276
instanceKlass org/apache/spark/SparkContext$$$Lambda$275
instanceKlass org/apache/spark/util/CallSite
instanceKlass org/apache/spark/util/Utils$$$Lambda$274
instanceKlass scala/runtime/RichInt$
instanceKlass scala/runtime/IntRef
instanceKlass org/apache/spark/util/Utils$$$Lambda$273
instanceKlass org/apache/spark/rdd/RDD
instanceKlass org/apache/spark/util/AccumulatorV2
instanceKlass org/apache/hadoop/conf/Configuration
instanceKlass org/apache/hadoop/io/Writable
instanceKlass org/apache/spark/scheduler/SparkListenerEvent
instanceKlass org/apache/spark/metrics/source/Source
instanceKlass org/apache/spark/rpc/RpcEndpoint
instanceKlass org/apache/spark/scheduler/SchedulerBackend
instanceKlass org/apache/spark/SparkContext$
instanceKlass org/apache/spark/sql/SparkSession$Builder$$Lambda$272
instanceKlass org/apache/spark/SparkContext
instanceKlass scala/runtime/ObjectRef
instanceKlass org/apache/spark/internal/config/ConfigEntryWithDefault$$Lambda$271
instanceKlass scala/collection/generic/GenericTraversableTemplate$$Lambda$270
instanceKlass org/apache/spark/internal/config/ConfigEntry$$Lambda$269
instanceKlass org/apache/spark/internal/config/ConfigEntry$$Lambda$268
instanceKlass org/apache/spark/internal/config/ConfigReader$$Lambda$267
instanceKlass org/apache/spark/SparkConf$$$Lambda$266
instanceKlass org/apache/spark/internal/config/SparkConfigProvider$$Lambda$265
instanceKlass org/apache/spark/internal/config/ConfigEntry$$Lambda$264
instanceKlass org/apache/spark/SparkConf$$Lambda$263
instanceKlass org/apache/spark/internal/config/SystemProvider
instanceKlass org/apache/spark/internal/config/EnvProvider
instanceKlass org/apache/spark/internal/config/SparkConfigProvider
instanceKlass org/apache/spark/internal/config/ConfigReader
instanceKlass org/apache/spark/SparkConf$$$Lambda$262
instanceKlass org/apache/spark/SparkConf$$$Lambda$261
instanceKlass org/apache/spark/SparkConf$$$Lambda$260
instanceKlass scala/collection/TraversableLike$$Lambda$259
instanceKlass org/apache/spark/SparkConf$$$Lambda$258
instanceKlass org/apache/spark/SparkConf$$$Lambda$257
instanceKlass org/apache/spark/internal/config/Kryo$
instanceKlass org/apache/spark/SparkConf$$$Lambda$256
instanceKlass org/apache/spark/internal/config/TypedConfigBuilder$$Lambda$255
instanceKlass org/apache/spark/internal/config/History$$$Lambda$254
instanceKlass scala/runtime/java8/JFunction0$mcI$sp
instanceKlass java/lang/invoke/LambdaForm$DMH
instanceKlass java/lang/invoke/LambdaForm$DMH
instanceKlass org/apache/spark/internal/config/History$$$Lambda$253
instanceKlass org/apache/spark/internal/config/History$
instanceKlass scala/runtime/AbstractFunction3
instanceKlass scala/Function3
instanceKlass org/apache/spark/SparkConf$AlternateConfig
instanceKlass scala/Enumeration$$Lambda$252
instanceKlass scala/Enumeration$$Lambda$251
instanceKlass scala/Enumeration$ValueOrdering$
instanceKlass scala/Enumeration$ValueSet$
instanceKlass scala/collection/immutable/SortedSet
instanceKlass scala/collection/SortedSet
instanceKlass scala/collection/SortedSetLike
instanceKlass scala/collection/generic/Sorted
instanceKlass scala/Enumeration$$Lambda$250
instanceKlass scala/Enumeration$Value
instanceKlass scala/Enumeration
instanceKlass org/apache/spark/internal/config/package$$$Lambda$249
instanceKlass org/apache/spark/internal/config/package$$$Lambda$248
instanceKlass org/apache/spark/internal/config/package$$$Lambda$247
instanceKlass org/apache/spark/internal/config/package$$$Lambda$246
instanceKlass org/apache/spark/internal/config/package$$$Lambda$245
instanceKlass org/apache/spark/internal/config/package$$$Lambda$244
instanceKlass org/apache/spark/internal/config/package$$$Lambda$243
instanceKlass org/apache/spark/internal/config/package$$$Lambda$242
instanceKlass org/apache/spark/internal/config/package$$$Lambda$241
instanceKlass org/apache/spark/internal/config/package$$$Lambda$240
instanceKlass org/apache/spark/internal/config/package$$$Lambda$239
instanceKlass org/apache/spark/internal/config/package$$$Lambda$238
instanceKlass org/apache/spark/shuffle/sort/io/LocalDiskShuffleDataIO
instanceKlass org/apache/spark/shuffle/api/ShuffleDataIO
instanceKlass org/apache/spark/internal/config/package$$$Lambda$237
instanceKlass org/apache/spark/internal/config/package$$$Lambda$236
instanceKlass org/apache/spark/internal/config/package$$$Lambda$235
instanceKlass org/apache/spark/unsafe/Platform
instanceKlass org/apache/spark/unsafe/array/ByteArrayMethods
instanceKlass org/apache/spark/internal/config/package$$$Lambda$234
instanceKlass org/apache/spark/internal/config/ConfigBuilder$$Lambda$233
instanceKlass org/apache/spark/internal/config/ConfigBuilder$$Lambda$232
instanceKlass java/net/InetAddress$CachedAddresses
instanceKlass sun/net/InetAddressCachePolicy$2
instanceKlass sun/net/InetAddressCachePolicy$1
instanceKlass sun/net/InetAddressCachePolicy
instanceKlass java/net/InetAddress$NameServiceAddresses
instanceKlass java/net/InetAddress$Addresses
instanceKlass java/util/concurrent/ConcurrentSkipListMap$Iter
instanceKlass org/apache/spark/util/Utils$$$Lambda$231
instanceKlass org/apache/spark/internal/config/package$$$Lambda$230
instanceKlass org/apache/spark/internal/config/TypedConfigBuilder$$Lambda$229
instanceKlass scala/collection/mutable/SetBuilder
instanceKlass org/apache/spark/internal/config/package$$$Lambda$228
instanceKlass org/apache/spark/internal/config/package$$$Lambda$227
instanceKlass org/apache/spark/internal/config/package$$$Lambda$226
instanceKlass org/apache/spark/internal/config/ConfigBuilder$$Lambda$225
instanceKlass org/apache/spark/internal/config/package$$$Lambda$224
instanceKlass scala/runtime/java8/JFunction1$mcZI$sp
instanceKlass java/lang/invoke/LambdaForm$DMH
instanceKlass java/lang/invoke/LambdaForm$DMH
instanceKlass org/apache/spark/internal/config/Network$
instanceKlass org/apache/spark/storage/TopologyMapper
instanceKlass org/apache/spark/storage/RandomBlockReplicationPolicy
instanceKlass org/apache/spark/storage/BlockReplicationPolicy
instanceKlass org/apache/spark/internal/config/ConfigBuilder$$Lambda$223
instanceKlass org/apache/spark/internal/config/ConfigBuilder$$Lambda$222
instanceKlass org/apache/spark/internal/config/ConfigBuilder$$Lambda$221
instanceKlass org/apache/spark/internal/config/package$$$Lambda$220
instanceKlass scala/runtime/java8/JFunction1$mcZD$sp
instanceKlass java/lang/invoke/LambdaForm$DMH
instanceKlass java/lang/invoke/LambdaForm$DMH
instanceKlass org/apache/spark/internal/config/ConfigBuilder$$Lambda$219
instanceKlass org/sparkproject/guava/collect/Hashing
instanceKlass org/sparkproject/guava/collect/RegularImmutableMap$LinkedEntry
instanceKlass org/sparkproject/guava/collect/AbstractMapEntry
instanceKlass org/sparkproject/guava/base/Joiner$MapJoiner
instanceKlass org/sparkproject/guava/base/Joiner
instanceKlass org/sparkproject/guava/collect/Multiset
instanceKlass org/sparkproject/guava/collect/Collections2
instanceKlass org/sparkproject/guava/collect/SortedMapDifference
instanceKlass org/sparkproject/guava/collect/Maps$EntryTransformer
instanceKlass org/sparkproject/guava/base/Predicate
instanceKlass org/sparkproject/guava/base/Function
instanceKlass org/sparkproject/guava/collect/MapDifference
instanceKlass org/sparkproject/guava/collect/UnmodifiableIterator
instanceKlass org/sparkproject/guava/collect/Maps
instanceKlass org/sparkproject/guava/base/Preconditions
instanceKlass org/sparkproject/guava/collect/Lists
instanceKlass org/sparkproject/guava/collect/ImmutableMap$Builder
instanceKlass org/sparkproject/guava/collect/BiMap
instanceKlass org/sparkproject/guava/collect/ImmutableCollection
instanceKlass org/sparkproject/guava/collect/ImmutableMap
instanceKlass org/apache/log4j/CategoryKey
instanceKlass org/apache/log4j/helpers/AppenderAttachableImpl
instanceKlass java/util/Vector$1
instanceKlass java/util/Collections$EmptyEnumeration
instanceKlass org/apache/log4j/SortedKeyEnumeration
instanceKlass org/apache/log4j/spi/LoggingEvent
instanceKlass java/beans/SimpleBeanInfo
instanceKlass java/beans/Transient
instanceKlass com/sun/beans/WildcardTypeImpl
instanceKlass com/sun/beans/TypeResolver
instanceKlass java/beans/MethodRef
instanceKlass com/sun/beans/util/Cache$CacheEntry
instanceKlass com/sun/beans/util/Cache
instanceKlass com/sun/beans/finder/AbstractFinder
instanceKlass com/sun/beans/finder/ClassFinder
instanceKlass com/sun/beans/finder/InstanceFinder
instanceKlass java/beans/WeakIdentityMap
instanceKlass java/beans/ThreadGroupContext
instanceKlass java/beans/FeatureDescriptor
instanceKlass java/util/EventListener
instanceKlass com/sun/beans/WeakCache
instanceKlass java/beans/Introspector
instanceKlass java/beans/BeanInfo
instanceKlass org/apache/log4j/config/PropertySetter
instanceKlass org/apache/log4j/helpers/FormattingInfo
instanceKlass org/apache/log4j/helpers/PatternConverter
instanceKlass org/apache/log4j/helpers/PatternParser
instanceKlass org/apache/log4j/helpers/OnlyOnceErrorHandler
instanceKlass org/apache/log4j/Layout
instanceKlass org/apache/log4j/spi/ErrorHandler
instanceKlass org/apache/log4j/AppenderSkeleton
instanceKlass org/apache/log4j/Appender
instanceKlass org/apache/log4j/PropertyConfigurator
instanceKlass org/apache/log4j/helpers/LogLog
instanceKlass org/apache/log4j/helpers/Loader
instanceKlass org/apache/log4j/spi/Configurator
instanceKlass org/apache/log4j/helpers/OptionConverter
instanceKlass org/apache/log4j/spi/DefaultRepositorySelector
instanceKlass org/apache/log4j/DefaultCategoryFactory
instanceKlass org/apache/log4j/or/DefaultRenderer
instanceKlass org/apache/log4j/or/ObjectRenderer
instanceKlass org/apache/log4j/or/RendererMap
instanceKlass org/apache/log4j/spi/LoggerFactory
instanceKlass org/apache/log4j/Hierarchy
instanceKlass org/apache/log4j/spi/ThrowableRendererSupport
instanceKlass org/apache/log4j/spi/RendererSupport
instanceKlass org/apache/log4j/Category
instanceKlass org/apache/log4j/spi/AppenderAttachable
instanceKlass org/apache/log4j/spi/RepositorySelector
instanceKlass org/apache/log4j/spi/LoggerRepository
instanceKlass org/apache/log4j/LogManager
instanceKlass org/slf4j/helpers/NamedLoggerBase
instanceKlass org/slf4j/spi/LocationAwareLogger
instanceKlass org/slf4j/impl/Log4jLoggerFactory
instanceKlass org/apache/log4j/Priority
instanceKlass org/slf4j/impl/StaticLoggerBinder
instanceKlass org/slf4j/spi/LoggerFactoryBinder
instanceKlass org/slf4j/helpers/Util
instanceKlass org/slf4j/helpers/NOPLoggerFactory
instanceKlass org/slf4j/Logger
instanceKlass org/slf4j/helpers/SubstituteLoggerFactory
instanceKlass org/slf4j/ILoggerFactory
instanceKlass org/slf4j/event/LoggingEvent
instanceKlass org/slf4j/LoggerFactory
instanceKlass org/apache/spark/network/util/JavaUtils
instanceKlass org/apache/spark/internal/config/package$$$Lambda$218
instanceKlass org/apache/spark/internal/config/ConfigBuilder$$Lambda$217
instanceKlass org/apache/spark/internal/config/ConfigBuilder$$Lambda$216
instanceKlass org/apache/spark/internal/config/TypedConfigBuilder$$Lambda$215
instanceKlass org/apache/spark/internal/config/TypedConfigBuilder$$Lambda$214
instanceKlass org/apache/spark/internal/config/package$$$Lambda$213
instanceKlass scala/runtime/java8/JFunction1$mcZJ$sp
instanceKlass java/lang/invoke/LambdaForm$DMH
instanceKlass java/lang/invoke/LambdaForm$DMH
instanceKlass org/apache/spark/metrics/GarbageCollectionMetrics$
instanceKlass org/apache/spark/metrics/ExecutorMetricType
instanceKlass org/apache/spark/scheduler/EventLoggingListener$
instanceKlass org/apache/spark/internal/config/TypedConfigBuilder$$Lambda$212
instanceKlass org/apache/spark/internal/config/ConfigBuilder$$Lambda$211
instanceKlass org/apache/spark/internal/config/ConfigBuilder$$Lambda$210
instanceKlass org/apache/spark/internal/config/ConfigBuilder$$Lambda$209
instanceKlass org/apache/spark/internal/config/ConfigBuilder$$Lambda$208
instanceKlass org/apache/spark/internal/config/TypedConfigBuilder$$anonfun$$lessinit$greater$1$$Lambda$207
instanceKlass org/apache/spark/internal/config/ConfigBuilder$$Lambda$206
instanceKlass org/apache/spark/internal/config/TypedConfigBuilder$$Lambda$205
instanceKlass org/apache/spark/internal/config/TypedConfigBuilder$$Lambda$204
instanceKlass org/apache/spark/internal/config/ConfigEntry$$$Lambda$203
instanceKlass org/apache/spark/internal/config/ConfigEntry$
instanceKlass scala/collection/mutable/WrappedArray$
instanceKlass java/lang/invoke/LambdaForm$MH
instanceKlass java/lang/invoke/LambdaForm$DMH
instanceKlass scala/collection/TraversableLike$$Lambda$202
instanceKlass java/lang/invoke/LambdaForm$DMH
instanceKlass org/apache/spark/util/Utils$$$Lambda$201
instanceKlass scala/collection/mutable/ArrayOps$ofRef$
instanceKlass scala/collection/mutable/ArrayBuilder$
instanceKlass scala/Array$$anon$2
instanceKlass scala/reflect/ClassTag$GenericClassTag
instanceKlass scala/reflect/ClassTag$
instanceKlass org/apache/spark/util/Utils$$$Lambda$200
instanceKlass scala/collection/mutable/ArrayOps$ofRef
instanceKlass scala/collection/mutable/ArrayOps
instanceKlass scala/collection/TraversableOnce$$Lambda$199
instanceKlass scala/runtime/BooleanRef
instanceKlass org/apache/spark/internal/config/ConfigHelpers$
instanceKlass org/apache/spark/internal/config/TypedConfigBuilder$$Lambda$198
instanceKlass org/apache/spark/internal/config/TypedConfigBuilder$$Lambda$197
instanceKlass scala/runtime/AbstractFunction1
instanceKlass org/apache/spark/internal/config/ConfigBuilder$$Lambda$196
instanceKlass org/apache/spark/internal/config/TypedConfigBuilder
instanceKlass org/apache/spark/internal/config/ConfigBuilder
instanceKlass org/apache/spark/internal/config/package$
instanceKlass org/apache/spark/SparkConf$$$Lambda$195
instanceKlass scala/collection/generic/SeqForwarder
instanceKlass scala/collection/generic/IterableForwarder
instanceKlass scala/collection/generic/TraversableForwarder
instanceKlass org/apache/spark/SparkConf$DeprecatedConfig
instanceKlass org/apache/spark/SparkConf$
instanceKlass scala/collection/mutable/HashMap$$Lambda$194
instanceKlass org/apache/spark/sql/SparkSession$Builder$$Lambda$193
instanceKlass scala/runtime/BoxedUnit
instanceKlass scala/collection/TraversableLike$WithFilter$$Lambda$192
instanceKlass java/lang/invoke/LambdaForm$MH
instanceKlass org/apache/spark/SparkConf$$Lambda$191
instanceKlass java/lang/invoke/LambdaForm$DMH
instanceKlass scala/collection/TraversableLike$WithFilter$$Lambda$190
instanceKlass org/apache/spark/SparkConf$$Lambda$189
instanceKlass scala/collection/TraversableLike$WithFilter
instanceKlass org/apache/spark/SparkConf$$Lambda$188
instanceKlass scala/collection/mutable/FlatHashTable$NullSentinel$
instanceKlass scala/collection/TraversableOnce$$Lambda$187
instanceKlass scala/util/hashing/MurmurHash3$ArrayHashing
instanceKlass scala/util/hashing/Hashing
instanceKlass scala/util/hashing/MurmurHash3
instanceKlass scala/runtime/ScalaRunTime$
instanceKlass scala/collection/convert/Wrappers$IteratorWrapper
instanceKlass scala/collection/convert/WrapAsScala$
instanceKlass scala/collection/convert/WrapAsScala
instanceKlass scala/collection/convert/LowPriorityWrapAsScala
instanceKlass scala/collection/TraversableLike$$Lambda$186
instanceKlass scala/collection/mutable/FlatHashTable$
instanceKlass scala/collection/mutable/FlatHashTable
instanceKlass scala/collection/mutable/FlatHashTable$HashUtils
instanceKlass scala/collection/mutable/GrowingBuilder
instanceKlass scala/collection/generic/GenSetFactory$$anon$1
instanceKlass org/apache/spark/util/Utils$$$Lambda$185
instanceKlass scala/collection/convert/DecorateAsScala$$Lambda$184
instanceKlass sun/misc/FloatingDecimal$ASCIIToBinaryBuffer
instanceKlass org/apache/commons/lang3/math/NumberUtils
instanceKlass org/apache/commons/lang3/SystemUtils
instanceKlass scala/FallbackArrayBuilding
instanceKlass scala/collection/immutable/HashMap$$$Lambda$183
instanceKlass scala/Function2
instanceKlass java/lang/invoke/LambdaForm$DMH
instanceKlass scala/collection/immutable/HashMap$Merger
instanceKlass scala/collection/generic/BitOperations$Int
instanceKlass scala/collection/generic/Growable$$Lambda$182
instanceKlass scala/collection/mutable/MapBuilder
instanceKlass scala/collection/mutable/MapLike$$Lambda$181
instanceKlass scala/collection/convert/Wrappers$
instanceKlass scala/collection/convert/Wrappers$JMapWrapperLike
instanceKlass scala/collection/convert/DecorateAsScala$$Lambda$180
instanceKlass scala/collection/convert/Decorators$AsScala
instanceKlass scala/collection/mutable/Set
instanceKlass scala/collection/mutable/SetLike
instanceKlass scala/collection/concurrent/Map
instanceKlass scala/collection/convert/Wrappers
instanceKlass scala/collection/JavaConverters$
instanceKlass scala/collection/convert/DecorateAsScala
instanceKlass scala/collection/convert/AsScalaConverters
instanceKlass scala/collection/convert/DecorateAsJava
instanceKlass scala/collection/convert/AsJavaConverters
instanceKlass scala/collection/immutable/StringOps$
instanceKlass scala/util/matching/UnanchoredRegex
instanceKlass scala/util/matching/Regex
instanceKlass scala/collection/immutable/StringOps
instanceKlass scala/collection/immutable/StringLike
instanceKlass org/apache/spark/util/SparkUncaughtExceptionHandler$
instanceKlass org/apache/spark/util/SparkUncaughtExceptionHandler
instanceKlass scala/util/Try
instanceKlass org/apache/hadoop/fs/CanUnbuffer
instanceKlass org/apache/hadoop/fs/HasEnhancedByteBufferAccess
instanceKlass org/apache/hadoop/fs/CanSetReadahead
instanceKlass org/apache/hadoop/fs/CanSetDropBehind
instanceKlass org/apache/hadoop/fs/HasFileDescriptor
instanceKlass org/apache/hadoop/fs/ByteBufferReadable
instanceKlass org/apache/hadoop/fs/PositionedReadable
instanceKlass org/apache/hadoop/fs/Seekable
instanceKlass java/io/ObjectStreamConstants
instanceKlass java/io/ObjectInput
instanceKlass java/lang/management/LockInfo
instanceKlass org/sparkproject/guava/cache/CacheLoader
instanceKlass org/apache/spark/util/Utils$
instanceKlass org/apache/spark/internal/config/ConfigProvider
instanceKlass org/apache/spark/SparkConf
instanceKlass scala/collection/mutable/DefaultEntry
instanceKlass scala/util/hashing/package$
instanceKlass scala/runtime/Statics
instanceKlass scala/Product2$mcJI$sp
instanceKlass scala/Product2$mcID$sp
instanceKlass scala/Product2$mcJD$sp
instanceKlass scala/Product2$mcII$sp
instanceKlass scala/Product2$mcJJ$sp
instanceKlass scala/Product2$mcIJ$sp
instanceKlass scala/Product2$mcDJ$sp
instanceKlass scala/Product2$mcDI$sp
instanceKlass scala/Product2$mcDD$sp
instanceKlass scala/Tuple2
instanceKlass scala/Product2
instanceKlass scala/Predef$$anon$1
instanceKlass scala/reflect/NoManifest$
instanceKlass scala/reflect/ManifestFactory$ClassTypeManifest
instanceKlass scala/runtime/Null$
instanceKlass scala/collection/mutable/ArrayBuilder
instanceKlass scala/collection/mutable/ReusableBuilder
instanceKlass scala/reflect/AnyValManifest
instanceKlass scala/reflect/Manifest
instanceKlass scala/reflect/ManifestFactory$
instanceKlass scala/reflect/ClassTag
instanceKlass scala/reflect/ClassManifestDeprecatedApis
instanceKlass scala/reflect/OptManifest
instanceKlass scala/reflect/ClassManifestFactory$
instanceKlass scala/reflect/package$
instanceKlass scala/collection/immutable/Set
instanceKlass scala/collection/immutable/Map
instanceKlass scala/collection/immutable/MapLike
instanceKlass scala/collection/generic/GenMapFactory
instanceKlass scala/util/Right$
instanceKlass scala/util/Left$
instanceKlass scala/util/Either$
instanceKlass scala/math/Ordering$
instanceKlass scala/math/LowPriorityOrderingImplicits
instanceKlass scala/math/Ordered$
instanceKlass scala/math/Numeric$
instanceKlass scala/math/Integral$
instanceKlass scala/math/Fractional$
instanceKlass scala/math/Equiv$
instanceKlass scala/math/LowPriorityEquiv
instanceKlass scala/math/Ordered
instanceKlass scala/math/ScalaNumericConversions
instanceKlass scala/math/ScalaNumericAnyConversions
instanceKlass scala/math/BigInt$
instanceKlass java/math/MathContext
instanceKlass scala/math/BigDecimal$
instanceKlass scala/collection/immutable/Range$
instanceKlass scala/collection/mutable/StringBuilder$
instanceKlass scala/collection/immutable/VectorPointer
instanceKlass scala/collection/immutable/IndexedSeq
instanceKlass scala/collection/immutable/Stream$$hash$colon$colon$
instanceKlass scala/collection/$colon$plus$
instanceKlass scala/collection/$plus$colon$
instanceKlass scala/collection/immutable/$colon$colon$
instanceKlass scala/collection/immutable/List$$anon$1
instanceKlass scala/collection/BufferedIterator
instanceKlass scala/collection/AbstractIterator
instanceKlass scala/collection/TraversableOnce$BufferedCanBuildFrom
instanceKlass scala/collection/Iterator$
instanceKlass scala/sys/SystemProperties$$Lambda$179
instanceKlass scala/runtime/BoxesRunTime
instanceKlass scala/Option$
instanceKlass scala/sys/SystemProperties$$Lambda$178
instanceKlass scala/sys/SystemProperties$$Lambda$177
instanceKlass java/lang/invoke/LambdaForm$BMH
instanceKlass java/lang/invoke/LambdaForm$MH
instanceKlass scala/runtime/java8/JFunction0$mcZ$sp
instanceKlass scala/sys/package$
instanceKlass scala/sys/BooleanProp$$$Lambda$176
instanceKlass java/lang/invoke/LambdaForm$MH
instanceKlass java/lang/invoke/LambdaForm$MH
instanceKlass java/lang/invoke/LambdaForm$MH
instanceKlass java/lang/invoke/LambdaForm$DMH
instanceKlass java/lang/invoke/LambdaForm$DMH
instanceKlass java/lang/invoke/LambdaForm$MH
instanceKlass java/lang/invoke/LambdaForm$DMH
instanceKlass java/lang/invoke/LambdaForm$DMH
instanceKlass java/lang/invoke/MethodHandleImpl$ArrayAccessor
instanceKlass java/lang/invoke/LambdaForm$MH
instanceKlass java/lang/invoke/LambdaForm$DMH
instanceKlass java/lang/invoke/LambdaForm$MH
instanceKlass java/lang/invoke/LambdaForm$DMH
instanceKlass java/lang/invoke/LambdaForm$BMH
instanceKlass java/lang/invoke/LambdaForm$BMH
instanceKlass java/lang/invoke/LambdaForm$BMH
instanceKlass java/lang/invoke/LambdaForm$BMH
instanceKlass scala/sys/PropImpl
instanceKlass scala/sys/BooleanProp
instanceKlass scala/sys/Prop
instanceKlass scala/sys/BooleanProp$
instanceKlass scala/sys/SystemProperties$
instanceKlass scala/util/control/NoStackTrace$
instanceKlass scala/util/control/Breaks$TryBlock
instanceKlass scala/util/control/Breaks
instanceKlass scala/package$$anon$1
instanceKlass scala/Specializable
instanceKlass scala/package$
instanceKlass scala/Predef$$eq$colon$eq
instanceKlass scala/Predef$$less$colon$less
instanceKlass scala/collection/mutable/ArrayLike
instanceKlass scala/LowPriorityImplicits
instanceKlass scala/DeprecatedPredef
instanceKlass scala/Predef$ArrowAssoc$
instanceKlass scala/util/Either
instanceKlass scala/math/package$
instanceKlass scala/collection/immutable/LinearSeq
instanceKlass scala/collection/LinearSeq
instanceKlass scala/collection/immutable/Seq
instanceKlass scala/collection/immutable/Iterable
instanceKlass scala/collection/immutable/Traversable
instanceKlass scala/Immutable
instanceKlass scala/collection/mutable/IndexedSeqView
instanceKlass scala/collection/SeqView
instanceKlass scala/collection/SeqViewLike
instanceKlass scala/collection/mutable/ResizableArray
instanceKlass scala/collection/mutable/IndexedSeqOptimized
instanceKlass scala/collection/IndexedSeqOptimized
instanceKlass scala/collection/mutable/IndexedSeq
instanceKlass scala/collection/mutable/IndexedSeqLike
instanceKlass scala/collection/IndexedSeq
instanceKlass scala/collection/IndexedSeqLike
instanceKlass scala/math/Numeric
instanceKlass scala/math/Ordering
instanceKlass scala/math/PartialOrdering
instanceKlass scala/math/Equiv
instanceKlass scala/collection/generic/GenTraversableFactory$GenericCanBuildFrom
instanceKlass scala/collection/generic/CanBuildFrom
instanceKlass org/apache/spark/sql/SparkSessionExtensions
instanceKlass scala/collection/mutable/HashTable$
instanceKlass scala/collection/Parallel
instanceKlass scala/collection/mutable/HashEntry
instanceKlass scala/collection/mutable/Buffer
instanceKlass scala/collection/mutable/BufferLike
instanceKlass scala/collection/script/Scriptable
instanceKlass scala/collection/mutable/Seq
instanceKlass scala/collection/mutable/SeqLike
instanceKlass scala/collection/Set
instanceKlass scala/collection/SetLike
instanceKlass scala/collection/IterableView
instanceKlass scala/collection/IterableViewLike
instanceKlass scala/collection/GenSet
instanceKlass scala/collection/generic/GenericSetTemplate
instanceKlass scala/collection/GenSetLike
instanceKlass scala/collection/generic/TraversableFactory
instanceKlass scala/collection/generic/GenericSeqCompanion
instanceKlass scala/collection/generic/GenericCompanion
instanceKlass scala/collection/Iterator
instanceKlass scala/collection/TraversableView
instanceKlass scala/collection/TraversableViewLike
instanceKlass scala/collection/ViewMkString
instanceKlass scala/collection/LinearSeqOptimized
instanceKlass scala/collection/LinearSeqLike
instanceKlass scala/util/control/ControlThrowable
instanceKlass scala/util/control/NoStackTrace
instanceKlass scala/collection/AbstractTraversable
instanceKlass scala/collection/mutable/Map
instanceKlass scala/collection/mutable/MapLike
instanceKlass scala/collection/mutable/Cloneable
instanceKlass scala/Cloneable
instanceKlass scala/collection/generic/Shrinkable
instanceKlass scala/collection/mutable/Builder
instanceKlass scala/collection/generic/Growable
instanceKlass scala/collection/generic/Clearable
instanceKlass scala/collection/mutable/Iterable
instanceKlass scala/collection/mutable/Traversable
instanceKlass scala/Mutable
instanceKlass scala/collection/CustomParallelizable
instanceKlass scala/collection/mutable/HashTable
instanceKlass scala/collection/mutable/HashTable$HashUtils
instanceKlass org/apache/spark/sql/SparkSession$Builder
instanceKlass org/apache/spark/scheduler/SparkListenerInterface
instanceKlass org/apache/spark/sql/SparkSession$
instanceKlass org/apache/spark/sql/execution/command/RunnableCommand
instanceKlass org/apache/spark/sql/catalyst/plans/logical/Command
instanceKlass scala/collection/Map
instanceKlass scala/collection/MapLike
instanceKlass scala/collection/generic/Subtractable
instanceKlass scala/collection/GenMap
instanceKlass scala/collection/GenMapLike
instanceKlass org/apache/spark/sql/catalog/Catalog
instanceKlass org/apache/spark/sql/catalyst/analysis/MultiInstanceRelation
instanceKlass org/apache/spark/sql/catalyst/analysis/NamedRelation
instanceKlass org/apache/spark/sql/catalyst/trees/TreeNode
instanceKlass org/apache/spark/sql/catalyst/plans/logical/QueryPlanConstraints
instanceKlass org/apache/spark/sql/catalyst/plans/logical/ConstraintHelper
instanceKlass org/apache/spark/sql/catalyst/plans/logical/statsEstimation/LogicalPlanStats
instanceKlass org/apache/spark/sql/catalyst/plans/logical/AnalysisHelper
instanceKlass scala/Option
instanceKlass scala/Function0
instanceKlass org/apache/spark/internal/config/ConfigEntry
instanceKlass org/apache/log4j/spi/Filter
instanceKlass org/apache/log4j/spi/OptionHandler
instanceKlass org/apache/spark/sql/SparkSession
instanceKlass org/apache/spark/internal/Logging
instanceKlass org/apache/spark/sql/types/AbstractDataType
instanceKlass scala/Product
instanceKlass scala/collection/Seq
instanceKlass scala/collection/SeqLike
instanceKlass scala/collection/GenSeq
instanceKlass scala/collection/GenSeqLike
instanceKlass scala/collection/Iterable
instanceKlass scala/collection/IterableLike
instanceKlass scala/Equals
instanceKlass scala/collection/GenIterable
instanceKlass scala/collection/GenIterableLike
instanceKlass scala/collection/Traversable
instanceKlass scala/collection/GenTraversable
instanceKlass scala/collection/generic/GenericTraversableTemplate
instanceKlass scala/collection/TraversableLike
instanceKlass scala/collection/GenTraversableLike
instanceKlass scala/collection/Parallelizable
instanceKlass scala/collection/TraversableOnce
instanceKlass scala/collection/GenTraversableOnce
instanceKlass scala/collection/generic/FilterMonadic
instanceKlass scala/collection/generic/HasNewBuilder
instanceKlass scala/PartialFunction
instanceKlass scala/Function1
instanceKlass org/apache/spark/sql/Dataset
instanceKlass scala/Serializable
instanceKlass java/lang/invoke/SerializedLambda
instanceKlass jobs/stream/SparkKafkaConsumerActivityNDemographic
instanceKlass sun/nio/fs/WindowsUriSupport
instanceKlass org/codehaus/mojo/exec/URLClassLoaderBuilder
instanceKlass org/codehaus/mojo/exec/AbstractExecJavaBase$$Lambda$175
instanceKlass java/util/concurrent/RunnableFuture
instanceKlass org/codehaus/mojo/exec/AbstractExecJavaBase$$Lambda$174
instanceKlass java/util/concurrent/ForkJoinPool$DefaultCommonPoolForkJoinWorkerThreadFactory
instanceKlass java/util/concurrent/ForkJoinPool$1
instanceKlass java/util/concurrent/ForkJoinPool$DefaultForkJoinWorkerThreadFactory
instanceKlass java/util/concurrent/ForkJoinTask
instanceKlass java/util/concurrent/ForkJoinPool$WorkQueue
instanceKlass java/util/concurrent/ForkJoinPool$ForkJoinWorkerThreadFactory
instanceKlass java/util/concurrent/AbstractExecutorService
instanceKlass org/apache/maven/plugin/lifecycle/Lifecycle
instanceKlass org/codehaus/plexus/util/introspection/MethodMap
instanceKlass org/codehaus/plexus/util/introspection/ClassMap$CacheMiss
instanceKlass org/codehaus/plexus/util/introspection/ClassMap
instanceKlass org/codehaus/plexus/util/introspection/ReflectionValueExtractor$Tokenizer
instanceKlass org/codehaus/plexus/util/introspection/ReflectionValueExtractor
instanceKlass org/eclipse/sisu/plexus/TypeArguments
instanceKlass org/eclipse/sisu/plexus/CompositeBeanHelper$1
instanceKlass org/eclipse/sisu/plexus/CompositeBeanHelper
instanceKlass org/apache/maven/plugin/internal/ValidatingConfigurationListener
instanceKlass org/apache/maven/plugin/DebugConfigurationListener
instanceKlass org/eclipse/sisu/inject/MildKeys
instanceKlass java/time/LocalTime
instanceKlass java/time/LocalDate
instanceKlass java/time/zone/ZoneOffsetTransition
instanceKlass java/time/LocalDateTime
instanceKlass java/time/zone/ZoneOffsetTransitionRule
instanceKlass java/time/zone/ZoneRules
instanceKlass java/time/zone/Ser
instanceKlass java/io/Externalizable
instanceKlass java/time/zone/ZoneRulesProvider$1
instanceKlass java/time/zone/ZoneRulesProvider
instanceKlass java/time/format/DateTimeFormatter$$Lambda$173
instanceKlass java/time/format/DateTimeFormatter$$Lambda$172
instanceKlass java/time/Period
instanceKlass java/time/chrono/ChronoPeriod
instanceKlass java/time/format/DateTimeFormatterBuilder$TextPrinterParser
instanceKlass java/time/format/DateTimeTextProvider$1
instanceKlass java/time/format/DateTimeTextProvider
instanceKlass java/time/format/DateTimeTextProvider$LocaleStore
instanceKlass java/time/format/DateTimeFormatterBuilder$InstantPrinterParser
instanceKlass java/time/format/DateTimeFormatterBuilder$StringLiteralPrinterParser
instanceKlass java/time/format/DateTimeFormatterBuilder$ZoneIdPrinterParser
instanceKlass java/time/format/DateTimeFormatterBuilder$FractionPrinterParser
instanceKlass java/time/format/DateTimeFormatterBuilder$OffsetIdPrinterParser
instanceKlass java/time/format/DecimalStyle
instanceKlass java/time/format/DateTimeFormatterBuilder$CompositePrinterParser
instanceKlass java/time/chrono/AbstractChronology$$Lambda$171
instanceKlass java/time/chrono/ChronoZonedDateTime
instanceKlass java/time/chrono/AbstractChronology$$Lambda$170
instanceKlass java/time/chrono/ChronoLocalDateTime
instanceKlass java/time/chrono/AbstractChronology$$Lambda$169
instanceKlass java/lang/invoke/LambdaForm$DMH
instanceKlass java/time/chrono/ChronoLocalDate
instanceKlass java/time/temporal/TemporalAdjuster
instanceKlass java/time/chrono/AbstractChronology
instanceKlass java/time/chrono/Chronology
instanceKlass java/time/format/DateTimeFormatterBuilder$CharLiteralPrinterParser
instanceKlass java/time/format/DateTimeFormatterBuilder$NumberPrinterParser
instanceKlass java/time/format/DateTimeFormatterBuilder$DateTimePrinterParser
instanceKlass java/time/format/DateTimeFormatterBuilder$2
instanceKlass java/time/temporal/IsoFields
instanceKlass java/time/temporal/ValueRange
instanceKlass java/time/Duration
instanceKlass java/time/temporal/TemporalAmount
instanceKlass java/time/temporal/TemporalUnit
instanceKlass java/time/temporal/TemporalField
instanceKlass java/time/format/DateTimeFormatterBuilder$$Lambda$168
instanceKlass java/time/temporal/TemporalQuery
instanceKlass java/time/ZoneId
instanceKlass java/time/format/DateTimeFormatterBuilder
instanceKlass java/time/format/DateTimeFormatter
instanceKlass java/time/temporal/Temporal
instanceKlass java/time/temporal/TemporalAccessor
instanceKlass org/codehaus/plexus/component/configurator/converters/ParameterizedConfigurationConverter
instanceKlass org/codehaus/plexus/component/configurator/converters/AbstractConfigurationConverter
instanceKlass org/codehaus/plexus/component/configurator/converters/ConfigurationConverter
instanceKlass org/codehaus/plexus/component/configurator/converters/lookup/DefaultConverterLookup
instanceKlass org/codehaus/plexus/component/configurator/expression/DefaultExpressionEvaluator
instanceKlass org/apache/maven/plugin/internal/ReadOnlyPluginParametersValidator$$Lambda$167
instanceKlass org/apache/maven/plugin/internal/ReadOnlyPluginParametersValidator$$Lambda$166
instanceKlass org/apache/maven/plugin/internal/AbstractMavenPluginDescriptorSourcedParametersValidator$$Lambda$165
instanceKlass org/apache/maven/plugin/internal/DeprecatedPluginValidator$$Lambda$164
instanceKlass java/lang/invoke/LambdaForm$DMH
instanceKlass org/apache/maven/plugin/internal/DeprecatedPluginValidator$$Lambda$163
instanceKlass java/lang/invoke/LambdaForm$DMH
instanceKlass org/apache/maven/plugin/internal/DeprecatedPluginValidator$$Lambda$162
instanceKlass org/apache/maven/plugin/internal/DeprecatedCoreExpressionValidator$$Lambda$161
instanceKlass org/apache/maven/plugin/internal/DeprecatedCoreExpressionValidator$$Lambda$160
instanceKlass org/apache/maven/plugin/internal/DeprecatedCoreExpressionValidator$$Lambda$159
instanceKlass org/apache/maven/plugin/PluginParameterExpressionEvaluator
instanceKlass org/codehaus/plexus/component/configurator/expression/TypeAwareExpressionEvaluator
instanceKlass org/apache/maven/monitor/logging/DefaultLog
instanceKlass com/google/inject/internal/Messages$Converter
instanceKlass com/google/inject/internal/Messages
instanceKlass org/w3c/dom/Element
instanceKlass org/w3c/dom/Document
instanceKlass org/w3c/dom/Node
instanceKlass org/apache/commons/exec/PumpStreamHandler
instanceKlass org/apache/commons/exec/CommandLine
instanceKlass org/codehaus/plexus/util/cli/StreamConsumer
instanceKlass org/codehaus/mojo/exec/AbstractPath
instanceKlass org/apache/commons/exec/ProcessDestroyer
instanceKlass org/apache/commons/exec/ExecuteResultHandler
instanceKlass org/apache/commons/exec/ExecuteStreamHandler
instanceKlass org/apache/commons/exec/Executor
instanceKlass java/util/concurrent/CountDownLatch
instanceKlass org/codehaus/mojo/exec/AbstractProperty
instanceKlass java/util/concurrent/ExecutorService
instanceKlass org/codehaus/mojo/exec/ExecutableDependency
instanceKlass org/codehaus/mojo/exec/PathsToolchainFactory
instanceKlass java/util/jar/JarVerifier$3
instanceKlass java/security/CodeSigner
instanceKlass java/util/jar/JarVerifier
instanceKlass org/eclipse/sisu/space/FileEntryIterator
instanceKlass org/eclipse/sisu/space/ResourceEnumeration
instanceKlass org/eclipse/sisu/plexus/ComponentDescriptorBeanModule$PlexusDescriptorBeanSource
instanceKlass org/apache/maven/plugin/AbstractMojo
instanceKlass org/apache/maven/plugin/ContextEnabled
instanceKlass org/apache/maven/plugin/Mojo
instanceKlass org/eclipse/sisu/plexus/ComponentDescriptorBeanModule
instanceKlass org/apache/maven/classrealm/ArtifactClassRealmConstituent
instanceKlass org/apache/maven/RepositoryUtils$$Lambda$158
instanceKlass org/apache/maven/plugin/internal/WagonExcluder
instanceKlass org/apache/maven/plugin/DefaultPluginRealmCache$$Lambda$157
instanceKlass java/lang/invoke/LambdaForm$MH
instanceKlass org/apache/maven/plugin/internal/DefaultMavenPluginManager$$Lambda$156
instanceKlass org/apache/maven/plugin/CacheUtils
instanceKlass org/apache/maven/plugin/DefaultPluginRealmCache$CacheKey
instanceKlass org/apache/maven/artifact/resolver/filter/AbstractScopeArtifactFilter
instanceKlass org/eclipse/aether/util/graph/visitor/TreeDependencyVisitor
instanceKlass org/eclipse/aether/util/graph/visitor/FilteringDependencyVisitor
instanceKlass org/eclipse/aether/internal/impl/ArtifactRequestBuilder
instanceKlass org/eclipse/aether/util/graph/transformer/NearestVersionSelector$ConflictGroup
instanceKlass org/eclipse/aether/util/graph/transformer/ConflictResolver$ConflictItem
instanceKlass org/eclipse/aether/util/graph/transformer/ConflictResolver$NodeInfo
instanceKlass org/eclipse/aether/util/graph/transformer/ConflictResolver$ScopeContext
instanceKlass org/eclipse/aether/util/graph/transformer/ConflictResolver$ConflictContext
instanceKlass org/eclipse/aether/util/graph/transformer/ConflictResolver$State
instanceKlass org/eclipse/aether/util/graph/transformer/ConflictIdSorter$RootQueue
instanceKlass org/eclipse/aether/util/graph/transformer/ConflictIdSorter$ConflictId
instanceKlass java/util/IdentityHashMap$IdentityHashMapIterator
instanceKlass org/eclipse/aether/util/graph/transformer/ConflictMarker$ConflictGroup
instanceKlass org/eclipse/aether/util/graph/transformer/ConflictMarker$Key
instanceKlass org/eclipse/aether/util/graph/transformer/ConflictMarker
instanceKlass org/eclipse/aether/util/graph/transformer/ConflictIdSorter
instanceKlass org/eclipse/aether/util/graph/transformer/TransformationContextKeys
instanceKlass org/eclipse/aether/internal/impl/collect/DefaultDependencyGraphTransformationContext
instanceKlass org/apache/maven/model/merge/ModelMerger$1
instanceKlass org/apache/maven/model/Notifier
instanceKlass org/apache/maven/artifact/handler/DefaultArtifactHandler$$FastClassByGuice$$180528784
instanceKlass org/eclipse/aether/util/graph/selector/ExclusionDependencySelector$ExclusionComparator
instanceKlass org/eclipse/aether/graph/Dependency$Exclusions$1
instanceKlass org/apache/maven/model/building/DefaultModelBuilder$$Lambda$155
instanceKlass org/apache/maven/model/building/DefaultModelBuilder$$Lambda$154
instanceKlass org/apache/maven/model/building/DefaultModelBuilder$$Lambda$153
instanceKlass org/eclipse/aether/internal/impl/collect/DataPool$GraphKey
instanceKlass org/eclipse/aether/internal/impl/collect/DefaultDependencyCycle
instanceKlass org/eclipse/aether/internal/impl/collect/DataPool$Descriptor
instanceKlass org/eclipse/aether/internal/impl/collect/DataPool$HardInternPool$$Lambda$152
instanceKlass org/apache/maven/artifact/handler/DefaultArtifactHandler$__sisu12$$FastClassByGuice$$179991617
instanceKlass org/eclipse/aether/internal/impl/collect/DataPool$DescriptorKey
instanceKlass org/eclipse/aether/internal/impl/collect/DataPool$Constraint$VersionRepo
instanceKlass org/eclipse/aether/internal/impl/collect/DataPool$Constraint
instanceKlass org/eclipse/aether/internal/impl/collect/DataPool$ConstraintKey
instanceKlass org/eclipse/aether/util/graph/manager/ClassicDependencyManager$Key
instanceKlass org/eclipse/aether/internal/impl/collect/CollectStepDataImpl
instanceKlass org/eclipse/aether/collection/CollectStepData
instanceKlass org/eclipse/aether/internal/impl/collect/df/NodeStack
instanceKlass org/eclipse/aether/graph/DependencyCycle
instanceKlass org/eclipse/aether/internal/impl/collect/DataPool$HardInternPool
instanceKlass org/eclipse/aether/internal/impl/collect/DataPool$WeakInternPool
instanceKlass org/eclipse/aether/internal/impl/collect/DataPool$InternPool
instanceKlass org/eclipse/aether/internal/impl/collect/CachingArtifactTypeRegistry
instanceKlass org/apache/maven/RepositoryUtils$$Lambda$151
instanceKlass org/apache/maven/model/Exclusion
instanceKlass org/eclipse/aether/util/artifact/ArtifactIdUtils
instanceKlass org/apache/maven/project/DefaultDependencyResolutionRequest
instanceKlass org/apache/maven/lifecycle/internal/LifecycleDependencyResolver$ReactorDependencyFilter
instanceKlass org/eclipse/aether/util/filter/AndDependencyFilter
instanceKlass org/eclipse/aether/util/filter/ScopeDependencyFilter
instanceKlass org/apache/maven/project/artifact/DefaultProjectArtifactsCache$$Lambda$150
instanceKlass org/apache/maven/project/artifact/DefaultProjectArtifactsCache$CacheKey
instanceKlass org/apache/maven/lifecycle/internal/MojoExecutor$ProjectLock
instanceKlass org/apache/maven/lifecycle/internal/MojoExecutor$1
instanceKlass org/apache/maven/lifecycle/internal/ExecutionPlanItem
instanceKlass org/apache/maven/lifecycle/internal/DefaultMojoExecutionConfigurator$$FastClassByGuice$$179143056
instanceKlass java/util/Collections$UnmodifiableList$1
instanceKlass org/apache/maven/execution/ProjectExecutionEvent
instanceKlass org/apache/maven/lifecycle/internal/CompoundProjectExecutionListener
instanceKlass org/apache/maven/lifecycle/internal/DefaultLifecycleMappingDelegate$$FastClassByGuice$$177354491
instanceKlass org/apache/maven/lifecycle/internal/DefaultLifecycleExecutionPlanCalculator$$FastClassByGuice$$176729484
instanceKlass org/apache/maven/project/artifact/DefaultProjectArtifactsCache$$FastClassByGuice$$175884796
instanceKlass org/apache/maven/artifact/factory/DefaultArtifactFactory$$FastClassByGuice$$175086526
instanceKlass org/apache/maven/lifecycle/internal/builder/singlethreaded/SingleThreadedBuilder$$FastClassByGuice$$173550863
instanceKlass org/apache/maven/graph/DefaultProjectDependencyGraph$MavenProjectComparator
instanceKlass org/apache/maven/graph/FilteredProjectDependencyGraph$Key
instanceKlass org/apache/maven/lifecycle/internal/GoalTask
instanceKlass org/apache/maven/plugin/internal/DefaultMavenPluginManager$$Lambda$149
instanceKlass java/lang/invoke/LambdaForm$DMH
instanceKlass org/apache/maven/plugin/MavenPluginValidator
instanceKlass org/apache/maven/plugin/descriptor/PluginDescriptorBuilder$$Lambda$148
instanceKlass org/codehaus/plexus/component/repository/ComponentDependency
instanceKlass org/codehaus/plexus/configuration/DefaultPlexusConfiguration
instanceKlass java/util/stream/MatchOps$$Lambda$147
instanceKlass java/util/stream/MatchOps$BooleanTerminalSink
instanceKlass java/util/stream/MatchOps$MatchOp
instanceKlass java/util/stream/MatchOps
instanceKlass org/apache/maven/plugin/internal/PlexusContainerDefaultDependenciesValidator$$Lambda$146
instanceKlass org/apache/maven/plugin/internal/PlexusContainerDefaultDependenciesValidator$$Lambda$145
instanceKlass org/apache/maven/plugin/internal/MavenScopeDependenciesValidator$$Lambda$144
instanceKlass org/apache/maven/plugin/internal/MavenScopeDependenciesValidator$$Lambda$143
instanceKlass org/apache/maven/plugin/internal/MavenScopeDependenciesValidator$$Lambda$142
instanceKlass org/apache/maven/plugin/internal/MavenScopeDependenciesValidator$$Lambda$141
instanceKlass org/apache/maven/plugin/internal/MavenScopeDependenciesValidator$$Lambda$140
instanceKlass org/apache/maven/plugin/internal/MavenScopeDependenciesValidator$$Lambda$139
instanceKlass org/apache/maven/plugin/internal/MavenMixedDependenciesValidator$$Lambda$138
instanceKlass org/apache/maven/plugin/internal/MavenMixedDependenciesValidator$$Lambda$137
instanceKlass org/apache/maven/plugin/internal/MavenMixedDependenciesValidator$$Lambda$136
instanceKlass org/apache/maven/plugin/internal/MavenMixedDependenciesValidator$$Lambda$135
instanceKlass org/apache/maven/plugin/internal/Maven2DependenciesValidator$$Lambda$134
instanceKlass org/apache/maven/plugin/internal/Maven2DependenciesValidator$$Lambda$133
instanceKlass org/apache/maven/plugin/internal/Maven2DependenciesValidator$$Lambda$132
instanceKlass org/apache/maven/plugin/internal/Maven2DependenciesValidator$$Lambda$131
instanceKlass java/lang/invoke/LambdaForm$BMH
instanceKlass org/apache/maven/plugin/internal/Maven2DependenciesValidator$$Lambda$130
instanceKlass java/util/stream/Streams$RangeIntSpliterator
instanceKlass org/apache/maven/model/merge/ModelMerger$NotifierKeyComputer
instanceKlass org/apache/maven/model/Site
instanceKlass org/eclipse/aether/util/version/GenericVersion$Item
instanceKlass org/eclipse/aether/util/version/GenericVersion$Tokenizer
instanceKlass org/eclipse/aether/util/version/GenericVersion
instanceKlass org/eclipse/aether/util/version/GenericVersionConstraint
instanceKlass org/eclipse/aether/version/VersionConstraint
instanceKlass org/eclipse/aether/version/VersionRange
instanceKlass org/eclipse/aether/util/version/GenericVersionScheme
instanceKlass org/apache/maven/repository/internal/DefaultModelCache$Key
instanceKlass org/apache/maven/model/building/ModelCacheTag$2
instanceKlass org/apache/maven/model/building/ModelCacheTag$1
instanceKlass org/apache/maven/utils/Os$$Lambda$129
instanceKlass org/apache/maven/utils/Os
instanceKlass org/apache/maven/model/building/DefaultModelBuilder$$Lambda$128
instanceKlass org/apache/maven/model/building/DefaultModelBuilder$$Lambda$127
instanceKlass org/apache/maven/model/building/DefaultModelBuilder$$Lambda$126
instanceKlass org/apache/maven/model/building/DefaultModelBuilder$$Lambda$125
instanceKlass org/apache/maven/model/building/DefaultModelBuilder$$Lambda$124
instanceKlass org/apache/maven/model/building/DefaultModelBuilder$$Lambda$123
instanceKlass org/apache/maven/model/building/DefaultModelBuilder$$Lambda$122
instanceKlass org/apache/maven/model/io/xpp3/MavenXpp3Reader$1
instanceKlass org/apache/maven/model/io/xpp3/MavenXpp3Reader$ContentTransformer
instanceKlass org/apache/maven/model/io/xpp3/MavenXpp3Reader
instanceKlass org/apache/maven/repository/internal/DefaultModelResolver
instanceKlass java/util/AbstractMap$2$1
instanceKlass org/eclipse/aether/repository/LocalArtifactRequest
instanceKlass org/apache/maven/repository/internal/DefaultVersionResolver$Key
instanceKlass org/eclipse/aether/artifact/AbstractArtifact
instanceKlass org/apache/maven/plugin/internal/DefaultMavenPluginManager$$Lambda$121
instanceKlass org/apache/maven/plugin/DefaultPluginDescriptorCache$$Lambda$120
instanceKlass org/apache/maven/plugin/DefaultPluginDescriptorCache$CacheKey
instanceKlass org/apache/maven/plugin/version/internal/DefaultPluginVersionResolver$$Lambda$119
instanceKlass org/apache/maven/plugin/version/DefaultPluginVersionRequest
instanceKlass org/apache/maven/plugin/prefix/internal/DefaultPluginPrefixResult
instanceKlass org/apache/maven/artifact/repository/metadata/Plugin
instanceKlass org/apache/maven/artifact/repository/metadata/io/xpp3/MetadataXpp3Reader$1
instanceKlass org/apache/maven/artifact/repository/metadata/io/xpp3/MetadataXpp3Reader$ContentTransformer
instanceKlass org/apache/maven/artifact/repository/metadata/io/xpp3/MetadataXpp3Reader
instanceKlass org/eclipse/aether/named/support/NamedLockFactorySupport$$Lambda$118
instanceKlass org/eclipse/aether/repository/AuthenticationDigest
instanceKlass sun/nio/ch/FileKey
instanceKlass sun/nio/ch/FileLockTable
instanceKlass sun/nio/fs/WindowsChannelFactory$2
instanceKlass sun/nio/fs/WindowsFileSystemProvider$1
instanceKlass java/util/Formattable
instanceKlass java/util/Formatter$Conversion
instanceKlass java/util/Formatter$Flags
instanceKlass java/util/Formatter$FormatSpecifier
instanceKlass java/util/Formatter$FixedString
instanceKlass java/util/Formatter$FormatString
instanceKlass java/util/Formatter
instanceKlass org/eclipse/aether/internal/impl/Utils
instanceKlass org/eclipse/aether/repository/LocalMetadataResult
instanceKlass org/eclipse/aether/repository/LocalMetadataRequest
instanceKlass org/eclipse/aether/internal/impl/DefaultRepositoryEventDispatcher$1
instanceKlass org/eclipse/aether/RepositoryEvent$Builder
instanceKlass org/eclipse/aether/resolution/MetadataResult
instanceKlass org/eclipse/aether/internal/impl/filter/PrefixesRemoteRepositoryFilterSource$1
instanceKlass org/eclipse/aether/internal/impl/filter/RemoteRepositoryFilterSourceSupport$SimpleResult
instanceKlass org/eclipse/aether/internal/impl/filter/DefaultRemoteRepositoryFilterManager$$Lambda$117
instanceKlass org/eclipse/aether/named/support/ReadWriteLockNamedLock$$Lambda$116
instanceKlass org/eclipse/aether/named/support/Retry$DoNotRetry
instanceKlass org/eclipse/aether/named/support/NamedLockFactorySupport$$Lambda$115
instanceKlass org/eclipse/aether/internal/impl/synccontext/named/NamedLockFactoryAdapter$AdaptedLockSyncContext
instanceKlass org/eclipse/aether/internal/impl/synccontext/named/GAVNameMapper
instanceKlass org/eclipse/aether/internal/impl/synccontext/named/NameMappers
instanceKlass org/eclipse/sisu/wire/NamedIterableAdapter$NamedEntry
instanceKlass org/eclipse/sisu/wire/NamedIterableAdapter$NamedIterator
instanceKlass org/eclipse/aether/internal/impl/synccontext/DefaultSyncContextFactory$$Lambda$114
instanceKlass org/eclipse/aether/resolution/MetadataRequest
instanceKlass org/eclipse/aether/metadata/AbstractMetadata
instanceKlass org/apache/maven/plugin/prefix/internal/DefaultPluginPrefixResolver$$Lambda$113
instanceKlass java/util/stream/Collectors$$Lambda$112
instanceKlass java/lang/invoke/LambdaForm$DMH
instanceKlass java/util/stream/Collectors$$Lambda$111
instanceKlass java/util/stream/Collectors$$Lambda$110
instanceKlass java/util/stream/Collectors$$Lambda$109
instanceKlass org/apache/maven/plugin/prefix/internal/DefaultPluginPrefixResolver$$Lambda$108
instanceKlass org/apache/maven/plugin/prefix/internal/DefaultPluginPrefixResolver$$Lambda$107
instanceKlass org/apache/maven/plugin/prefix/internal/DefaultPluginPrefixResolver$$Lambda$106
instanceKlass org/apache/maven/plugin/prefix/internal/DefaultPluginPrefixResolver$$Lambda$105
instanceKlass org/apache/maven/plugin/prefix/internal/DefaultPluginPrefixResolver$$Lambda$104
instanceKlass org/apache/maven/plugin/prefix/DefaultPluginPrefixRequest
instanceKlass org/apache/maven/plugin/internal/DefaultPluginValidationManager$$Lambda$103
instanceKlass org/eclipse/aether/DefaultSessionData$$Lambda$102
instanceKlass org/apache/maven/plugin/internal/DefaultPluginValidationManager$$Lambda$101
instanceKlass org/apache/maven/graph/FilteredProjectDependencyGraph$$Lambda$100
instanceKlass org/apache/maven/graph/FilteredProjectDependencyGraph
instanceKlass org/apache/maven/internal/aether/MavenChainedWorkspaceReader
instanceKlass java/util/stream/Collectors$$Lambda$99
instanceKlass java/util/stream/Collectors$$Lambda$98
instanceKlass java/util/stream/Collectors$$Lambda$97
instanceKlass org/apache/maven/ReactorReader$$Lambda$96
instanceKlass org/apache/maven/ReactorReader$$Lambda$95
instanceKlass org/apache/maven/session/scope/internal/SessionScope$ScopeState$$Lambda$94
instanceKlass org/apache/maven/execution/MavenSession$$Lambda$93
instanceKlass org/apache/maven/execution/MavenSession$$Lambda$92
instanceKlass org/codehaus/plexus/util/dag/TopologicalSorter
instanceKlass org/codehaus/plexus/util/dag/Vertex
instanceKlass org/codehaus/plexus/util/dag/DAG
instanceKlass org/apache/maven/project/ProjectSorter
instanceKlass org/apache/maven/graph/DefaultProjectDependencyGraph
instanceKlass org/apache/maven/project/DefaultProjectBuildingResult
instanceKlass org/apache/maven/lifecycle/Lifecycle$__sisu8$$FastClassByGuice$$172010777
instanceKlass org/apache/maven/lifecycle/Lifecycle$__sisu7$$FastClassByGuice$$171569069
instanceKlass org/apache/maven/lifecycle/mapping/LifecycleMojo
instanceKlass org/apache/maven/lifecycle/mapping/DefaultLifecycleMapping$__sisu1$$FastClassByGuice$$169929767
instanceKlass org/apache/maven/lifecycle/mapping/Lifecycle
instanceKlass org/apache/maven/model/building/DefaultModelBuildingEvent
instanceKlass org/apache/maven/model/building/ModelBuildingEventCatapult$1
instanceKlass org/apache/maven/project/ReactorModelPool$CacheKey
instanceKlass org/apache/maven/project/DefaultProjectBuilder$InterimResult
instanceKlass org/apache/maven/artifact/handler/DefaultArtifactHandler$__sisu13$$FastClassByGuice$$169399648
instanceKlass org/apache/maven/artifact/versioning/Restriction
instanceKlass org/apache/maven/artifact/versioning/ComparableVersion$StringItem
instanceKlass org/apache/maven/artifact/ArtifactUtils
instanceKlass org/apache/maven/artifact/DefaultArtifact
instanceKlass org/apache/maven/artifact/handler/DefaultArtifactHandler$__sisu9$$FastClassByGuice$$168586028
instanceKlass org/apache/maven/artifact/versioning/ComparableVersion$IntItem
instanceKlass org/apache/maven/artifact/versioning/ComparableVersion$Item
instanceKlass org/apache/maven/artifact/versioning/ComparableVersion
instanceKlass org/apache/maven/artifact/versioning/DefaultArtifactVersion
instanceKlass org/apache/maven/model/building/DefaultModelBuilder$$Lambda$91
instanceKlass java/util/function/IntConsumer
instanceKlass java/lang/invoke/LambdaForm$DMH
instanceKlass java/util/stream/IntStream
instanceKlass org/apache/maven/model/Extension
instanceKlass org/codehaus/plexus/interpolation/util/StringUtils
instanceKlass org/apache/maven/model/DistributionManagement
instanceKlass org/apache/maven/model/DependencyManagement
instanceKlass org/apache/maven/model/IssueManagement
instanceKlass org/apache/maven/model/License
instanceKlass org/apache/maven/model/MailingList
instanceKlass org/apache/maven/model/CiManagement
instanceKlass org/apache/maven/model/Scm
instanceKlass org/apache/maven/model/Prerequisites
instanceKlass org/apache/maven/model/Parent
instanceKlass org/codehaus/plexus/interpolation/reflection/MethodMap
instanceKlass org/codehaus/plexus/interpolation/reflection/ClassMap$CacheMiss
instanceKlass org/codehaus/plexus/interpolation/reflection/ClassMap
instanceKlass org/codehaus/plexus/interpolation/reflection/ReflectionValueExtractor$Tokenizer
instanceKlass org/codehaus/plexus/interpolation/reflection/ReflectionValueExtractor
instanceKlass org/codehaus/plexus/interpolation/util/ValueSourceUtils
instanceKlass org/apache/maven/model/interpolation/StringVisitorModelInterpolator$ModelVisitor
instanceKlass org/apache/maven/model/interpolation/StringVisitorModelInterpolator$1
instanceKlass org/codehaus/plexus/interpolation/PrefixAwareRecursionInterceptor
instanceKlass org/apache/maven/model/interpolation/UrlNormalizingPostProcessor
instanceKlass org/apache/maven/model/interpolation/PathTranslatingPostProcessor
instanceKlass java/text/DontCareFieldPosition$1
instanceKlass java/text/Format$FieldDelegate
instanceKlass org/apache/maven/model/interpolation/MavenBuildTimestamp
instanceKlass org/apache/maven/model/interpolation/ProblemDetectingValueSource
instanceKlass org/codehaus/plexus/interpolation/PrefixedValueSourceWrapper
instanceKlass org/codehaus/plexus/interpolation/FeedbackEnabledValueSource
instanceKlass org/codehaus/plexus/interpolation/AbstractDelegatingValueSource
instanceKlass org/codehaus/plexus/interpolation/QueryEnabledValueSource
instanceKlass org/apache/maven/model/merge/ModelMerger$ExtensionKeyComputer
instanceKlass org/apache/maven/model/merge/ModelMerger$ResourceKeyComputer
instanceKlass org/apache/maven/model/merge/ModelMerger$SourceDominant
instanceKlass org/apache/maven/model/merge/ModelMerger$DependencyKeyComputer
instanceKlass org/apache/maven/model/building/DefaultModelProblem
instanceKlass org/apache/maven/model/building/ModelProblemCollectorRequest
instanceKlass java/lang/invoke/LambdaForm$MH
instanceKlass org/apache/maven/model/building/DefaultModelBuilder$$Lambda$90
instanceKlass java/lang/invoke/LambdaForm$DMH
instanceKlass org/apache/maven/model/building/DefaultModelBuilder$$Lambda$89
instanceKlass org/apache/maven/model/building/DefaultModelBuilder$$Lambda$88
instanceKlass org/apache/maven/model/building/DefaultModelBuilder$$Lambda$87
instanceKlass java/lang/invoke/LambdaForm$DMH
instanceKlass org/apache/maven/model/building/DefaultModelBuilder$$Lambda$86
instanceKlass org/apache/maven/model/building/DefaultModelBuilder$InterpolateString
instanceKlass org/apache/maven/model/building/DefaultModelBuilder$1Interpolation
instanceKlass org/apache/maven/model/building/DefaultModelBuilder$$Lambda$85
instanceKlass org/apache/maven/model/building/DefaultModelBuilder$$Lambda$84
instanceKlass org/apache/maven/model/building/DefaultModelBuilder$$Lambda$83
instanceKlass org/apache/maven/model/building/DefaultModelBuilder$$Lambda$82
instanceKlass org/apache/maven/model/building/DefaultModelBuilder$$Lambda$81
instanceKlass org/apache/maven/model/building/DefaultModelBuilder$$Lambda$80
instanceKlass java/util/Collections$1
instanceKlass org/apache/maven/repository/internal/ArtifactDescriptorUtils
instanceKlass org/apache/maven/model/profile/DefaultProfileActivationContext$$Lambda$79
instanceKlass org/apache/maven/model/profile/DefaultProfileActivationContext$$Lambda$78
instanceKlass org/apache/maven/model/profile/DefaultProfileActivationContext$$Lambda$77
instanceKlass java/util/Spliterators$IteratorSpliterator
instanceKlass org/apache/maven/model/building/DefaultModelBuilder$$Lambda$76
instanceKlass org/apache/maven/model/building/ModelProblemUtils
instanceKlass org/apache/maven/model/io/xpp3/MavenXpp3ReaderEx$Xpp3DomBuilderInputLocationBuilder
instanceKlass org/apache/maven/model/Organization
instanceKlass org/apache/maven/model/io/xpp3/MavenXpp3ReaderEx$1
instanceKlass org/codehaus/plexus/util/xml/Xpp3DomBuilder$InputLocationBuilder
instanceKlass org/apache/maven/model/io/xpp3/MavenXpp3ReaderEx$ContentTransformer
instanceKlass org/apache/maven/model/io/xpp3/MavenXpp3ReaderEx
instanceKlass org/apache/maven/model/building/ModelSource2
instanceKlass org/apache/maven/model/building/DefaultModelBuildingResult
instanceKlass org/apache/maven/model/building/AbstractModelBuildingListener
instanceKlass org/apache/maven/project/ProjectModelResolver
instanceKlass org/apache/maven/model/building/DefaultModelBuildingRequest
instanceKlass org/apache/maven/artifact/repository/LegacyLocalRepositoryManager
instanceKlass org/apache/maven/repository/internal/DefaultModelCache
instanceKlass org/apache/maven/project/DefaultProjectBuildingRequest
instanceKlass org/apache/maven/shared/utils/logging/AnsiMessageBuilder
instanceKlass org/apache/maven/lifecycle/internal/DefaultExecutionEventCatapult$1
instanceKlass org/apache/maven/lifecycle/internal/DefaultExecutionEvent
instanceKlass org/apache/maven/AbstractMavenLifecycleParticipant
instanceKlass java/util/concurrent/atomic/AtomicReference
instanceKlass org/apache/maven/session/scope/internal/SessionScope$CachingProvider
instanceKlass org/apache/maven/session/scope/internal/SessionScope$$Lambda$75
instanceKlass org/apache/maven/settings/RuntimeInfo
instanceKlass org/eclipse/aether/internal/impl/LocalPathPrefixComposerFactorySupport$LocalPathPrefixComposerSupport
instanceKlass org/eclipse/aether/internal/impl/SimpleLocalRepositoryManager
instanceKlass java/util/ArrayList$SubList$1
instanceKlass org/eclipse/aether/internal/impl/PrioritizedComponent
instanceKlass org/eclipse/sisu/wire/EntrySetAdapter$ValueIterator
instanceKlass org/eclipse/aether/internal/impl/PrioritizedComponents
instanceKlass org/apache/maven/RepositoryUtils$$Lambda$74
instanceKlass org/eclipse/aether/repository/RemoteRepository$Builder
instanceKlass org/eclipse/aether/util/ConfigUtils
instanceKlass org/eclipse/aether/AbstractRepositoryListener
instanceKlass org/eclipse/aether/util/repository/DefaultAuthenticationSelector
instanceKlass org/eclipse/aether/util/repository/DefaultProxySelector
instanceKlass org/eclipse/aether/util/repository/DefaultMirrorSelector$MirrorDef
instanceKlass org/eclipse/aether/util/repository/DefaultMirrorSelector
instanceKlass org/apache/maven/settings/crypto/DefaultSettingsDecryptionResult
instanceKlass org/apache/maven/settings/crypto/DefaultSettingsDecryptionRequest
instanceKlass org/apache/maven/RepositoryUtils$MavenArtifactTypeRegistry
instanceKlass org/apache/maven/RepositoryUtils
instanceKlass org/eclipse/aether/util/repository/SimpleResolutionErrorPolicy
instanceKlass java/util/stream/Collectors$$Lambda$73
instanceKlass org/apache/maven/internal/aether/DefaultRepositorySystemSessionFactory$$Lambda$72
instanceKlass org/apache/maven/internal/aether/DefaultRepositorySystemSessionFactory$$Lambda$71
instanceKlass org/apache/maven/internal/aether/DefaultRepositorySystemSessionFactory$$Lambda$70
instanceKlass org/apache/maven/internal/aether/DefaultRepositorySystemSessionFactory$$Lambda$69
instanceKlass org/apache/maven/internal/aether/DefaultRepositorySystemSessionFactory$$Lambda$68
instanceKlass org/apache/maven/internal/aether/DefaultRepositorySystemSessionFactory$$Lambda$67
instanceKlass org/eclipse/aether/util/repository/SimpleArtifactDescriptorPolicy
instanceKlass org/eclipse/aether/artifact/DefaultArtifactType
instanceKlass org/eclipse/aether/util/artifact/SimpleArtifactTypeRegistry
instanceKlass org/eclipse/aether/util/graph/transformer/JavaDependencyContextRefiner
instanceKlass org/eclipse/aether/util/graph/transformer/ChainedDependencyGraphTransformer
instanceKlass org/eclipse/aether/util/graph/transformer/ConflictResolver
instanceKlass org/eclipse/aether/graph/Exclusion
instanceKlass org/eclipse/aether/util/graph/selector/ExclusionDependencySelector
instanceKlass org/eclipse/aether/util/graph/selector/OptionalDependencySelector
instanceKlass org/eclipse/aether/util/graph/selector/ScopeDependencySelector
instanceKlass org/eclipse/aether/util/graph/selector/AndDependencySelector
instanceKlass org/eclipse/aether/util/graph/manager/ClassicDependencyManager
instanceKlass org/eclipse/aether/util/graph/traverser/FatArtifactTraverser
instanceKlass org/eclipse/aether/DefaultSessionData
instanceKlass org/eclipse/aether/DefaultRepositorySystemSession$NullFileTransformerManager
instanceKlass org/eclipse/aether/transform/FileTransformerManager
instanceKlass org/eclipse/aether/DefaultRepositorySystemSession$NullArtifactTypeRegistry
instanceKlass org/eclipse/aether/DefaultRepositorySystemSession$NullAuthenticationSelector
instanceKlass org/eclipse/aether/DefaultRepositorySystemSession$NullProxySelector
instanceKlass org/eclipse/aether/DefaultRepositorySystemSession$NullMirrorSelector
instanceKlass org/eclipse/aether/SessionData
instanceKlass org/eclipse/aether/artifact/ArtifactTypeRegistry
instanceKlass org/eclipse/aether/collection/DependencyGraphTransformer
instanceKlass org/eclipse/aether/util/graph/transformer/ConflictResolver$VersionSelector
instanceKlass org/eclipse/aether/util/graph/transformer/ConflictResolver$ScopeSelector
instanceKlass org/eclipse/aether/util/graph/transformer/ConflictResolver$OptionalitySelector
instanceKlass org/eclipse/aether/util/graph/transformer/ConflictResolver$ScopeDeriver
instanceKlass org/apache/maven/repository/internal/MavenRepositorySystemUtils
instanceKlass org/apache/maven/execution/DefaultMavenExecutionResult
instanceKlass org/apache/maven/artifact/repository/MavenArtifactRepository
instanceKlass org/apache/maven/artifact/repository/layout/ArtifactRepositoryLayout2
instanceKlass org/apache/maven/artifact/repository/layout/DefaultRepositoryLayout$$FastClassByGuice$$167571067
instanceKlass org/apache/maven/execution/AbstractExecutionListener
instanceKlass org/apache/maven/cli/transfer/SimplexTransferListener$$Lambda$66
instanceKlass java/lang/invoke/LambdaForm$DMH
instanceKlass java/util/Collections$SynchronizedMap
instanceKlass org/apache/maven/cli/transfer/SimplexTransferListener$Exchange
instanceKlass org/eclipse/aether/transfer/AbstractTransferListener
instanceKlass org/apache/maven/toolchain/building/DefaultToolchainsBuildingResult
instanceKlass org/apache/maven/toolchain/building/DefaultToolchainsBuilder$1
instanceKlass org/apache/maven/toolchain/model/io/xpp3/MavenToolchainsXpp3Writer
instanceKlass org/apache/maven/toolchain/model/io/xpp3/MavenToolchainsXpp3Reader$1
instanceKlass org/apache/maven/toolchain/model/io/xpp3/MavenToolchainsXpp3Reader$ContentTransformer
instanceKlass org/apache/maven/toolchain/model/io/xpp3/MavenToolchainsXpp3Reader
instanceKlass org/apache/maven/building/DefaultProblemCollector
instanceKlass org/apache/maven/building/ProblemCollectorFactory
instanceKlass org/apache/maven/toolchain/building/DefaultToolchainsBuildingRequest
instanceKlass org/apache/maven/settings/building/DefaultSettingsBuildingResult
instanceKlass org/apache/maven/settings/building/DefaultSettingsBuilder$1
instanceKlass org/codehaus/plexus/interpolation/os/OperatingSystemUtils$DefaultEnvVarSource
instanceKlass org/codehaus/plexus/interpolation/os/OperatingSystemUtils$EnvVarSource
instanceKlass org/codehaus/plexus/interpolation/os/OperatingSystemUtils
instanceKlass org/codehaus/plexus/util/xml/pull/MXSerializer
instanceKlass org/codehaus/plexus/util/xml/pull/XmlSerializer
instanceKlass org/apache/maven/settings/io/xpp3/SettingsXpp3Writer
instanceKlass org/codehaus/plexus/util/xml/pull/EntityReplacementMap
instanceKlass org/apache/maven/settings/io/xpp3/SettingsXpp3Reader$1
instanceKlass org/apache/maven/settings/io/xpp3/SettingsXpp3Reader$ContentTransformer
instanceKlass org/apache/maven/settings/io/xpp3/SettingsXpp3Reader
instanceKlass org/apache/maven/building/FileSource
instanceKlass org/apache/maven/settings/building/DefaultSettingsBuildingRequest
instanceKlass org/apache/maven/graph/DefaultGraphBuilder$$FastClassByGuice$$166264734
instanceKlass sun/security/util/MessageDigestSpi2
instanceKlass sun/security/jca/GetInstance$Instance
instanceKlass java/security/MessageDigestSpi
instanceKlass sun/security/jca/GetInstance
instanceKlass java/security/SecureRandomSpi
instanceKlass java/security/Provider$UString
instanceKlass java/security/Provider$Service
instanceKlass sun/security/provider/NativePRNG$NonBlocking
instanceKlass sun/security/provider/NativePRNG$Blocking
instanceKlass sun/security/provider/NativePRNG
instanceKlass sun/security/provider/SunEntries$1
instanceKlass sun/security/provider/SunEntries
instanceKlass sun/security/jca/ProviderConfig$2
instanceKlass java/security/Security$1
instanceKlass java/security/Security
instanceKlass sun/security/jca/ProviderList$2
instanceKlass java/security/Provider$EngineDescription
instanceKlass java/security/Provider$ServiceKey
instanceKlass sun/security/jca/ProviderConfig
instanceKlass sun/security/jca/ProviderList
instanceKlass sun/security/jca/Providers
instanceKlass java/security/Key
instanceKlass java/security/spec/AlgorithmParameterSpec
instanceKlass sun/misc/FDBigInteger
instanceKlass sun/misc/FloatingDecimal$PreparedASCIIToBinaryBuffer
instanceKlass sun/misc/FloatingDecimal$ASCIIToBinaryConverter
instanceKlass sun/misc/FloatingDecimal$BinaryToASCIIBuffer
instanceKlass sun/misc/FloatingDecimal$ExceptionalBinaryToASCIIBuffer
instanceKlass sun/misc/FloatingDecimal$BinaryToASCIIConverter
instanceKlass sun/misc/FloatingDecimal
instanceKlass org/apache/maven/plugin/prefix/internal/DefaultPluginPrefixResolver$$FastClassByGuice$$165669345
instanceKlass org/apache/maven/plugin/CompoundMojoExecutionListener
instanceKlass org/apache/maven/plugin/internal/DefaultLegacySupport$$FastClassByGuice$$163692927
instanceKlass org/apache/maven/plugin/DefaultBuildPluginManager$$FastClassByGuice$$162934967
instanceKlass org/apache/maven/lifecycle/internal/DefaultLifecycleTaskSegmentCalculator$$FastClassByGuice$$162246120
instanceKlass org/apache/maven/lifecycle/internal/DefaultExecutionEventCatapult$$FastClassByGuice$$161399973
instanceKlass org/apache/maven/project/DefaultProjectDependenciesResolver$$FastClassByGuice$$159792533
instanceKlass org/apache/maven/project/RepositorySessionDecorator
instanceKlass org/apache/maven/plugin/DefaultPluginArtifactsCache$$FastClassByGuice$$159143034
instanceKlass com/google/inject/internal/DelegatingInvocationHandler
instanceKlass org/apache/maven/artifact/repository/metadata/io/DefaultMetadataReader$$FastClassByGuice$$157792463
instanceKlass org/apache/maven/plugin/version/internal/DefaultPluginVersionResolver$$FastClassByGuice$$156799059
instanceKlass org/apache/maven/plugin/DefaultExtensionRealmCache$$FastClassByGuice$$155713527
instanceKlass org/apache/maven/rtinfo/internal/DefaultRuntimeInformation$$FastClassByGuice$$154487616
instanceKlass org/eclipse/aether/artifact/ArtifactType
instanceKlass org/eclipse/aether/internal/impl/synccontext/named/NamedLockFactoryAdapterFactoryImpl$$Lambda$65
instanceKlass org/eclipse/sisu/wire/NamedIterableAdapter
instanceKlass org/eclipse/aether/internal/impl/DefaultUpdateCheckManager$1
instanceKlass org/apache/maven/plugin/DefaultPluginRealmCache$$FastClassByGuice$$153993576
instanceKlass org/apache/maven/plugin/DefaultPluginDescriptorCache$$FastClassByGuice$$152886320
instanceKlass org/apache/maven/plugin/internal/DefaultMavenPluginManager$$FastClassByGuice$$151443956
instanceKlass org/apache/maven/artifact/handler/manager/DefaultArtifactHandlerManager$$FastClassByGuice$$150914963
instanceKlass org/apache/maven/project/DefaultProjectRealmCache$$FastClassByGuice$$148899134
instanceKlass org/codehaus/plexus/classworlds/realm/Entry
instanceKlass java/util/Random
instanceKlass org/eclipse/sisu/inject/Guice4$2
instanceKlass org/apache/maven/project/DefaultProjectBuildingHelper$$FastClassByGuice$$148782731
instanceKlass org/apache/maven/lifecycle/internal/DefaultLifecyclePluginAnalyzer$$FastClassByGuice$$146947201
instanceKlass org/apache/maven/model/plugin/DefaultLifecycleBindingsInjector$$FastClassByGuice$$145907819
instanceKlass org/apache/maven/model/PatternSet
instanceKlass org/apache/maven/model/Contributor
instanceKlass org/apache/maven/model/merge/ModelMerger$KeyComputer
instanceKlass org/apache/maven/model/merge/ModelMerger$Remapping
instanceKlass org/apache/maven/project/DefaultProjectBuilder$$FastClassByGuice$$144939428
instanceKlass org/apache/maven/DefaultMaven$$FastClassByGuice$$144539157
instanceKlass org/apache/maven/cli/event/DefaultEventSpyContext
instanceKlass org/eclipse/sisu/wire/EntryListAdapter$ValueIterator
instanceKlass org/apache/maven/cli/logging/Slf4jLogger
instanceKlass org/eclipse/sisu/inject/LazyBeanEntry$JsrNamed
instanceKlass org/eclipse/sisu/inject/LazyBeanEntry
instanceKlass javax/annotation/Priority
instanceKlass java/lang/Package$1
instanceKlass org/eclipse/sisu/inject/Implementations
instanceKlass org/eclipse/sisu/plexus/LazyPlexusBean
instanceKlass org/eclipse/sisu/inject/RankedSequence$Itr
instanceKlass org/eclipse/sisu/inject/RankedBindings$Itr
instanceKlass org/eclipse/sisu/inject/LocatedBeans$Itr
instanceKlass org/eclipse/sisu/plexus/RealmFilteredBeans$FilteredItr
instanceKlass org/eclipse/sisu/plexus/DefaultPlexusBeans$Itr
instanceKlass org/eclipse/sisu/plexus/DefaultPlexusBeans
instanceKlass org/eclipse/sisu/plexus/RealmFilteredBeans
instanceKlass org/eclipse/sisu/inject/BeanCache
instanceKlass org/eclipse/sisu/inject/LocatedBeans
instanceKlass org/eclipse/sisu/inject/MildElements$Indexable
instanceKlass com/google/inject/internal/ProviderInternalFactory$1
instanceKlass com/google/inject/internal/ConstructorInjector$1
instanceKlass org/eclipse/sisu/inject/WatchedBeans
instanceKlass java/util/concurrent/ConcurrentHashMap$Traverser
instanceKlass org/eclipse/sisu/inject/MildValues$ValueItr
instanceKlass org/eclipse/sisu/inject/InjectorBindings
instanceKlass com/google/inject/spi/ProvisionListener$ProvisionInvocation
instanceKlass com/google/inject/internal/MembersInjectorImpl$1
instanceKlass com/google/inject/internal/InternalContext
instanceKlass com/google/inject/internal/Initializer$1
instanceKlass com/google/common/collect/AbstractMapBasedMultimap$AsMap$AsMapIterator
instanceKlass com/google/inject/internal/SingleMethodInjector$1
instanceKlass org/codehaus/plexus/DefaultPlexusContainer$$FastClassByGuice$$143320384
instanceKlass com/google/inject/internal/SingleMethodInjector$2
instanceKlass com/google/inject/internal/InjectorImpl$MethodInvoker
instanceKlass com/google/inject/internal/SingleMethodInjector
instanceKlass org/sonatype/plexus/components/sec/dispatcher/DefaultSecDispatcher$$FastClassByGuice$$141922070
instanceKlass org/sonatype/plexus/components/cipher/DefaultPlexusCipher$$FastClassByGuice$$141050241
instanceKlass org/codehaus/plexus/component/configurator/MapOrientedComponentConfigurator$$FastClassByGuice$$139519940
instanceKlass org/codehaus/plexus/component/configurator/BasicComponentConfigurator$$FastClassByGuice$$138436399
instanceKlass org/apache/maven/settings/validation/DefaultSettingsValidator$$FastClassByGuice$$137935356
instanceKlass org/apache/maven/settings/io/DefaultSettingsWriter$$FastClassByGuice$$137276028
instanceKlass org/apache/maven/settings/io/DefaultSettingsReader$$FastClassByGuice$$135555618
instanceKlass org/apache/maven/settings/crypto/DefaultSettingsDecrypter$$FastClassByGuice$$134474763
instanceKlass org/apache/maven/settings/building/DefaultSettingsBuilder$$FastClassByGuice$$133415393
instanceKlass org/eclipse/aether/transport/wagon/WagonTransporterFactory$$FastClassByGuice$$132930964
instanceKlass org/eclipse/aether/internal/transport/wagon/PlexusWagonProvider$$FastClassByGuice$$131415168
instanceKlass org/eclipse/aether/internal/transport/wagon/PlexusWagonConfigurator$$FastClassByGuice$$130269639
instanceKlass org/eclipse/aether/transport/http/XChecksumChecksumExtractor$$FastClassByGuice$$130013197
instanceKlass org/eclipse/aether/transport/http/Nexus2ChecksumExtractor$$FastClassByGuice$$128839640
instanceKlass org/eclipse/aether/transport/http/HttpTransporterFactory$$FastClassByGuice$$127263883
instanceKlass org/eclipse/aether/transport/file/FileTransporterFactory$$FastClassByGuice$$126799585
instanceKlass org/apache/maven/repository/internal/VersionsMetadataGeneratorFactory$$FastClassByGuice$$125601659
instanceKlass org/apache/maven/repository/internal/SnapshotMetadataGeneratorFactory$$FastClassByGuice$$124423365
instanceKlass org/apache/maven/repository/internal/PluginsMetadataGeneratorFactory$$FastClassByGuice$$123639167
instanceKlass org/apache/maven/repository/internal/DefaultVersionResolver$$FastClassByGuice$$121977475
instanceKlass org/apache/maven/repository/internal/DefaultVersionRangeResolver$$FastClassByGuice$$121573347
instanceKlass org/apache/maven/repository/internal/DefaultModelCacheFactory$$FastClassByGuice$$120293414
instanceKlass org/apache/maven/repository/internal/DefaultArtifactDescriptorReader$$FastClassByGuice$$118898901
instanceKlass org/eclipse/aether/named/providers/NoopNamedLockFactory$$FastClassByGuice$$117825685
instanceKlass org/eclipse/aether/named/providers/LocalSemaphoreNamedLockFactory$$FastClassByGuice$$116935857
instanceKlass org/eclipse/aether/named/providers/LocalReadWriteLockNamedLockFactory$$FastClassByGuice$$116159443
instanceKlass org/eclipse/aether/named/providers/FileLockNamedLockFactory$$FastClassByGuice$$115127891
instanceKlass org/eclipse/aether/internal/impl/synccontext/named/providers/StaticNameMapperProvider$$FastClassByGuice$$113360411
instanceKlass org/eclipse/aether/internal/impl/synccontext/named/providers/GAVNameMapperProvider$$FastClassByGuice$$112505480
instanceKlass org/eclipse/aether/internal/impl/synccontext/named/providers/GAECVNameMapperProvider$$FastClassByGuice$$111779407
instanceKlass org/eclipse/aether/internal/impl/synccontext/named/providers/FileStaticNameMapperProvider$$FastClassByGuice$$110608354
instanceKlass org/eclipse/aether/internal/impl/synccontext/named/providers/FileHashingGAVNameMapperProvider$$FastClassByGuice$$109072285
instanceKlass org/eclipse/aether/internal/impl/synccontext/named/providers/FileHashingGAECVNameMapperProvider$$FastClassByGuice$$108735887
instanceKlass org/eclipse/aether/internal/impl/synccontext/named/providers/FileGAVNameMapperProvider$$FastClassByGuice$$107442959
instanceKlass org/eclipse/aether/internal/impl/synccontext/named/providers/FileGAECVNameMapperProvider$$FastClassByGuice$$105951270
instanceKlass org/eclipse/aether/internal/impl/synccontext/named/providers/DiscriminatingNameMapperProvider$$FastClassByGuice$$105423595
instanceKlass org/eclipse/aether/internal/impl/synccontext/named/NamedLockFactoryAdapterFactoryImpl$$FastClassByGuice$$104843504
instanceKlass org/eclipse/aether/internal/impl/synccontext/legacy/DefaultSyncContextFactory$$FastClassByGuice$$103411954
instanceKlass org/eclipse/aether/internal/impl/synccontext/DefaultSyncContextFactory$$FastClassByGuice$$102171459
instanceKlass org/eclipse/aether/internal/impl/resolution/TrustedChecksumsArtifactResolverPostProcessor$$FastClassByGuice$$101558651
instanceKlass org/eclipse/aether/internal/impl/filter/PrefixesRemoteRepositoryFilterSource$$FastClassByGuice$$100063445
instanceKlass org/eclipse/aether/internal/impl/filter/GroupIdRemoteRepositoryFilterSource$$FastClassByGuice$$99586889
instanceKlass org/eclipse/aether/internal/impl/filter/DefaultRemoteRepositoryFilterManager$$FastClassByGuice$$97775528
instanceKlass org/eclipse/aether/internal/impl/collect/df/DfDependencyCollector$$FastClassByGuice$$96944393
instanceKlass org/eclipse/aether/internal/impl/collect/bf/BfDependencyCollector$$FastClassByGuice$$96425574
instanceKlass org/eclipse/aether/internal/impl/collect/DefaultDependencyCollector$$FastClassByGuice$$94442629
instanceKlass org/eclipse/aether/internal/impl/checksum/TrustedToProvidedChecksumsSourceAdapter$$FastClassByGuice$$93823055
instanceKlass org/eclipse/aether/internal/impl/checksum/SummaryFileTrustedChecksumsSource$$FastClassByGuice$$93217938
instanceKlass org/eclipse/aether/internal/impl/checksum/SparseDirectoryTrustedChecksumsSource$$FastClassByGuice$$91971719
instanceKlass org/eclipse/aether/internal/impl/checksum/Sha512ChecksumAlgorithmFactory$$FastClassByGuice$$90667110
instanceKlass org/eclipse/aether/internal/impl/checksum/Sha256ChecksumAlgorithmFactory$$FastClassByGuice$$89599402
instanceKlass org/eclipse/aether/internal/impl/checksum/Sha1ChecksumAlgorithmFactory$$FastClassByGuice$$89020421
instanceKlass com/google/inject/internal/aop/ImmutableStringTrie$$Lambda$64
instanceKlass org/eclipse/aether/internal/impl/checksum/Md5ChecksumAlgorithmFactory$$FastClassByGuice$$87139119
instanceKlass org/eclipse/aether/internal/impl/checksum/DefaultChecksumAlgorithmFactorySelector$$FastClassByGuice$$86020378
instanceKlass org/eclipse/aether/internal/impl/SimpleLocalRepositoryManagerFactory$$FastClassByGuice$$85132738
instanceKlass org/eclipse/aether/internal/impl/Maven2RepositoryLayoutFactory$$FastClassByGuice$$84687994
instanceKlass org/eclipse/aether/internal/impl/LoggerFactoryProvider$$FastClassByGuice$$82849952
instanceKlass org/eclipse/aether/internal/impl/EnhancedLocalRepositoryManagerFactory$$FastClassByGuice$$82366623
instanceKlass org/eclipse/aether/internal/impl/DefaultUpdatePolicyAnalyzer$$FastClassByGuice$$80944829
instanceKlass org/eclipse/aether/internal/impl/DefaultUpdateCheckManager$$FastClassByGuice$$80686565
instanceKlass org/eclipse/aether/internal/impl/DefaultTransporterProvider$$FastClassByGuice$$79011517
instanceKlass org/eclipse/aether/internal/impl/DefaultTrackingFileManager$$FastClassByGuice$$78309051
instanceKlass org/eclipse/aether/internal/impl/DefaultRepositorySystemLifecycle$$FastClassByGuice$$77287394
instanceKlass org/eclipse/aether/internal/impl/DefaultRepositorySystem$$FastClassByGuice$$76193148
instanceKlass org/eclipse/aether/internal/impl/DefaultRepositoryLayoutProvider$$FastClassByGuice$$74574377
instanceKlass org/eclipse/aether/internal/impl/DefaultRepositoryEventDispatcher$$FastClassByGuice$$74420804
instanceKlass org/eclipse/aether/internal/impl/DefaultRepositoryConnectorProvider$$FastClassByGuice$$73120884
instanceKlass org/eclipse/aether/internal/impl/DefaultRemoteRepositoryManager$$FastClassByGuice$$71599409
instanceKlass org/eclipse/aether/internal/impl/DefaultOfflineController$$FastClassByGuice$$70534040
instanceKlass org/eclipse/aether/internal/impl/DefaultMetadataResolver$$FastClassByGuice$$70031075
instanceKlass org/eclipse/aether/internal/impl/DefaultLocalRepositoryProvider$$FastClassByGuice$$68724489
instanceKlass org/eclipse/aether/internal/impl/DefaultLocalPathPrefixComposerFactory$$FastClassByGuice$$67410380
instanceKlass org/eclipse/aether/internal/impl/DefaultLocalPathComposer$$FastClassByGuice$$67010595
instanceKlass org/eclipse/aether/internal/impl/DefaultInstaller$$FastClassByGuice$$65760111
instanceKlass org/eclipse/aether/internal/impl/DefaultFileProcessor$$FastClassByGuice$$64083194
instanceKlass org/eclipse/aether/internal/impl/DefaultDeployer$$FastClassByGuice$$63704259
instanceKlass org/eclipse/aether/internal/impl/DefaultChecksumPolicyProvider$$FastClassByGuice$$62451332
instanceKlass org/eclipse/aether/internal/impl/DefaultArtifactResolver$$FastClassByGuice$$61585525
instanceKlass org/eclipse/aether/connector/basic/BasicRepositoryConnectorFactory$$FastClassByGuice$$60188670
instanceKlass org/apache/maven/model/validation/DefaultModelValidator$$FastClassByGuice$$58758199
instanceKlass org/apache/maven/model/superpom/DefaultSuperPomProvider$$FastClassByGuice$$58593346
instanceKlass org/apache/maven/model/profile/activation/PropertyProfileActivator$$FastClassByGuice$$57157114
instanceKlass org/apache/maven/model/profile/activation/OperatingSystemProfileActivator$$FastClassByGuice$$56193848
instanceKlass org/apache/maven/model/profile/activation/JdkVersionProfileActivator$$FastClassByGuice$$55281225
instanceKlass org/apache/maven/model/profile/activation/FileProfileActivator$$FastClassByGuice$$54066280
instanceKlass org/apache/maven/model/profile/DefaultProfileSelector$$FastClassByGuice$$52995662
instanceKlass org/apache/maven/model/profile/DefaultProfileInjector$$FastClassByGuice$$51660698
instanceKlass org/apache/maven/model/plugin/DefaultReportingConverter$$FastClassByGuice$$50740552
instanceKlass org/apache/maven/model/plugin/DefaultReportConfigurationExpander$$FastClassByGuice$$50005583
instanceKlass org/apache/maven/model/plugin/DefaultPluginConfigurationExpander$$FastClassByGuice$$48650487
instanceKlass org/apache/maven/model/path/ProfileActivationFilePathInterpolator$$FastClassByGuice$$48026733
instanceKlass org/apache/maven/model/path/DefaultUrlNormalizer$$FastClassByGuice$$46424161
instanceKlass org/apache/maven/model/path/DefaultPathTranslator$$FastClassByGuice$$45286702
instanceKlass org/apache/maven/model/path/DefaultModelUrlNormalizer$$FastClassByGuice$$44631129
instanceKlass org/apache/maven/model/path/DefaultModelPathTranslator$$FastClassByGuice$$43768144
instanceKlass org/apache/maven/model/normalization/DefaultModelNormalizer$$FastClassByGuice$$42655340
instanceKlass org/apache/maven/model/management/DefaultPluginManagementInjector$$FastClassByGuice$$41164488
instanceKlass org/apache/maven/model/management/DefaultDependencyManagementInjector$$FastClassByGuice$$40593806
instanceKlass org/apache/maven/model/locator/DefaultModelLocator$$FastClassByGuice$$39800131
instanceKlass org/apache/maven/model/io/DefaultModelWriter$$FastClassByGuice$$38780425
instanceKlass org/apache/maven/model/io/DefaultModelReader$$FastClassByGuice$$37325952
instanceKlass org/apache/maven/model/interpolation/StringVisitorModelInterpolator$$FastClassByGuice$$36014842
instanceKlass org/apache/maven/model/interpolation/DefaultModelVersionProcessor$$FastClassByGuice$$35469764
instanceKlass org/apache/maven/model/inheritance/DefaultInheritanceAssembler$$FastClassByGuice$$34271558
instanceKlass org/apache/maven/model/composition/DefaultDependencyManagementImporter$$FastClassByGuice$$33517170
instanceKlass org/apache/maven/model/building/DefaultModelProcessor$$FastClassByGuice$$31601613
instanceKlass org/apache/maven/model/building/DefaultModelBuilder$$FastClassByGuice$$30848456
instanceKlass org/apache/maven/cli/internal/BootstrapCoreExtensionManager$$FastClassByGuice$$30406665
instanceKlass org/apache/maven/cli/configuration/SettingsXmlConfigurationProcessor$$FastClassByGuice$$29313204
instanceKlass org/apache/maven/toolchain/io/DefaultToolchainsWriter$$FastClassByGuice$$27717846
instanceKlass org/apache/maven/toolchain/io/DefaultToolchainsReader$$FastClassByGuice$$26495481
instanceKlass org/apache/maven/toolchain/building/DefaultToolchainsBuilder$$FastClassByGuice$$25489953
instanceKlass org/apache/maven/plugin/internal/MavenPluginMavenPrerequisiteChecker$$FastClassByGuice$$25127054
instanceKlass org/apache/maven/plugin/internal/MavenPluginJavaPrerequisiteChecker$$FastClassByGuice$$23979412
instanceKlass org/apache/maven/plugin/internal/DefaultPluginValidationManager$$FastClassByGuice$$22426809
instanceKlass org/apache/maven/plugin/DefaultMojosExecutionStrategy$$FastClassByGuice$$21616395
instanceKlass org/apache/maven/lifecycle/internal/LifecycleDependencyResolver$$FastClassByGuice$$20374757
instanceKlass org/apache/maven/lifecycle/internal/DefaultProjectArtifactFactory$$FastClassByGuice$$19511837
instanceKlass org/apache/maven/internal/aether/ResolverLifecycle$$FastClassByGuice$$17924730
instanceKlass com/google/inject/internal/InjectorImpl$SyntheticProviderBindingImpl$1
instanceKlass com/google/inject/internal/InjectorImpl$1
instanceKlass org/apache/maven/internal/aether/DefaultRepositorySystemSessionFactory$$FastClassByGuice$$17452781
instanceKlass com/google/inject/internal/SingleFieldInjector
instanceKlass org/apache/maven/extension/internal/CoreExportsProvider$$FastClassByGuice$$15882277
instanceKlass org/apache/maven/execution/DefaultMavenExecutionRequestPopulator$$FastClassByGuice$$14691531
instanceKlass org/apache/maven/classrealm/DefaultClassRealmManager$$FastClassByGuice$$13716309
instanceKlass org/apache/maven/DefaultArtifactFilterManager$$FastClassByGuice$$13256177
instanceKlass com/google/inject/internal/SingleParameterInjector
instanceKlass org/apache/maven/lifecycle/internal/LifecycleDebugLogger$$FastClassByGuice$$12324488
instanceKlass org/apache/maven/lifecycle/internal/LifecyclePluginResolver$$FastClassByGuice$$10657992
instanceKlass org/apache/maven/lifecycle/internal/LifecycleStarter$$FastClassByGuice$$9573930
instanceKlass org/apache/maven/lifecycle/internal/builder/BuilderCommon$$FastClassByGuice$$8642429
instanceKlass org/apache/maven/lifecycle/internal/MojoDescriptorCreator$$FastClassByGuice$$8168047
instanceKlass org/apache/maven/lifecycle/internal/MojoExecutor$$FastClassByGuice$$7018887
instanceKlass org/apache/maven/eventspy/internal/EventSpyDispatcher$$FastClassByGuice$$5923219
instanceKlass org/eclipse/sisu/PreDestroy
instanceKlass org/eclipse/sisu/PostConstruct
instanceKlass org/apache/maven/lifecycle/Lifecycle$$FastClassByGuice$$4897687
instanceKlass org/eclipse/sisu/plexus/PlexusConfigurations$ConfigurationProvider
instanceKlass org/apache/maven/lifecycle/DefaultLifecycles$$FastClassByGuice$$3262659
instanceKlass org/apache/maven/lifecycle/internal/BuildListCalculator$$FastClassByGuice$$3115915
instanceKlass org/apache/maven/lifecycle/internal/LifecycleModuleBuilder$$FastClassByGuice$$1749646
instanceKlass org/eclipse/sisu/bean/BeanPropertySetter
instanceKlass com/google/inject/internal/DefaultConstructionProxyFactory$ReflectiveProxy
instanceKlass com/google/inject/internal/ProxyFactory
instanceKlass com/google/common/collect/TransformedIterator
instanceKlass com/google/inject/internal/ConstructorInjectorStore$$Lambda$63
instanceKlass com/google/inject/spi/InterceptorBinding
instanceKlass com/google/inject/internal/MethodAspect
instanceKlass com/google/inject/internal/MembersInjectorImpl
instanceKlass org/eclipse/sisu/bean/BeanInjector
instanceKlass org/eclipse/sisu/plexus/PlexusLifecycleManager$2
instanceKlass org/eclipse/sisu/bean/PropertyBinder$1
instanceKlass org/eclipse/sisu/plexus/ProvidedPropertyBinding
instanceKlass org/eclipse/sisu/plexus/PlexusRequirements$AbstractRequirementProvider
instanceKlass org/eclipse/sisu/bean/BeanPropertyField
instanceKlass org/eclipse/sisu/bean/DeclaredMembers$MemberIterator
instanceKlass org/eclipse/sisu/bean/BeanPropertyIterator
instanceKlass org/eclipse/sisu/bean/DeclaredMembers
instanceKlass org/eclipse/sisu/bean/IgnoreSetters
instanceKlass org/eclipse/sisu/bean/BeanProperties
instanceKlass org/eclipse/sisu/plexus/PlexusRequirements
instanceKlass org/eclipse/sisu/plexus/PlexusConfigurations
instanceKlass org/eclipse/sisu/plexus/PlexusPropertyBinder
instanceKlass org/eclipse/sisu/bean/BeanLifecycle
instanceKlass com/google/inject/internal/EncounterImpl
instanceKlass com/google/inject/internal/AbstractBindingProcessor$Processor$$Lambda$62
instanceKlass org/apache/maven/session/scope/internal/SessionScope$$Lambda$61
instanceKlass org/apache/maven/execution/scope/internal/MojoExecutionScope$2
instanceKlass com/google/inject/internal/ProviderInternalFactory
instanceKlass com/google/inject/internal/InternalProviderInstanceBindingImpl$Factory
instanceKlass com/google/inject/internal/FactoryProxy
instanceKlass com/google/inject/internal/InternalFactoryToProviderAdapter
instanceKlass com/google/inject/internal/ConstructionContext
instanceKlass com/google/inject/internal/SingletonScope$1
instanceKlass com/google/inject/internal/ProviderToInternalFactoryAdapter
instanceKlass com/google/inject/internal/CycleDetectingLock$CycleDetectingLockFactory$ReentrantCycleDetectingLock
instanceKlass com/google/inject/internal/Initializer$InjectableReference
instanceKlass com/google/inject/internal/ProvisionListenerStackCallback
instanceKlass com/google/common/cache/LocalCache$AbstractReferenceEntry
instanceKlass com/google/inject/internal/ProvisionListenerCallbackStore$KeyBinding
instanceKlass com/google/inject/internal/util/Classes
instanceKlass com/google/inject/spi/ExposedBinding
instanceKlass com/google/inject/internal/CreationListener
instanceKlass com/google/inject/internal/InjectorShell$LoggerFactory
instanceKlass com/google/inject/internal/InjectorShell$InjectorFactory
instanceKlass com/google/inject/internal/Initializables$1
instanceKlass com/google/inject/internal/Initializables
instanceKlass com/google/inject/internal/ConstantFactory
instanceKlass com/google/inject/internal/InjectorShell
instanceKlass com/google/inject/internal/ProvisionListenerCallbackStore
instanceKlass com/google/inject/spi/TypeEncounter
instanceKlass com/google/inject/internal/SingleMemberInjector
instanceKlass com/google/inject/internal/MembersInjectorStore
instanceKlass com/google/inject/internal/TypeConverterBindingProcessor$4
instanceKlass com/google/inject/internal/TypeConverterBindingProcessor$2
instanceKlass com/google/inject/internal/TypeConverterBindingProcessor$1
instanceKlass com/google/inject/internal/TypeConverterBindingProcessor$5
instanceKlass com/google/inject/internal/FailableCache
instanceKlass com/google/inject/internal/ConstructorInjectorStore
instanceKlass com/google/inject/internal/DeferredLookups
instanceKlass com/google/inject/spi/ConvertedConstantBinding
instanceKlass com/google/inject/spi/ProviderBinding
instanceKlass com/google/inject/internal/InjectorImpl
instanceKlass com/google/inject/internal/Lookups
instanceKlass com/google/inject/internal/InjectorImpl$InjectorOptions
instanceKlass com/google/inject/internal/AbstractProcessor$$Lambda$60
instanceKlass java/lang/invoke/LambdaForm$DMH
instanceKlass com/google/inject/spi/BindingSourceRestriction$$Lambda$59
instanceKlass org/eclipse/sisu/wire/PlaceholderBeanProvider
instanceKlass com/google/inject/internal/ProvisionListenerStackCallback$ProvisionCallback
instanceKlass com/google/inject/internal/ConstructorInjector
instanceKlass com/google/inject/internal/DefaultConstructionProxyFactory$FastClassProxy
instanceKlass java/lang/invoke/LambdaForm$MH
instanceKlass com/google/inject/internal/aop/AbstractGlueGenerator$$Lambda$58
instanceKlass com/google/inject/internal/aop/ImmutableStringTrie
instanceKlass java/util/function/ToIntFunction
instanceKlass java/lang/invoke/LambdaForm$BMH
instanceKlass java/lang/invoke/LambdaForm$DMH
instanceKlass java/lang/invoke/LambdaForm$DMH
instanceKlass org/apache/maven/plugin/internal/DefaultPluginDependenciesResolver$$FastClassByGuice$$435705
instanceKlass com/google/inject/internal/aop/ChildClassDefiner$$Lambda$57
instanceKlass com/google/inject/internal/aop/ChildClassDefiner$ChildLoaderCacheHolder$$Lambda$56
instanceKlass com/google/inject/internal/aop/ChildClassDefiner$ChildLoaderCacheHolder
instanceKlass com/google/inject/internal/aop/BytecodeTasks
instanceKlass com/google/inject/internal/aop/AbstractGlueGenerator$$Lambda$55
instanceKlass org/objectweb/asm/Handle
instanceKlass org/objectweb/asm/Label
instanceKlass org/objectweb/asm/Type
instanceKlass com/google/inject/internal/aop/AbstractGlueGenerator
instanceKlass com/google/inject/internal/aop/ClassBuilding$$Lambda$54
instanceKlass com/google/inject/internal/aop/ClassBuilding$$Lambda$53
instanceKlass com/google/inject/internal/aop/UnsafeClassDefiner
instanceKlass com/google/inject/internal/aop/ChildClassDefiner
instanceKlass com/google/inject/internal/aop/ClassDefining$ClassDefinerHolder
instanceKlass com/google/inject/internal/aop/ClassDefiner
instanceKlass com/google/inject/internal/aop/ClassDefining
instanceKlass com/google/inject/internal/aop/ClassBuilding$$Lambda$52
instanceKlass java/lang/invoke/LambdaForm$DMH
instanceKlass com/google/inject/internal/BytecodeGen$$Lambda$51
instanceKlass java/lang/invoke/LambdaForm$DMH
instanceKlass com/google/inject/internal/BytecodeGen$EnhancerBuilder
instanceKlass com/google/inject/internal/aop/ClassBuilding
instanceKlass com/google/common/collect/MapMakerInternalMap$StrongValueEntry
instanceKlass com/google/common/collect/MapMakerInternalMap$WeakKeyStrongValueEntry$Helper
instanceKlass com/google/common/collect/MapMakerInternalMap$InternalEntry
instanceKlass com/google/common/collect/MapMakerInternalMap$1
instanceKlass com/google/common/collect/MapMakerInternalMap$InternalEntryHelper
instanceKlass com/google/common/collect/MapMakerInternalMap$WeakValueReference
instanceKlass com/google/common/collect/MapMaker
instanceKlass com/google/inject/internal/BytecodeGen
instanceKlass com/google/inject/internal/ConstructionProxy
instanceKlass com/google/inject/internal/DefaultConstructionProxyFactory
instanceKlass com/google/inject/internal/ConstructionProxyFactory
instanceKlass com/google/inject/internal/ConstructorBindingImpl$Factory
instanceKlass org/eclipse/sisu/inject/TypeArguments$Implicit
instanceKlass org/eclipse/sisu/wire/BeanProviders$3
instanceKlass org/sonatype/inject/BeanEntry
instanceKlass org/eclipse/sisu/BeanEntry
instanceKlass org/eclipse/sisu/wire/BeanProviders$4
instanceKlass org/eclipse/sisu/wire/BeanProviders$6
instanceKlass org/eclipse/sisu/wire/BeanProviders$7
instanceKlass org/eclipse/sisu/wire/BeanProviders$1
instanceKlass com/google/inject/spi/ProviderLookup$1
instanceKlass com/google/inject/spi/ProviderWithDependencies
instanceKlass com/google/inject/spi/ProviderLookup
instanceKlass org/eclipse/sisu/wire/BeanProviders
instanceKlass org/eclipse/sisu/inject/HiddenSource
instanceKlass org/eclipse/sisu/wire/LocatorWiring
instanceKlass com/google/inject/ProvidedBy
instanceKlass com/google/inject/ImplementedBy
instanceKlass org/sonatype/plexus/components/cipher/PBECipher
instanceKlass org/codehaus/classworlds/ClassRealm
instanceKlass org/apache/maven/settings/crypto/SettingsDecryptionResult
instanceKlass org/apache/maven/settings/building/DefaultSettingsProblemCollector
instanceKlass org/apache/maven/settings/merge/MavenSettingsMerger
instanceKlass org/apache/maven/settings/building/SettingsBuildingResult
instanceKlass org/apache/maven/settings/building/SettingsProblemCollector
instanceKlass org/eclipse/aether/impl/MetadataGenerator
instanceKlass org/apache/maven/model/Relocation
instanceKlass org/apache/maven/repository/internal/ArtifactDescriptorReaderDelegate
instanceKlass org/eclipse/aether/named/support/AdaptedSemaphoreNamedLock$AdaptedSemaphore
instanceKlass org/eclipse/aether/named/support/NamedLockSupport
instanceKlass org/eclipse/aether/named/support/NamedLockFactorySupport$NamedLockHolder
instanceKlass org/eclipse/aether/named/NamedLock
instanceKlass org/eclipse/aether/internal/impl/synccontext/named/NamedLockFactoryAdapter
instanceKlass org/eclipse/aether/spi/log/Logger
instanceKlass org/eclipse/aether/internal/impl/filter/PrefixesRemoteRepositoryFilterSource$Node
instanceKlass org/eclipse/aether/spi/connector/filter/RemoteRepositoryFilter$Result
instanceKlass org/eclipse/aether/spi/connector/filter/RemoteRepositoryFilter
instanceKlass org/eclipse/aether/collection/DependencyTraverser
instanceKlass org/eclipse/aether/collection/DependencyManager
instanceKlass org/eclipse/aether/internal/impl/collect/df/DfDependencyCollector$Args
instanceKlass org/eclipse/aether/internal/impl/collect/bf/BfDependencyCollector$DescriptorResolutionResult
instanceKlass org/eclipse/aether/internal/impl/collect/bf/BfDependencyCollector$Args
instanceKlass org/eclipse/aether/internal/impl/collect/bf/DependencyProcessingContext
instanceKlass org/eclipse/aether/internal/impl/collect/bf/DependencyResolutionSkipper
instanceKlass org/eclipse/aether/collection/VersionFilter
instanceKlass org/eclipse/aether/graph/DefaultDependencyNode
instanceKlass org/eclipse/aether/version/Version
instanceKlass org/eclipse/aether/internal/impl/collect/PremanagedDependency
instanceKlass org/eclipse/aether/internal/impl/collect/DependencyCollectorDelegate$Results
instanceKlass org/eclipse/aether/internal/impl/collect/DefaultVersionFilterContext
instanceKlass org/eclipse/aether/internal/impl/collect/DefaultDependencyCollectionContext
instanceKlass org/eclipse/aether/collection/DependencyCollectionContext
instanceKlass org/eclipse/aether/internal/impl/collect/DataPool
instanceKlass org/eclipse/aether/collection/VersionFilter$VersionFilterContext
instanceKlass org/eclipse/aether/collection/DependencyGraphTransformationContext
instanceKlass org/eclipse/aether/spi/connector/Transfer
instanceKlass org/eclipse/aether/internal/impl/checksum/SummaryFileTrustedChecksumsSource$SummaryFileWriter
instanceKlass org/eclipse/aether/internal/impl/checksum/SparseDirectoryTrustedChecksumsSource$SparseDirectoryWriter
instanceKlass org/eclipse/aether/spi/checksums/TrustedChecksumsSource$Writer
instanceKlass org/eclipse/aether/spi/connector/checksum/ChecksumAlgorithm
instanceKlass org/eclipse/aether/impl/UpdateCheck
instanceKlass org/eclipse/aether/spi/connector/transport/Transporter
instanceKlass java/nio/channels/FileLock
instanceKlass org/eclipse/aether/resolution/VersionRequest
instanceKlass org/eclipse/aether/resolution/ArtifactDescriptorRequest
instanceKlass org/eclipse/aether/resolution/DependencyResult
instanceKlass org/eclipse/aether/resolution/DependencyRequest
instanceKlass org/eclipse/aether/collection/CollectResult
instanceKlass org/eclipse/aether/collection/CollectRequest
instanceKlass org/eclipse/aether/resolution/VersionRangeResult
instanceKlass org/eclipse/aether/resolution/VersionRangeRequest
instanceKlass java/util/concurrent/atomic/AtomicBoolean
instanceKlass org/eclipse/aether/spi/connector/layout/RepositoryLayout
instanceKlass org/eclipse/aether/RepositoryEvent
instanceKlass org/eclipse/aether/repository/LocalRepository
instanceKlass org/eclipse/aether/internal/impl/LocalPathPrefixComposer
instanceKlass org/eclipse/aether/transform/FileTransformer
instanceKlass org/eclipse/aether/installation/InstallResult
instanceKlass org/eclipse/aether/installation/InstallRequest
instanceKlass org/eclipse/aether/spi/io/FileProcessor$ProgressListener
instanceKlass org/eclipse/aether/internal/impl/DefaultDeployer$EventCatapult
instanceKlass org/eclipse/aether/deployment/DeployResult
instanceKlass org/eclipse/aether/deployment/DeployRequest
instanceKlass org/eclipse/aether/repository/RepositoryPolicy
instanceKlass org/eclipse/aether/transfer/TransferResource
instanceKlass org/eclipse/aether/spi/connector/checksum/ChecksumPolicy
instanceKlass org/eclipse/aether/resolution/VersionResult
instanceKlass org/eclipse/aether/repository/LocalArtifactResult
instanceKlass org/eclipse/aether/resolution/ArtifactRequest
instanceKlass org/eclipse/aether/internal/impl/DefaultArtifactResolver$ResolutionGroup
instanceKlass org/eclipse/aether/SyncContext
instanceKlass org/eclipse/aether/spi/locator/ServiceLocator
instanceKlass org/eclipse/aether/repository/RemoteRepository
instanceKlass org/eclipse/aether/spi/connector/RepositoryConnector
instanceKlass org/apache/maven/model/validation/DefaultModelValidator$1ActivationFrame
instanceKlass org/apache/maven/model/profile/activation/JdkVersionProfileActivator$RangeValue
instanceKlass org/apache/maven/model/InputLocation
instanceKlass org/apache/maven/model/InputSource
instanceKlass org/apache/maven/model/interpolation/StringVisitorModelInterpolator$InnerInterpolator
instanceKlass org/apache/maven/model/ActivationFile
instanceKlass org/apache/maven/model/ActivationProperty
instanceKlass org/apache/maven/model/ActivationOS
instanceKlass org/codehaus/plexus/interpolation/RegexBasedInterpolator
instanceKlass org/apache/maven/model/Activation
instanceKlass org/apache/maven/model/profile/DefaultProfileActivationContext
instanceKlass org/apache/maven/model/building/ModelBuildingEventCatapult
instanceKlass org/apache/maven/model/building/ModelData
instanceKlass org/apache/maven/model/building/DefaultModelProblemCollector
instanceKlass org/apache/maven/model/building/ModelCacheTag
instanceKlass org/apache/maven/model/building/ModelBuildingEvent
instanceKlass org/apache/maven/model/profile/ProfileActivationContext
instanceKlass org/apache/maven/model/building/ModelProblemCollectorExt
instanceKlass org/apache/maven/cli/internal/extension/model/CoreExtension
instanceKlass org/apache/maven/building/ProblemCollector
instanceKlass org/apache/maven/toolchain/merge/MavenToolchainMerger
instanceKlass org/codehaus/plexus/interpolation/InterpolationPostProcessor
instanceKlass org/apache/maven/toolchain/building/ToolchainsBuildingResult
instanceKlass org/eclipse/aether/graph/Dependency
instanceKlass org/eclipse/aether/resolution/ArtifactDescriptorResult
instanceKlass org/apache/maven/plugin/internal/DefaultPluginValidationManager$PluginValidationIssues
instanceKlass com/google/inject/util/Types
instanceKlass org/eclipse/sisu/Nullable
instanceKlass org/eclipse/aether/repository/AuthenticationSelector
instanceKlass org/eclipse/aether/repository/ProxySelector
instanceKlass org/eclipse/aether/repository/MirrorSelector
instanceKlass org/eclipse/aether/resolution/ResolutionErrorPolicy
instanceKlass org/eclipse/aether/repository/LocalRepositoryManager
instanceKlass org/apache/maven/classrealm/ClassRealmManagerDelegate
instanceKlass org/apache/maven/classrealm/ClassRealmConstituent
instanceKlass org/apache/maven/classrealm/ClassRealmRequest
instanceKlass org/eclipse/aether/repository/WorkspaceRepository
instanceKlass org/apache/maven/ArtifactFilterManagerDelegate
instanceKlass org/apache/maven/plugin/version/internal/DefaultPluginVersionResult
instanceKlass org/apache/maven/plugin/version/internal/DefaultPluginVersionResolver$Versions
instanceKlass org/apache/maven/plugin/version/internal/DefaultPluginVersionResolver$Key
instanceKlass org/apache/maven/plugin/version/PluginVersionResult
instanceKlass org/apache/maven/plugin/version/internal/DefaultPluginVersionResolver
instanceKlass org/eclipse/aether/util/graph/visitor/AbstractDepthFirstNodeListGenerator
instanceKlass org/apache/maven/plugin/descriptor/PluginDescriptorBuilder
instanceKlass org/apache/maven/plugin/logging/Log
instanceKlass org/codehaus/plexus/component/configurator/ConfigurationListener
instanceKlass org/apache/maven/plugin/internal/DefaultMavenPluginManager
instanceKlass org/apache/maven/lifecycle/internal/builder/multithreaded/ConcurrencyDependencyGraph
instanceKlass org/apache/maven/lifecycle/internal/builder/multithreaded/ThreadOutputMuxer
instanceKlass org/apache/maven/lifecycle/internal/ProjectSegment
instanceKlass java/util/concurrent/CompletionService
instanceKlass org/apache/maven/lifecycle/internal/builder/multithreaded/MultiThreadedBuilder
instanceKlass org/apache/maven/profiles/ProfileManager
instanceKlass org/apache/maven/project/DefaultMavenProjectBuilder
instanceKlass org/apache/maven/project/DefaultProjectBuildingHelper
instanceKlass org/apache/maven/artifact/repository/layout/FlatRepositoryLayout
instanceKlass org/apache/maven/configuration/BeanConfigurationRequest
instanceKlass org/codehaus/plexus/component/configurator/expression/ExpressionEvaluator
instanceKlass org/codehaus/plexus/configuration/PlexusConfiguration
instanceKlass org/codehaus/plexus/component/configurator/converters/lookup/ConverterLookup
instanceKlass org/apache/maven/configuration/internal/DefaultBeanConfigurator
instanceKlass org/apache/maven/artifact/repository/layout/DefaultRepositoryLayout
instanceKlass org/apache/maven/toolchain/DefaultToolchain
instanceKlass org/apache/maven/toolchain/java/JavaToolchain
instanceKlass org/apache/maven/toolchain/java/JavaToolchainFactory
instanceKlass org/apache/maven/lifecycle/internal/ReactorBuildStatus
instanceKlass org/apache/maven/lifecycle/internal/builder/singlethreaded/SingleThreadedBuilder
instanceKlass org/apache/maven/repository/legacy/repository/DefaultArtifactRepositoryFactory
instanceKlass org/apache/maven/project/validation/ModelValidationResult
instanceKlass org/apache/maven/project/validation/DefaultModelValidator
instanceKlass org/sonatype/plexus/components/sec/dispatcher/PasswordDecryptor
instanceKlass sun/reflect/generics/tree/MethodTypeSignature
instanceKlass sun/reflect/generics/tree/VoidDescriptor
instanceKlass org/sonatype/plexus/components/sec/dispatcher/model/SettingsSecurity
instanceKlass org/apache/maven/execution/DefaultRuntimeInformation
instanceKlass org/apache/maven/plugin/PluginArtifactsCache$CacheRecord
instanceKlass org/apache/maven/plugin/PluginArtifactsCache$Key
instanceKlass org/apache/maven/plugin/DefaultPluginArtifactsCache
instanceKlass org/apache/maven/repository/legacy/resolver/conflict/FarthestConflictResolver
instanceKlass org/apache/maven/repository/DefaultMirrorSelector
instanceKlass org/apache/maven/exception/ExceptionSummary
instanceKlass org/apache/maven/exception/DefaultExceptionHandler
instanceKlass org/apache/maven/repository/legacy/resolver/DefaultLegacyArtifactCollector
instanceKlass org/apache/maven/lifecycle/internal/DefaultLifecycleMappingDelegate
instanceKlass org/apache/maven/artifact/resolver/DefaultResolutionErrorHandler
instanceKlass org/apache/maven/artifact/factory/DefaultArtifactFactory
instanceKlass org/apache/maven/model/Reporting
instanceKlass org/apache/maven/project/inheritance/DefaultModelInheritanceAssembler
instanceKlass org/eclipse/aether/resolution/ArtifactResult
instanceKlass org/eclipse/aether/graph/DependencyNode
instanceKlass org/eclipse/aether/collection/DependencySelector
instanceKlass org/eclipse/aether/artifact/Artifact
instanceKlass org/eclipse/aether/resolution/ArtifactDescriptorPolicy
instanceKlass org/apache/maven/plugin/internal/DefaultPluginDependenciesResolver
instanceKlass org/apache/maven/plugin/internal/DefaultPluginManager
instanceKlass org/apache/maven/plugin/version/PluginVersionRequest
instanceKlass org/apache/maven/plugin/DefaultBuildPluginManager
instanceKlass org/apache/maven/artifact/repository/metadata/Versioning
instanceKlass org/apache/maven/project/path/DefaultPathTranslator
instanceKlass org/apache/maven/project/ProjectBuilderConfiguration
instanceKlass org/apache/maven/lifecycle/internal/PhaseRecorder
instanceKlass org/apache/maven/lifecycle/internal/DependencyContext
instanceKlass org/apache/maven/lifecycle/internal/ProjectIndex
instanceKlass org/apache/maven/plugin/MojoExecutionRunner
instanceKlass org/apache/maven/lifecycle/internal/DefaultLifecyclePluginAnalyzer$GoalSpec
instanceKlass org/apache/maven/lifecycle/mapping/LifecyclePhase
instanceKlass org/apache/maven/lifecycle/internal/DefaultLifecyclePluginAnalyzer
instanceKlass org/apache/maven/repository/metadata/ClasspathContainer
instanceKlass org/apache/maven/repository/metadata/DefaultClasspathTransformation
instanceKlass org/apache/maven/lifecycle/DefaultLifecycleExecutor
instanceKlass org/apache/maven/DefaultProjectDependenciesResolver
instanceKlass org/apache/maven/project/artifact/DefaultMavenMetadataCache$CacheKey
instanceKlass org/apache/maven/project/artifact/DefaultMavenMetadataCache
instanceKlass org/apache/maven/model/building/ModelBuildingResult
instanceKlass org/apache/maven/project/ReactorModelPool
instanceKlass org/apache/maven/project/DefaultProjectBuilder$InternalConfig
instanceKlass org/apache/maven/model/resolution/ModelResolver
instanceKlass org/apache/maven/model/building/ModelCache
instanceKlass org/apache/maven/project/ProjectBuildingResult
instanceKlass org/apache/maven/model/building/ModelBuildingListener
instanceKlass org/apache/maven/project/DefaultProjectBuilder
instanceKlass org/apache/maven/model/building/ModelSource
instanceKlass org/apache/maven/execution/ProjectDependencyGraph
instanceKlass org/apache/maven/graph/DefaultGraphBuilder
instanceKlass org/apache/maven/plugin/ExtensionRealmCache$CacheRecord
instanceKlass org/apache/maven/plugin/ExtensionRealmCache$Key
instanceKlass org/apache/maven/plugin/DefaultExtensionRealmCache
instanceKlass org/apache/maven/artifact/repository/DefaultArtifactRepositoryFactory
instanceKlass org/eclipse/aether/RepositoryListener
instanceKlass org/apache/maven/lifecycle/MavenExecutionPlan
instanceKlass org/apache/maven/lifecycle/internal/DefaultLifecycleExecutionPlanCalculator
instanceKlass org/apache/maven/repository/legacy/resolver/conflict/DefaultConflictResolverFactory
instanceKlass org/eclipse/aether/version/VersionScheme
instanceKlass org/apache/maven/rtinfo/internal/DefaultRuntimeInformation
instanceKlass org/apache/maven/plugin/PluginRealmCache$CacheRecord
instanceKlass org/apache/maven/plugin/PluginRealmCache$PluginRealmSupplier
instanceKlass org/apache/maven/plugin/PluginRealmCache$Key
instanceKlass org/apache/maven/plugin/DefaultPluginRealmCache
instanceKlass org/apache/maven/settings/building/SettingsBuildingRequest
instanceKlass org/apache/maven/repository/legacy/resolver/conflict/OldestConflictResolver
instanceKlass org/apache/maven/model/PluginContainer
instanceKlass org/eclipse/aether/RequestTrace
instanceKlass org/apache/maven/plugin/prefix/PluginPrefixRequest
instanceKlass org/eclipse/aether/repository/ArtifactRepository
instanceKlass org/apache/maven/plugin/prefix/PluginPrefixResult
instanceKlass org/eclipse/aether/metadata/Metadata
instanceKlass org/apache/maven/plugin/prefix/internal/DefaultPluginPrefixResolver
instanceKlass org/apache/maven/lifecycle/internal/ProjectBuildList
instanceKlass org/apache/maven/artifact/handler/manager/DefaultArtifactHandlerManager
instanceKlass org/apache/maven/repository/legacy/resolver/conflict/NewestConflictResolver
instanceKlass org/apache/maven/project/artifact/ProjectArtifactsCache$CacheRecord
instanceKlass org/apache/maven/project/artifact/ProjectArtifactsCache$Key
instanceKlass org/apache/maven/project/artifact/DefaultProjectArtifactsCache
instanceKlass org/apache/maven/artifact/handler/DefaultArtifactHandler
instanceKlass org/apache/maven/model/building/Result
instanceKlass org/eclipse/aether/DefaultRepositorySystemSession
instanceKlass org/apache/maven/execution/MavenExecutionResult
instanceKlass org/apache/maven/DefaultMaven
instanceKlass org/apache/maven/toolchain/model/TrackableBase
instanceKlass org/apache/maven/toolchain/DefaultToolchainsBuilder
instanceKlass org/apache/maven/execution/ExecutionEvent
instanceKlass org/apache/maven/lifecycle/internal/DefaultExecutionEventCatapult
instanceKlass org/apache/maven/project/DefaultDependencyResolutionResult
instanceKlass org/apache/maven/project/DependencyResolutionRequest
instanceKlass org/eclipse/aether/graph/DependencyVisitor
instanceKlass org/apache/maven/project/DependencyResolutionResult
instanceKlass org/apache/maven/project/DefaultProjectDependenciesResolver
instanceKlass org/apache/http/config/Registry
instanceKlass org/apache/http/impl/conn/PoolingHttpClientConnectionManager
instanceKlass org/apache/http/pool/ConnPoolControl
instanceKlass org/apache/http/client/methods/CloseableHttpResponse
instanceKlass org/apache/http/HttpResponse
instanceKlass org/apache/maven/wagon/shared/http/BasicAuthScope
instanceKlass org/apache/maven/wagon/shared/http/HttpConfiguration
instanceKlass org/apache/http/impl/client/CloseableHttpClient
instanceKlass org/apache/http/client/HttpClient
instanceKlass org/apache/http/client/RedirectStrategy
instanceKlass org/apache/http/config/Lookup
instanceKlass org/apache/http/auth/Credentials
instanceKlass org/apache/http/client/AuthCache
instanceKlass org/apache/http/client/CredentialsProvider
instanceKlass org/apache/http/Header
instanceKlass org/apache/http/NameValuePair
instanceKlass org/apache/http/client/ServiceUnavailableRetryStrategy
instanceKlass org/apache/http/conn/ssl/TrustStrategy
instanceKlass org/apache/http/ssl/TrustStrategy
instanceKlass org/apache/http/client/HttpRequestRetryHandler
instanceKlass org/apache/http/protocol/HttpContext
instanceKlass org/apache/http/HttpEntity
instanceKlass org/apache/http/client/methods/HttpUriRequest
instanceKlass org/apache/http/HttpRequest
instanceKlass org/apache/http/HttpMessage
instanceKlass org/apache/http/auth/AuthScheme
instanceKlass org/apache/http/conn/HttpClientConnectionManager
instanceKlass org/apache/maven/plugin/descriptor/Parameter
instanceKlass org/apache/maven/lifecycle/internal/DefaultMojoExecutionConfigurator
instanceKlass org/apache/maven/artifact/versioning/ArtifactVersion
instanceKlass org/apache/maven/repository/metadata/DefaultGraphConflictResolutionPolicy
instanceKlass org/apache/maven/artifact/repository/metadata/io/DefaultMetadataReader
instanceKlass org/apache/maven/artifact/resolver/ResolutionNode
instanceKlass org/apache/maven/repository/legacy/resolver/conflict/NearestConflictResolver
instanceKlass org/eclipse/aether/graph/DependencyFilter
instanceKlass org/apache/maven/project/ProjectRealmCache$CacheRecord
instanceKlass org/apache/maven/project/ProjectRealmCache$Key
instanceKlass org/apache/maven/project/DefaultProjectRealmCache
instanceKlass org/apache/maven/wagon/observers/ChecksumObserver
instanceKlass org/apache/maven/repository/legacy/DefaultWagonManager
instanceKlass java/util/concurrent/ThreadFactory
instanceKlass org/apache/maven/artifact/resolver/DefaultArtifactResolver
instanceKlass org/apache/maven/profiles/ProfilesRoot
instanceKlass org/codehaus/plexus/logging/AbstractLogEnabled
instanceKlass org/apache/maven/lifecycle/internal/DefaultLifecycleTaskSegmentCalculator
instanceKlass org/apache/maven/model/building/ModelProblemCollector
instanceKlass org/apache/maven/model/building/ModelBuildingRequest
instanceKlass org/apache/maven/model/merge/ModelMerger
instanceKlass org/apache/maven/model/plugin/DefaultLifecycleBindingsInjector
instanceKlass org/apache/maven/wagon/OutputData
instanceKlass org/apache/maven/wagon/InputData
instanceKlass java/util/EventObject
instanceKlass org/apache/maven/wagon/events/SessionListener
instanceKlass org/apache/maven/wagon/events/TransferListener
instanceKlass org/apache/maven/wagon/resource/Resource
instanceKlass org/apache/maven/wagon/repository/RepositoryPermissions
instanceKlass org/apache/maven/wagon/proxy/ProxyInfo
instanceKlass org/apache/maven/wagon/authentication/AuthenticationInfo
instanceKlass org/apache/maven/wagon/events/TransferEventSupport
instanceKlass org/apache/maven/wagon/events/SessionEventSupport
instanceKlass org/apache/maven/wagon/repository/Repository
instanceKlass org/apache/maven/wagon/proxy/ProxyInfoProvider
instanceKlass org/apache/maven/wagon/AbstractWagon
instanceKlass org/apache/maven/wagon/StreamingWagon
instanceKlass org/apache/maven/toolchain/ToolchainPrivate
instanceKlass org/apache/maven/toolchain/Toolchain
instanceKlass org/apache/maven/toolchain/DefaultToolchainManager
instanceKlass org/apache/maven/project/artifact/MavenMetadataSource$ProjectRelocation
instanceKlass org/apache/maven/model/building/ModelProblem
instanceKlass org/apache/maven/model/ModelBase
instanceKlass org/apache/maven/artifact/repository/metadata/Metadata
instanceKlass org/apache/maven/artifact/repository/metadata/RepositoryMetadata
instanceKlass org/apache/maven/artifact/metadata/ArtifactMetadata
instanceKlass org/apache/maven/repository/legacy/metadata/ArtifactMetadata
instanceKlass org/apache/maven/repository/legacy/metadata/MetadataResolutionRequest
instanceKlass org/apache/maven/repository/legacy/metadata/ResolutionGroup
instanceKlass org/apache/maven/project/artifact/MavenMetadataSource
instanceKlass org/apache/maven/lifecycle/internal/TaskSegment
instanceKlass org/apache/maven/lifecycle/internal/ReactorContext
instanceKlass org/apache/maven/execution/ProjectExecutionListener
instanceKlass org/apache/maven/execution/BuildSummary
instanceKlass org/apache/maven/plugin/internal/DefaultLegacySupport
instanceKlass org/codehaus/plexus/component/repository/ComponentSetDescriptor
instanceKlass org/apache/maven/plugin/PluginDescriptorCache$PluginDescriptorSupplier
instanceKlass org/apache/maven/plugin/PluginDescriptorCache$Key
instanceKlass org/apache/maven/plugin/DefaultPluginDescriptorCache
instanceKlass org/apache/maven/repository/legacy/resolver/transform/DefaultArtifactTransformationManager
instanceKlass org/apache/maven/settings/RepositoryPolicy
instanceKlass org/apache/maven/settings/RepositoryBase
instanceKlass org/apache/maven/artifact/versioning/VersionRange
instanceKlass org/apache/maven/repository/metadata/MetadataGraphEdge
instanceKlass org/apache/maven/repository/metadata/MetadataGraph
instanceKlass org/apache/maven/repository/metadata/MetadataGraphVertex
instanceKlass org/apache/maven/repository/metadata/DefaultGraphConflictResolver
instanceKlass org/apache/maven/repository/Proxy
instanceKlass org/apache/maven/settings/TrackableBase
instanceKlass org/apache/maven/model/RepositoryBase
instanceKlass org/apache/maven/model/Dependency
instanceKlass org/apache/maven/model/ConfigurationContainer
instanceKlass org/apache/maven/model/RepositoryPolicy
instanceKlass org/apache/maven/model/InputLocationTracker
instanceKlass org/apache/maven/artifact/repository/ArtifactRepositoryPolicy
instanceKlass org/apache/maven/artifact/repository/Authentication
instanceKlass org/eclipse/aether/RepositorySystemSession
instanceKlass org/apache/maven/artifact/Artifact
instanceKlass org/apache/maven/repository/ArtifactTransferListener
instanceKlass org/apache/maven/artifact/resolver/ArtifactResolutionResult
instanceKlass org/apache/maven/artifact/resolver/ArtifactResolutionRequest
instanceKlass org/apache/maven/artifact/repository/RepositoryRequest
instanceKlass org/apache/maven/settings/crypto/SettingsDecryptionRequest
instanceKlass org/apache/maven/artifact/resolver/filter/ArtifactFilter
instanceKlass org/apache/maven/artifact/repository/ArtifactRepository
instanceKlass org/apache/maven/repository/legacy/LegacyRepositorySystem
instanceKlass org/apache/maven/lifecycle/mapping/DefaultLifecycleMapping
instanceKlass org/objectweb/asm/Handler
instanceKlass org/objectweb/asm/Frame
instanceKlass org/objectweb/asm/ByteVector
instanceKlass org/objectweb/asm/Symbol
instanceKlass org/objectweb/asm/SymbolTable
instanceKlass org/objectweb/asm/FieldVisitor
instanceKlass org/objectweb/asm/MethodVisitor
instanceKlass org/objectweb/asm/ModuleVisitor
instanceKlass org/objectweb/asm/RecordComponentVisitor
instanceKlass com/google/inject/spi/ProviderWithExtensionVisitor
instanceKlass com/google/common/collect/Iterables
instanceKlass java/util/stream/ForEachOps$ForEachOp
instanceKlass java/util/stream/ForEachOps
instanceKlass com/google/inject/spi/InjectionPoint$$Lambda$50
instanceKlass com/google/inject/spi/InjectionPoint$$Lambda$49
instanceKlass com/google/inject/spi/InjectionPoint$$Lambda$48
instanceKlass com/google/inject/spi/InjectionPoint$$Lambda$47
instanceKlass org/eclipse/sisu/plexus/PlexusBean
instanceKlass org/codehaus/plexus/component/repository/ComponentDescriptor
instanceKlass com/google/inject/spi/ProvidesMethodBinding
instanceKlass org/eclipse/sisu/inject/Guice4
instanceKlass com/google/inject/internal/GuiceInternal
instanceKlass org/sonatype/inject/Parameters
instanceKlass org/eclipse/sisu/plexus/PlexusXmlBeanConverter
instanceKlass org/eclipse/sisu/plexus/PlexusBeanConverter
instanceKlass com/google/inject/spi/TypeConverterBinding
instanceKlass java/lang/reflect/AnnotatedParameterizedType
instanceKlass sun/reflect/generics/tree/Wildcard
instanceKlass sun/reflect/generics/tree/BottomSignature
instanceKlass org/eclipse/sisu/inject/DefaultRankingFunction
instanceKlass com/google/inject/spi/ProvisionListenerBinding
instanceKlass com/google/inject/spi/TypeListenerBinding
instanceKlass org/eclipse/sisu/bean/BeanListener
instanceKlass com/google/inject/matcher/Matchers
instanceKlass org/eclipse/sisu/bean/PropertyBinder
instanceKlass org/eclipse/sisu/plexus/PlexusBeanBinder
instanceKlass com/google/inject/spi/InjectionListener
instanceKlass org/sonatype/plexus/components/sec/dispatcher/DefaultSecDispatcher
instanceKlass org/sonatype/plexus/components/cipher/DefaultPlexusCipher
instanceKlass org/sonatype/plexus/components/cipher/PlexusCipher
instanceKlass org/codehaus/plexus/component/configurator/AbstractComponentConfigurator
instanceKlass org/codehaus/plexus/component/configurator/ComponentConfigurator
instanceKlass org/apache/maven/settings/validation/DefaultSettingsValidator
instanceKlass org/apache/maven/settings/validation/SettingsValidator
instanceKlass org/apache/maven/settings/io/DefaultSettingsWriter
instanceKlass org/apache/maven/settings/io/SettingsWriter
instanceKlass org/apache/maven/settings/io/DefaultSettingsReader
instanceKlass org/apache/maven/settings/io/SettingsReader
instanceKlass org/apache/maven/settings/crypto/DefaultSettingsDecrypter
instanceKlass org/apache/maven/settings/crypto/SettingsDecrypter
instanceKlass org/apache/maven/settings/building/DefaultSettingsBuilder
instanceKlass org/apache/maven/settings/building/SettingsBuilder
instanceKlass org/eclipse/aether/transport/wagon/WagonTransporterFactory
instanceKlass org/eclipse/aether/internal/transport/wagon/PlexusWagonProvider
instanceKlass org/eclipse/aether/transport/wagon/WagonProvider
instanceKlass org/eclipse/aether/internal/transport/wagon/PlexusWagonConfigurator
instanceKlass org/eclipse/aether/transport/wagon/WagonConfigurator
instanceKlass org/eclipse/aether/transport/http/ChecksumExtractor
instanceKlass org/eclipse/aether/transport/http/HttpTransporterFactory
instanceKlass org/eclipse/aether/transport/file/FileTransporterFactory
instanceKlass org/eclipse/aether/spi/connector/transport/TransporterFactory
instanceKlass org/apache/maven/repository/internal/VersionsMetadataGeneratorFactory
instanceKlass org/apache/maven/repository/internal/SnapshotMetadataGeneratorFactory
instanceKlass org/apache/maven/repository/internal/PluginsMetadataGeneratorFactory
instanceKlass org/eclipse/aether/impl/MetadataGeneratorFactory
instanceKlass org/apache/maven/repository/internal/DefaultVersionResolver
instanceKlass org/eclipse/aether/impl/VersionResolver
instanceKlass org/apache/maven/repository/internal/DefaultVersionRangeResolver
instanceKlass org/eclipse/aether/impl/VersionRangeResolver
instanceKlass org/apache/maven/repository/internal/DefaultModelCacheFactory
instanceKlass org/apache/maven/repository/internal/ModelCacheFactory
instanceKlass org/apache/maven/repository/internal/DefaultArtifactDescriptorReader
instanceKlass org/eclipse/aether/impl/ArtifactDescriptorReader
instanceKlass org/eclipse/aether/named/support/NamedLockFactorySupport
instanceKlass org/eclipse/aether/named/NamedLockFactory
instanceKlass org/eclipse/aether/internal/impl/synccontext/named/providers/StaticNameMapperProvider
instanceKlass org/eclipse/aether/internal/impl/synccontext/named/providers/GAVNameMapperProvider
instanceKlass org/eclipse/aether/internal/impl/synccontext/named/providers/GAECVNameMapperProvider
instanceKlass org/eclipse/aether/internal/impl/synccontext/named/providers/FileStaticNameMapperProvider
instanceKlass org/eclipse/aether/internal/impl/synccontext/named/providers/FileHashingGAVNameMapperProvider
instanceKlass org/eclipse/aether/internal/impl/synccontext/named/providers/FileHashingGAECVNameMapperProvider
instanceKlass org/eclipse/aether/internal/impl/synccontext/named/providers/FileGAVNameMapperProvider
instanceKlass org/eclipse/aether/internal/impl/synccontext/named/providers/FileGAECVNameMapperProvider
instanceKlass org/eclipse/aether/internal/impl/synccontext/named/NameMapper
instanceKlass org/eclipse/aether/internal/impl/synccontext/named/providers/DiscriminatingNameMapperProvider
instanceKlass org/eclipse/aether/internal/impl/synccontext/named/NamedLockFactoryAdapterFactoryImpl
instanceKlass org/eclipse/aether/internal/impl/synccontext/named/NamedLockFactoryAdapterFactory
instanceKlass org/eclipse/aether/internal/impl/synccontext/legacy/DefaultSyncContextFactory
instanceKlass org/eclipse/aether/impl/SyncContextFactory
instanceKlass org/eclipse/aether/internal/impl/synccontext/DefaultSyncContextFactory
instanceKlass org/eclipse/aether/spi/synccontext/SyncContextFactory
instanceKlass java/lang/Deprecated
instanceKlass org/eclipse/aether/internal/impl/slf4j/Slf4jLoggerFactory
instanceKlass org/eclipse/aether/internal/impl/resolution/ArtifactResolverPostProcessorSupport
instanceKlass org/eclipse/aether/internal/impl/filter/RemoteRepositoryFilterSourceSupport
instanceKlass org/eclipse/aether/spi/connector/filter/RemoteRepositoryFilterSource
instanceKlass org/eclipse/aether/spi/resolution/ArtifactResolverPostProcessor
instanceKlass org/eclipse/aether/internal/impl/filter/DefaultRemoteRepositoryFilterManager
instanceKlass org/eclipse/aether/impl/RemoteRepositoryFilterManager
instanceKlass org/eclipse/aether/internal/impl/collect/DependencyCollectorDelegate
instanceKlass org/eclipse/aether/internal/impl/collect/DefaultDependencyCollector
instanceKlass org/eclipse/aether/impl/DependencyCollector
instanceKlass org/eclipse/aether/internal/impl/checksum/TrustedToProvidedChecksumsSourceAdapter
instanceKlass org/eclipse/aether/spi/checksums/ProvidedChecksumsSource
instanceKlass org/eclipse/aether/internal/impl/checksum/FileTrustedChecksumsSourceSupport
instanceKlass org/eclipse/aether/spi/checksums/TrustedChecksumsSource
instanceKlass org/eclipse/aether/spi/connector/checksum/ChecksumAlgorithmFactorySupport
instanceKlass org/eclipse/aether/spi/connector/checksum/ChecksumAlgorithmFactory
instanceKlass org/eclipse/aether/internal/impl/checksum/DefaultChecksumAlgorithmFactorySelector
instanceKlass org/eclipse/aether/spi/connector/checksum/ChecksumAlgorithmFactorySelector
instanceKlass org/eclipse/aether/internal/impl/SimpleLocalRepositoryManagerFactory
instanceKlass org/eclipse/aether/internal/impl/Maven2RepositoryLayoutFactory
instanceKlass org/eclipse/aether/spi/connector/layout/RepositoryLayoutFactory
instanceKlass org/eclipse/aether/spi/log/LoggerFactory
instanceKlass org/eclipse/aether/internal/impl/LoggerFactoryProvider
instanceKlass org/eclipse/aether/internal/impl/EnhancedLocalRepositoryManagerFactory
instanceKlass org/eclipse/aether/spi/localrepo/LocalRepositoryManagerFactory
instanceKlass org/eclipse/aether/internal/impl/DefaultUpdatePolicyAnalyzer
instanceKlass org/eclipse/aether/impl/UpdatePolicyAnalyzer
instanceKlass org/eclipse/aether/internal/impl/DefaultUpdateCheckManager
instanceKlass org/eclipse/aether/impl/UpdateCheckManager
instanceKlass org/eclipse/aether/internal/impl/DefaultTransporterProvider
instanceKlass org/eclipse/aether/spi/connector/transport/TransporterProvider
instanceKlass org/eclipse/aether/internal/impl/DefaultTrackingFileManager
instanceKlass org/eclipse/aether/internal/impl/TrackingFileManager
instanceKlass org/eclipse/aether/internal/impl/DefaultRepositorySystemLifecycle
instanceKlass org/eclipse/aether/impl/RepositorySystemLifecycle
instanceKlass org/eclipse/aether/internal/impl/DefaultRepositorySystem
instanceKlass org/eclipse/aether/RepositorySystem
instanceKlass org/eclipse/aether/internal/impl/DefaultRepositoryLayoutProvider
instanceKlass org/eclipse/aether/spi/connector/layout/RepositoryLayoutProvider
instanceKlass org/eclipse/aether/internal/impl/DefaultRepositoryEventDispatcher
instanceKlass org/eclipse/aether/impl/RepositoryEventDispatcher
instanceKlass org/eclipse/aether/internal/impl/DefaultRepositoryConnectorProvider
instanceKlass org/eclipse/aether/impl/RepositoryConnectorProvider
instanceKlass org/eclipse/aether/internal/impl/DefaultRemoteRepositoryManager
instanceKlass org/eclipse/aether/impl/RemoteRepositoryManager
instanceKlass org/eclipse/aether/internal/impl/DefaultOfflineController
instanceKlass org/eclipse/aether/impl/OfflineController
instanceKlass org/eclipse/aether/internal/impl/DefaultMetadataResolver
instanceKlass org/eclipse/aether/impl/MetadataResolver
instanceKlass org/eclipse/aether/internal/impl/DefaultLocalRepositoryProvider
instanceKlass org/eclipse/aether/impl/LocalRepositoryProvider
instanceKlass org/eclipse/aether/internal/impl/LocalPathPrefixComposerFactorySupport
instanceKlass org/eclipse/aether/internal/impl/LocalPathPrefixComposerFactory
instanceKlass org/eclipse/aether/internal/impl/DefaultLocalPathComposer
instanceKlass org/eclipse/aether/internal/impl/LocalPathComposer
instanceKlass org/eclipse/aether/internal/impl/DefaultInstaller
instanceKlass org/eclipse/aether/impl/Installer
instanceKlass org/eclipse/aether/internal/impl/DefaultFileProcessor
instanceKlass org/eclipse/aether/spi/io/FileProcessor
instanceKlass org/eclipse/aether/internal/impl/DefaultDeployer
instanceKlass org/eclipse/aether/impl/Deployer
instanceKlass org/eclipse/aether/internal/impl/DefaultChecksumPolicyProvider
instanceKlass org/eclipse/aether/spi/connector/checksum/ChecksumPolicyProvider
instanceKlass org/eclipse/aether/internal/impl/DefaultArtifactResolver
instanceKlass org/eclipse/aether/impl/ArtifactResolver
instanceKlass org/eclipse/aether/connector/basic/BasicRepositoryConnectorFactory
instanceKlass org/eclipse/aether/spi/locator/Service
instanceKlass org/eclipse/aether/spi/connector/RepositoryConnectorFactory
instanceKlass org/apache/maven/model/validation/DefaultModelValidator
instanceKlass org/apache/maven/model/validation/ModelValidator
instanceKlass org/apache/maven/model/superpom/DefaultSuperPomProvider
instanceKlass org/apache/maven/model/superpom/SuperPomProvider
instanceKlass org/apache/maven/model/profile/activation/PropertyProfileActivator
instanceKlass org/apache/maven/model/profile/activation/OperatingSystemProfileActivator
instanceKlass org/apache/maven/model/profile/activation/JdkVersionProfileActivator
instanceKlass org/apache/maven/model/profile/activation/FileProfileActivator
instanceKlass org/apache/maven/model/profile/activation/ProfileActivator
instanceKlass org/apache/maven/model/profile/DefaultProfileSelector
instanceKlass org/apache/maven/model/profile/ProfileSelector
instanceKlass org/apache/maven/model/profile/DefaultProfileInjector
instanceKlass org/apache/maven/model/profile/ProfileInjector
instanceKlass org/apache/maven/model/plugin/DefaultReportingConverter
instanceKlass org/apache/maven/model/plugin/ReportingConverter
instanceKlass org/apache/maven/model/plugin/DefaultReportConfigurationExpander
instanceKlass org/apache/maven/model/plugin/ReportConfigurationExpander
instanceKlass org/apache/maven/model/plugin/DefaultPluginConfigurationExpander
instanceKlass org/apache/maven/model/plugin/PluginConfigurationExpander
instanceKlass org/apache/maven/model/path/ProfileActivationFilePathInterpolator
instanceKlass org/apache/maven/model/path/DefaultUrlNormalizer
instanceKlass org/apache/maven/model/path/UrlNormalizer
instanceKlass org/apache/maven/model/path/DefaultPathTranslator
instanceKlass org/apache/maven/model/path/PathTranslator
instanceKlass org/apache/maven/model/path/DefaultModelUrlNormalizer
instanceKlass org/apache/maven/model/path/ModelUrlNormalizer
instanceKlass org/apache/maven/model/path/DefaultModelPathTranslator
instanceKlass org/apache/maven/model/path/ModelPathTranslator
instanceKlass org/apache/maven/model/normalization/DefaultModelNormalizer
instanceKlass org/apache/maven/model/normalization/ModelNormalizer
instanceKlass org/apache/maven/model/management/DefaultPluginManagementInjector
instanceKlass org/apache/maven/model/management/PluginManagementInjector
instanceKlass org/apache/maven/model/management/DefaultDependencyManagementInjector
instanceKlass org/apache/maven/model/management/DependencyManagementInjector
instanceKlass org/apache/maven/model/locator/DefaultModelLocator
instanceKlass org/apache/maven/model/io/DefaultModelWriter
instanceKlass org/apache/maven/model/io/ModelWriter
instanceKlass org/apache/maven/model/io/DefaultModelReader
instanceKlass org/apache/maven/model/interpolation/AbstractStringBasedModelInterpolator
instanceKlass org/apache/maven/model/interpolation/ModelInterpolator
instanceKlass org/apache/maven/model/interpolation/DefaultModelVersionProcessor
instanceKlass org/apache/maven/model/interpolation/ModelVersionProcessor
instanceKlass org/apache/maven/model/inheritance/DefaultInheritanceAssembler
instanceKlass org/apache/maven/model/inheritance/InheritanceAssembler
instanceKlass org/apache/maven/model/composition/DefaultDependencyManagementImporter
instanceKlass org/apache/maven/model/composition/DependencyManagementImporter
instanceKlass org/apache/maven/model/building/DefaultModelProcessor
instanceKlass org/apache/maven/model/building/ModelProcessor
instanceKlass org/apache/maven/model/io/ModelReader
instanceKlass org/apache/maven/model/locator/ModelLocator
instanceKlass org/apache/maven/model/building/DefaultModelBuilder
instanceKlass org/apache/maven/model/building/ModelBuilder
instanceKlass org/apache/maven/cli/internal/BootstrapCoreExtensionManager
instanceKlass org/apache/maven/cli/configuration/SettingsXmlConfigurationProcessor
instanceKlass org/apache/maven/cli/configuration/ConfigurationProcessor
instanceKlass org/apache/maven/toolchain/io/DefaultToolchainsWriter
instanceKlass org/apache/maven/toolchain/io/ToolchainsWriter
instanceKlass org/apache/maven/toolchain/io/DefaultToolchainsReader
instanceKlass org/apache/maven/toolchain/io/ToolchainsReader
instanceKlass org/apache/maven/toolchain/building/DefaultToolchainsBuilder
instanceKlass org/apache/maven/toolchain/building/ToolchainsBuilder
instanceKlass java/lang/invoke/LambdaForm$Hidden
instanceKlass org/apache/maven/execution/MavenSession
instanceKlass org/apache/maven/session/scope/internal/SessionScope$ScopeState
instanceKlass org/apache/maven/session/scope/internal/SessionScope$$Lambda$46
instanceKlass org/apache/maven/session/scope/internal/SessionScope
instanceKlass org/apache/maven/plugin/internal/MavenPluginMavenPrerequisiteChecker
instanceKlass org/apache/maven/plugin/internal/MavenPluginJavaPrerequisiteChecker
instanceKlass org/apache/maven/plugin/MavenPluginPrerequisitesChecker
instanceKlass sun/reflect/ClassDefiner$1
instanceKlass sun/reflect/ClassDefiner
instanceKlass sun/reflect/MethodAccessorGenerator$1
instanceKlass sun/reflect/Label$PatchInfo
instanceKlass sun/reflect/Label
instanceKlass sun/reflect/UTF8
instanceKlass sun/reflect/ClassFileAssembler
instanceKlass sun/reflect/ByteVectorImpl
instanceKlass sun/reflect/ByteVector
instanceKlass sun/reflect/ByteVectorFactory
instanceKlass sun/reflect/AccessorGenerator
instanceKlass sun/reflect/ClassFileConstants
instanceKlass org/apache/maven/plugin/internal/AbstractMavenPluginDependenciesValidator
instanceKlass org/apache/maven/plugin/internal/MavenPluginDependenciesValidator
instanceKlass org/apache/maven/plugin/internal/AbstractMavenPluginParametersValidator
instanceKlass org/apache/maven/plugin/internal/MavenPluginConfigurationValidator
instanceKlass org/apache/maven/eventspy/AbstractEventSpy
instanceKlass org/apache/maven/eventspy/EventSpy
instanceKlass org/apache/maven/plugin/PluginValidationManager
instanceKlass org/apache/maven/plugin/DefaultMojosExecutionStrategy
instanceKlass org/apache/maven/plugin/MojosExecutionStrategy
instanceKlass org/apache/maven/lifecycle/internal/LifecycleDependencyResolver
instanceKlass org/apache/maven/lifecycle/internal/DefaultProjectArtifactFactory
instanceKlass org/apache/maven/lifecycle/internal/ProjectArtifactFactory
instanceKlass org/apache/maven/internal/aether/ResolverLifecycle
instanceKlass org/apache/maven/internal/aether/DefaultRepositorySystemSessionFactory
instanceKlass org/apache/maven/extension/internal/CoreExportsProvider
instanceKlass org/apache/maven/plugin/MojoExecution
instanceKlass org/apache/maven/project/MavenProject
instanceKlass org/apache/maven/execution/MojoExecutionEvent
instanceKlass org/apache/maven/execution/scope/internal/MojoExecutionScope$ScopeState
instanceKlass org/apache/maven/execution/scope/MojoExecutionScoped
instanceKlass com/google/inject/RestrictedBindingSource$Permit
instanceKlass org/apache/maven/execution/scope/internal/MojoExecutionScope$1
instanceKlass org/apache/maven/execution/scope/internal/MojoExecutionScope
instanceKlass org/apache/maven/execution/MojoExecutionListener
instanceKlass org/eclipse/sisu/space/QualifiedTypeBinder$1
instanceKlass org/apache/maven/execution/DefaultMavenExecutionRequestPopulator
instanceKlass org/apache/maven/execution/MavenExecutionRequestPopulator
instanceKlass org/apache/maven/classrealm/DefaultClassRealmManager
instanceKlass org/apache/maven/classrealm/ClassRealmManager
instanceKlass org/apache/maven/SessionScoped
instanceKlass org/apache/maven/ReactorReader
instanceKlass org/apache/maven/repository/internal/MavenWorkspaceReader
instanceKlass org/eclipse/aether/repository/WorkspaceReader
instanceKlass org/eclipse/sisu/space/WildcardKey$QualifiedImpl
instanceKlass org/eclipse/sisu/space/WildcardKey$Qualified
instanceKlass org/eclipse/sisu/space/WildcardKey
instanceKlass org/eclipse/sisu/Typed
instanceKlass org/sonatype/inject/EagerSingleton
instanceKlass org/eclipse/sisu/EagerSingleton
instanceKlass org/sonatype/inject/Mediator
instanceKlass org/eclipse/sisu/inject/TypeArguments
instanceKlass org/apache/maven/DefaultArtifactFilterManager
instanceKlass org/apache/maven/ArtifactFilterManager
instanceKlass org/objectweb/asm/Context
instanceKlass org/objectweb/asm/Attribute
instanceKlass org/objectweb/asm/AnnotationVisitor
instanceKlass org/objectweb/asm/ClassReader
instanceKlass org/eclipse/sisu/space/IndexedClassFinder$1
instanceKlass org/eclipse/sisu/inject/Logs$SLF4JSink
instanceKlass org/eclipse/sisu/inject/Logs$Sink
instanceKlass org/eclipse/sisu/inject/Logs
instanceKlass org/eclipse/sisu/space/QualifierCache
instanceKlass org/eclipse/sisu/space/QualifiedTypeVisitor
instanceKlass org/eclipse/sisu/plexus/PlexusTypeVisitor$ComponentAnnotationVisitor
instanceKlass org/eclipse/sisu/space/AnnotationVisitor
instanceKlass org/eclipse/sisu/plexus/PlexusTypeVisitor
instanceKlass org/eclipse/sisu/space/ClassVisitor
instanceKlass org/eclipse/sisu/plexus/PlexusXmlBeanModule$PlexusXmlBeanSource
instanceKlass org/eclipse/sisu/inject/DescriptionSource
instanceKlass org/eclipse/sisu/inject/AnnotatedSource
instanceKlass org/eclipse/sisu/Description
instanceKlass org/eclipse/sisu/Priority
instanceKlass org/eclipse/sisu/Hidden
instanceKlass org/eclipse/sisu/inject/Sources
instanceKlass com/google/inject/internal/MoreTypes$ParameterizedTypeImpl
instanceKlass sun/reflect/generics/reflectiveObjects/ParameterizedTypeImpl
instanceKlass sun/reflect/generics/reflectiveObjects/LazyReflectiveObjectGenerator
instanceKlass com/google/inject/Key$AnnotationInstanceStrategy
instanceKlass com/google/inject/name/NamedImpl
instanceKlass com/google/inject/name/Named
instanceKlass com/google/inject/name/Names
instanceKlass org/apache/maven/wagon/Wagon
instanceKlass org/apache/maven/toolchain/ToolchainsBuilder
instanceKlass org/apache/maven/toolchain/ToolchainManagerPrivate
instanceKlass org/apache/maven/toolchain/ToolchainManager
instanceKlass org/apache/maven/toolchain/ToolchainFactory
instanceKlass org/apache/maven/settings/MavenSettingsBuilder
instanceKlass org/apache/maven/rtinfo/RuntimeInformation
instanceKlass org/apache/maven/project/artifact/ProjectArtifactsCache
instanceKlass org/apache/maven/project/artifact/MavenMetadataCache
instanceKlass org/apache/maven/project/ProjectRealmCache
instanceKlass org/apache/maven/project/ProjectDependenciesResolver
instanceKlass org/apache/maven/project/ProjectBuildingHelper
instanceKlass org/apache/maven/project/ProjectBuilder
instanceKlass org/apache/maven/project/MavenProjectHelper
instanceKlass org/apache/maven/plugin/version/PluginVersionResolver
instanceKlass org/apache/maven/plugin/prefix/PluginPrefixResolver
instanceKlass org/apache/maven/plugin/internal/PluginDependenciesResolver
instanceKlass org/apache/maven/plugin/PluginRealmCache
instanceKlass org/apache/maven/plugin/PluginManager
instanceKlass org/apache/maven/plugin/PluginDescriptorCache
instanceKlass org/apache/maven/plugin/PluginArtifactsCache
instanceKlass org/apache/maven/plugin/MavenPluginManager
instanceKlass org/apache/maven/plugin/LegacySupport
instanceKlass org/apache/maven/plugin/ExtensionRealmCache
instanceKlass org/apache/maven/plugin/BuildPluginManager
instanceKlass org/apache/maven/model/plugin/LifecycleBindingsInjector
instanceKlass org/apache/maven/lifecycle/internal/builder/BuilderCommon
instanceKlass org/apache/maven/lifecycle/internal/builder/Builder
instanceKlass org/apache/maven/lifecycle/internal/MojoExecutor
instanceKlass org/apache/maven/lifecycle/internal/MojoDescriptorCreator
instanceKlass org/apache/maven/lifecycle/internal/LifecycleTaskSegmentCalculator
instanceKlass org/apache/maven/lifecycle/internal/LifecycleStarter
instanceKlass org/apache/maven/lifecycle/internal/LifecyclePluginResolver
instanceKlass org/apache/maven/lifecycle/internal/LifecycleModuleBuilder
instanceKlass org/apache/maven/lifecycle/internal/LifecycleExecutionPlanCalculator
instanceKlass org/apache/maven/lifecycle/internal/LifecycleDebugLogger
instanceKlass org/apache/maven/lifecycle/internal/ExecutionEventCatapult
instanceKlass org/apache/maven/lifecycle/internal/BuildListCalculator
instanceKlass org/apache/maven/lifecycle/MojoExecutionConfigurator
instanceKlass org/apache/maven/lifecycle/LifecycleMappingDelegate
instanceKlass org/apache/maven/lifecycle/LifecycleExecutor
instanceKlass org/apache/maven/lifecycle/LifeCyclePluginAnalyzer
instanceKlass org/apache/maven/lifecycle/DefaultLifecycles
instanceKlass org/apache/maven/graph/GraphBuilder
instanceKlass org/apache/maven/eventspy/internal/EventSpyDispatcher
instanceKlass org/apache/maven/configuration/BeanConfigurator
instanceKlass org/apache/maven/bridge/MavenRepositorySystem
instanceKlass org/apache/maven/artifact/resolver/ResolutionErrorHandler
instanceKlass org/apache/maven/artifact/repository/metadata/io/MetadataReader
instanceKlass org/apache/maven/artifact/metadata/ArtifactMetadataSource
instanceKlass org/apache/maven/repository/legacy/metadata/ArtifactMetadataSource
instanceKlass org/apache/maven/artifact/handler/manager/ArtifactHandlerManager
instanceKlass org/apache/maven/artifact/factory/ArtifactFactory
instanceKlass org/apache/maven/ProjectDependenciesResolver
instanceKlass org/apache/maven/Maven
instanceKlass org/apache/maven/artifact/handler/ArtifactHandler
instanceKlass org/sonatype/plexus/components/sec/dispatcher/SecDispatcher
instanceKlass org/apache/maven/lifecycle/Lifecycle
instanceKlass org/eclipse/sisu/space/CloningClassSpace$1
instanceKlass org/apache/maven/lifecycle/mapping/LifecycleMapping
instanceKlass org/apache/maven/repository/metadata/GraphConflictResolver
instanceKlass org/apache/maven/repository/metadata/GraphConflictResolutionPolicy
instanceKlass org/eclipse/sisu/plexus/ConfigurationImpl
instanceKlass org/apache/maven/repository/metadata/ClasspathTransformation
instanceKlass org/apache/maven/repository/legacy/resolver/transform/ArtifactTransformationManager
instanceKlass org/apache/maven/repository/legacy/resolver/transform/ArtifactTransformation
instanceKlass org/apache/maven/repository/legacy/resolver/conflict/ConflictResolverFactory
instanceKlass org/apache/maven/repository/legacy/resolver/conflict/ConflictResolver
instanceKlass org/apache/maven/repository/legacy/repository/ArtifactRepositoryFactory
instanceKlass org/apache/maven/repository/legacy/UpdateCheckManager
instanceKlass org/apache/maven/repository/RepositorySystem
instanceKlass org/apache/maven/repository/MirrorSelector
instanceKlass org/apache/maven/project/validation/ModelValidator
instanceKlass org/apache/maven/project/path/PathTranslator
instanceKlass org/apache/maven/project/interpolation/ModelInterpolator
instanceKlass org/apache/maven/project/inheritance/ModelInheritanceAssembler
instanceKlass org/apache/maven/project/MavenProjectBuilder
instanceKlass org/apache/maven/profiles/MavenProfilesBuilder
instanceKlass org/apache/maven/execution/RuntimeInformation
instanceKlass org/apache/maven/artifact/resolver/ArtifactResolver
instanceKlass org/apache/maven/artifact/resolver/ArtifactCollector
instanceKlass org/apache/maven/repository/legacy/resolver/LegacyArtifactCollector
instanceKlass org/apache/maven/artifact/repository/metadata/RepositoryMetadataManager
instanceKlass org/apache/maven/artifact/repository/layout/ArtifactRepositoryLayout
instanceKlass org/apache/maven/artifact/repository/ArtifactRepositoryFactory
instanceKlass org/apache/maven/artifact/manager/WagonManager
instanceKlass org/apache/maven/repository/legacy/WagonManager
instanceKlass org/apache/maven/artifact/installer/ArtifactInstaller
instanceKlass org/eclipse/sisu/plexus/PlexusXmlMetadata
instanceKlass org/eclipse/sisu/plexus/Roles
instanceKlass org/apache/maven/artifact/deployer/ArtifactDeployer
instanceKlass org/eclipse/sisu/plexus/Hints
instanceKlass org/eclipse/sisu/space/AbstractDeferredClass
instanceKlass org/eclipse/sisu/plexus/RequirementImpl
instanceKlass org/codehaus/plexus/component/annotations/Requirement
instanceKlass org/eclipse/sisu/space/Streams
instanceKlass org/eclipse/sisu/plexus/ComponentImpl
instanceKlass org/codehaus/plexus/component/annotations/Component
instanceKlass org/eclipse/sisu/plexus/PlexusTypeRegistry
instanceKlass org/eclipse/sisu/plexus/PlexusXmlScanner
instanceKlass org/eclipse/sisu/space/QualifiedTypeBinder
instanceKlass org/eclipse/sisu/plexus/PlexusTypeBinder
instanceKlass com/google/inject/spi/InjectionRequest
instanceKlass org/eclipse/sisu/bean/BeanProperty
instanceKlass com/google/common/collect/ObjectArrays
instanceKlass com/google/inject/internal/Nullability
instanceKlass com/google/inject/internal/KotlinSupport$KotlinUnsupported$$Lambda$45
instanceKlass java/lang/invoke/LambdaForm$DMH
instanceKlass com/google/inject/internal/KotlinSupport$KotlinUnsupported
instanceKlass com/google/inject/internal/KotlinSupport$KotlinSupportHolder
instanceKlass com/google/inject/internal/KotlinSupportInterface
instanceKlass com/google/inject/internal/KotlinSupport
instanceKlass com/google/inject/spi/InjectionPoint$OverrideIndex
instanceKlass org/eclipse/sisu/inject/RankedBindings
instanceKlass org/eclipse/sisu/Mediator
instanceKlass sun/reflect/generics/tree/TypeVariableSignature
instanceKlass com/google/inject/Inject
instanceKlass javax/inject/Inject
instanceKlass com/google/inject/internal/DeclaredMembers$$Lambda$44
instanceKlass com/google/inject/internal/DeclaredMembers$$Lambda$43
instanceKlass com/google/inject/internal/DeclaredMembers$$Lambda$42
instanceKlass com/google/inject/internal/DeclaredMembers$$Lambda$41
instanceKlass java/lang/reflect/WildcardType
instanceKlass java/lang/reflect/TypeVariable
instanceKlass com/google/inject/spi/InjectionPoint$InjectableMembers
instanceKlass com/google/inject/spi/InjectionPoint$InjectableMember
instanceKlass com/google/inject/spi/InjectionPoint
instanceKlass java/lang/reflect/ParameterizedType
instanceKlass com/google/inject/internal/MoreTypes$GenericArrayTypeImpl
instanceKlass com/google/inject/internal/MoreTypes$CompositeType
instanceKlass com/google/inject/Key$AnnotationTypeStrategy
instanceKlass com/google/common/cache/LocalCache$StrongValueReference
instanceKlass com/google/common/util/concurrent/AbstractFuture$Failure
instanceKlass com/google/common/util/concurrent/AbstractFuture$Cancellation
instanceKlass com/google/common/util/concurrent/AbstractFuture$DelegatingToFuture
instanceKlass com/google/common/util/concurrent/Platform
instanceKlass com/google/common/util/concurrent/Uninterruptibles
instanceKlass java/util/concurrent/locks/LockSupport
instanceKlass com/google/common/util/concurrent/AbstractFutureState$Waiter
instanceKlass com/google/common/util/concurrent/AbstractFuture$Listener
instanceKlass com/google/common/util/concurrent/AbstractFutureState$UnsafeAtomicHelper$$Lambda$40
instanceKlass com/google/common/util/concurrent/LazyLogger
instanceKlass java/util/concurrent/Executor
instanceKlass com/google/common/util/concurrent/AbstractFutureState$AtomicHelper
instanceKlass com/google/common/util/concurrent/internal/InternalFutureFailureAccess
instanceKlass com/google/common/util/concurrent/AbstractFuture$Trusted
instanceKlass com/google/common/util/concurrent/ListenableFuture
instanceKlass java/lang/annotation/Documented
instanceKlass java/lang/annotation/Target
instanceKlass javax/inject/Named
instanceKlass javax/inject/Qualifier
instanceKlass com/google/inject/BindingAnnotation
instanceKlass javax/inject/Scope
instanceKlass com/google/inject/ScopeAnnotation
instanceKlass com/google/inject/internal/Annotations$AnnotationChecker
instanceKlass java/lang/reflect/Proxy$1
instanceKlass java/lang/reflect/WeakCache$Value
instanceKlass sun/misc/ProxyGenerator$ExceptionTableEntry
instanceKlass sun/misc/ProxyGenerator$PrimitiveTypeInfo
instanceKlass sun/misc/ProxyGenerator$FieldInfo
instanceKlass java/io/DataOutput
instanceKlass sun/misc/ProxyGenerator$ConstantPool$Entry
instanceKlass sun/misc/ProxyGenerator$MethodInfo
instanceKlass sun/misc/ProxyGenerator$ProxyMethod
instanceKlass sun/misc/ProxyGenerator$ConstantPool
instanceKlass sun/misc/ProxyGenerator
instanceKlass java/lang/reflect/WeakCache$Factory
instanceKlass java/lang/reflect/Proxy$ProxyClassFactory
instanceKlass java/lang/reflect/Proxy$KeyFactory
instanceKlass java/lang/reflect/WeakCache
instanceKlass java/lang/reflect/Proxy
instanceKlass sun/reflect/annotation/AnnotationInvocationHandler
instanceKlass sun/reflect/annotation/AnnotationParser$1
instanceKlass sun/reflect/annotation/ExceptionProxy
instanceKlass java/lang/annotation/Inherited
instanceKlass java/lang/annotation/Retention
instanceKlass sun/reflect/annotation/AnnotationType$1
instanceKlass java/lang/reflect/GenericArrayType
instanceKlass sun/reflect/generics/visitor/Reifier
instanceKlass sun/reflect/generics/visitor/TypeTreeVisitor
instanceKlass sun/reflect/generics/factory/CoreReflectionFactory
instanceKlass sun/reflect/generics/factory/GenericsFactory
instanceKlass sun/reflect/generics/scope/AbstractScope
instanceKlass sun/reflect/generics/scope/Scope
instanceKlass com/google/inject/internal/Annotations$TestAnnotation
instanceKlass com/google/inject/internal/Annotations$AnnotationToStringConfig
instanceKlass com/google/common/base/Joiner$MapJoiner
instanceKlass com/google/common/base/Joiner
instanceKlass java/lang/reflect/InvocationHandler
instanceKlass com/google/inject/internal/Annotations
instanceKlass org/eclipse/sisu/Parameters
instanceKlass org/eclipse/sisu/wire/ParameterKeys
instanceKlass com/google/inject/internal/util/StackTraceElements$InMemoryStackTraceElement
instanceKlass com/google/inject/internal/util/StackTraceElements
instanceKlass org/eclipse/sisu/wire/TypeConverterCache
instanceKlass com/google/inject/internal/Scoping
instanceKlass com/google/inject/internal/InternalFactory
instanceKlass com/google/inject/internal/InternalFlags$1
instanceKlass com/google/inject/internal/InternalFlags
instanceKlass com/google/inject/spi/ConstructorBinding
instanceKlass com/google/inject/spi/ProviderInstanceBinding
instanceKlass com/google/inject/internal/DelayedInitialize
instanceKlass com/google/inject/spi/ProviderKeyBinding
instanceKlass com/google/inject/spi/InstanceBinding
instanceKlass com/google/inject/spi/HasDependencies
instanceKlass com/google/inject/spi/LinkedKeyBinding
instanceKlass com/google/inject/spi/UntargettedBinding
instanceKlass com/google/inject/internal/BindingImpl
instanceKlass com/google/inject/Key$AnnotationStrategy
instanceKlass org/eclipse/sisu/wire/ElementAnalyzer$1
instanceKlass com/google/inject/util/Modules$EmptyModule
instanceKlass com/google/inject/util/Modules$OverriddenModuleBuilder
instanceKlass com/google/inject/util/Modules
instanceKlass java/util/stream/Nodes$ArrayNode
instanceKlass java/util/stream/Node$Builder
instanceKlass java/util/stream/Node$OfDouble
instanceKlass java/util/stream/Node$OfLong
instanceKlass java/util/stream/Node$OfInt
instanceKlass java/util/stream/Node$OfPrimitive
instanceKlass java/util/stream/Nodes$EmptyNode
instanceKlass java/util/stream/Node
instanceKlass java/util/stream/Nodes
instanceKlass com/google/inject/internal/DeclaredMembers$$Lambda$39
instanceKlass java/util/function/IntFunction
instanceKlass java/lang/invoke/LambdaForm$DMH
instanceKlass java/util/stream/SortedOps
instanceKlass com/google/common/collect/Ordering
instanceKlass com/google/inject/internal/DeclaredMembers$$Lambda$38
instanceKlass com/google/inject/internal/DeclaredMembers$$Lambda$37
instanceKlass java/util/Comparator$$Lambda$36
instanceKlass java/lang/invoke/LambdaForm$DMH
instanceKlass java/util/Comparator$$Lambda$35
instanceKlass com/google/inject/internal/DeclaredMembers$$Lambda$34
instanceKlass com/google/inject/internal/DeclaredMembers$$Lambda$33
instanceKlass java/util/Comparator$$Lambda$32
instanceKlass java/lang/invoke/LambdaForm$BMH
instanceKlass java/lang/invoke/LambdaForm$MH
instanceKlass java/lang/invoke/LambdaForm$DMH
instanceKlass java/lang/invoke/LambdaForm$BMH
instanceKlass java/lang/invoke/LambdaForm$BMH
instanceKlass com/google/inject/internal/DeclaredMembers$$Lambda$31
instanceKlass com/google/inject/internal/DeclaredMembers
instanceKlass com/google/common/base/ExtraObjectsMethodsForWeb
instanceKlass com/google/common/collect/ImmutableMap$Builder
instanceKlass com/google/inject/internal/MoreTypes
instanceKlass com/google/inject/multibindings/ProvidesIntoOptional
instanceKlass com/google/inject/multibindings/ProvidesIntoMap
instanceKlass com/google/inject/multibindings/ProvidesIntoSet
instanceKlass com/google/inject/Provides
instanceKlass javax/inject/Singleton
instanceKlass com/google/inject/spi/ElementSource
instanceKlass com/google/inject/spi/ScopeBinding
instanceKlass com/google/inject/Scopes$2
instanceKlass com/google/inject/Scopes$1
instanceKlass com/google/inject/internal/SingletonScope
instanceKlass com/google/inject/Scopes
instanceKlass com/google/inject/Singleton
instanceKlass com/google/inject/spi/Elements$ModuleInfo
instanceKlass com/google/inject/PrivateModule
instanceKlass java/util/stream/Collectors$$Lambda$30
instanceKlass java/util/stream/Collectors$$Lambda$29
instanceKlass java/lang/invoke/LambdaForm$DMH
instanceKlass java/util/stream/Collectors$$Lambda$28
instanceKlass com/google/inject/spi/BindingSourceRestriction$PermitMapConstruction$$Lambda$27
instanceKlass com/google/inject/spi/BindingSourceRestriction$$Lambda$26
instanceKlass java/lang/invoke/LambdaForm$DMH
instanceKlass com/google/inject/spi/BindingSourceRestriction$$Lambda$25
instanceKlass java/lang/invoke/LambdaForm$DMH
instanceKlass java/util/stream/Streams$2
instanceKlass java/util/stream/Streams
instanceKlass java/util/stream/Streams$ConcatSpliterator
instanceKlass sun/reflect/annotation/AnnotatedTypeFactory$AnnotatedTypeBaseImpl
instanceKlass java/lang/reflect/AnnotatedType
instanceKlass sun/reflect/annotation/AnnotatedTypeFactory
instanceKlass sun/reflect/annotation/TypeAnnotation$LocationInfo$Location
instanceKlass sun/reflect/annotation/TypeAnnotation$LocationInfo
instanceKlass sun/reflect/generics/tree/ClassSignature
instanceKlass sun/reflect/generics/tree/Signature
instanceKlass sun/reflect/generics/tree/ClassTypeSignature
instanceKlass sun/reflect/generics/tree/SimpleClassTypeSignature
instanceKlass sun/reflect/generics/tree/FieldTypeSignature
instanceKlass sun/reflect/generics/tree/BaseType
instanceKlass sun/reflect/generics/tree/TypeSignature
instanceKlass sun/reflect/generics/tree/ReturnType
instanceKlass sun/reflect/generics/tree/TypeArgument
instanceKlass sun/reflect/generics/tree/FormalTypeParameter
instanceKlass sun/reflect/generics/tree/TypeTree
instanceKlass sun/reflect/generics/tree/Tree
instanceKlass sun/reflect/generics/parser/SignatureParser
instanceKlass sun/reflect/annotation/TypeAnnotation
instanceKlass sun/reflect/annotation/TypeAnnotationParser
instanceKlass java/util/Spliterators$ArraySpliterator
instanceKlass java/util/Spliterator$OfDouble
instanceKlass java/util/Spliterator$OfLong
instanceKlass java/util/Spliterator$OfInt
instanceKlass java/util/Spliterator$OfPrimitive
instanceKlass java/util/Spliterators$EmptySpliterator
instanceKlass java/util/Spliterators
instanceKlass sun/reflect/annotation/AnnotationParser
instanceKlass com/google/inject/RestrictedBindingSource
instanceKlass com/google/inject/spi/BindingSourceRestriction
instanceKlass com/google/inject/spi/ModuleSource
instanceKlass com/google/inject/internal/ProviderMethodsModule
instanceKlass com/google/inject/spi/BindingSourceRestriction$PermitMapConstruction$PermitMapImpl
instanceKlass com/google/inject/spi/BindingSourceRestriction$PermitMap
instanceKlass com/google/inject/spi/BindingSourceRestriction$PermitMapConstruction
instanceKlass com/google/common/collect/Hashing
instanceKlass com/google/common/math/IntMath$1
instanceKlass com/google/common/math/MathPreconditions
instanceKlass com/google/common/math/IntMath
instanceKlass com/google/inject/internal/AbstractBindingBuilder
instanceKlass com/google/inject/binder/ConstantBindingBuilder
instanceKlass com/google/inject/binder/AnnotatedElementBuilder
instanceKlass com/google/inject/spi/Elements$RecordingBinder
instanceKlass com/google/inject/Binding
instanceKlass com/google/inject/spi/DefaultBindingTargetVisitor
instanceKlass com/google/inject/spi/BindingTargetVisitor
instanceKlass com/google/inject/spi/Elements
instanceKlass com/google/inject/internal/InjectorShell$RootModule
instanceKlass com/google/common/collect/ListMultimap
instanceKlass com/google/inject/internal/InjectorBindingData
instanceKlass java/util/concurrent/atomic/AtomicReferenceArray
instanceKlass java/util/concurrent/Future
instanceKlass com/google/common/cache/LocalCache$LoadingValueReference
instanceKlass java/util/concurrent/ConcurrentLinkedQueue$Node
instanceKlass com/google/common/cache/Weigher
instanceKlass com/google/common/base/Predicate
instanceKlass com/google/common/base/Equivalence
instanceKlass java/util/function/BiPredicate
instanceKlass com/google/common/base/MoreObjects
instanceKlass com/google/common/cache/LocalCache$1
instanceKlass com/google/common/cache/ReferenceEntry
instanceKlass com/google/common/cache/CacheLoader
instanceKlass com/google/common/cache/LocalCache$LocalManualCache
instanceKlass com/google/inject/internal/WeakKeySet$$Lambda$24
instanceKlass com/google/common/cache/RemovalListener
instanceKlass java/lang/invoke/LambdaForm$DMH
instanceKlass java/util/AbstractMap$SimpleImmutableEntry
instanceKlass com/google/common/cache/LocalCache$ValueReference
instanceKlass com/google/common/cache/CacheBuilder$2
instanceKlass com/google/common/cache/CacheStats
instanceKlass com/google/common/base/Suppliers$SupplierOfInstance
instanceKlass com/google/common/base/Suppliers
instanceKlass com/google/common/cache/CacheBuilder$1
instanceKlass com/google/common/cache/AbstractCache$StatsCounter
instanceKlass com/google/common/base/Supplier
instanceKlass com/google/common/cache/LoadingCache
instanceKlass com/google/common/cache/Cache
instanceKlass com/google/common/cache/CacheBuilder
instanceKlass com/google/inject/internal/WeakKeySet
instanceKlass com/google/common/collect/Sets
instanceKlass com/google/inject/internal/InjectorJitBindingData
instanceKlass com/google/inject/internal/ProcessedBindingData
instanceKlass com/google/inject/spi/DefaultElementVisitor
instanceKlass com/google/inject/internal/InjectorShell$Builder
instanceKlass com/google/common/collect/Lists
instanceKlass com/google/common/collect/CollectPreconditions
instanceKlass com/google/common/collect/LinkedHashMultimap$MultimapIterationChain
instanceKlass java/lang/StrictMath
instanceKlass com/google/common/collect/Platform
instanceKlass com/google/common/collect/Multiset
instanceKlass com/google/common/collect/AbstractMultimap
instanceKlass com/google/common/collect/SetMultimap
instanceKlass com/google/common/base/Converter
instanceKlass com/google/common/collect/ImmutableMap
instanceKlass com/google/common/base/Function
instanceKlass com/google/common/collect/BiMap
instanceKlass com/google/common/collect/SortedMapDifference
instanceKlass com/google/common/collect/MapDifference
instanceKlass com/google/common/collect/Maps
instanceKlass com/google/inject/internal/CycleDetectingLock
instanceKlass com/google/common/collect/Multimap
instanceKlass com/google/inject/internal/CycleDetectingLock$CycleDetectingLockFactory
instanceKlass com/google/inject/internal/Initializable
instanceKlass com/google/inject/internal/Initializer
instanceKlass com/google/common/collect/PeekingIterator
instanceKlass com/google/common/collect/UnmodifiableIterator
instanceKlass com/google/common/collect/Iterators
instanceKlass com/google/common/collect/ImmutableCollection$Builder
instanceKlass com/google/common/collect/ImmutableSet$SetBuilderImpl
instanceKlass com/google/inject/internal/util/SourceProvider
instanceKlass com/google/inject/spi/ErrorDetail
instanceKlass com/google/inject/internal/Errors
instanceKlass com/google/common/base/Preconditions
instanceKlass java/util/logging/LogManager$5
instanceKlass java/util/logging/LoggingProxyImpl
instanceKlass sun/util/logging/LoggingProxy
instanceKlass sun/util/logging/LoggingSupport$1
instanceKlass sun/util/logging/LoggingSupport
instanceKlass sun/util/logging/PlatformLogger$LoggerProxy
instanceKlass sun/util/logging/PlatformLogger$1
instanceKlass sun/util/logging/PlatformLogger
instanceKlass java/util/logging/LogManager$LoggerContext$1
instanceKlass java/util/logging/LogManager$3
instanceKlass java/util/logging/LogManager$2
instanceKlass java/util/logging/LogManager$LogNode
instanceKlass java/util/logging/LogManager$LoggerContext
instanceKlass java/util/logging/LogManager$1
instanceKlass java/util/logging/LogManager
instanceKlass java/util/concurrent/CopyOnWriteArrayList
instanceKlass java/util/logging/Logger$LoggerBundle
instanceKlass java/util/logging/Level$KnownLevel
instanceKlass java/util/logging/Level
instanceKlass java/util/logging/Handler
instanceKlass java/util/logging/Logger
instanceKlass com/google/common/base/Ticker
instanceKlass com/google/common/base/Stopwatch
instanceKlass com/google/inject/internal/util/ContinuousStopwatch
instanceKlass com/google/inject/Injector
instanceKlass com/google/inject/internal/InternalInjectorCreator
instanceKlass com/google/inject/Guice
instanceKlass org/eclipse/sisu/wire/Wiring
instanceKlass org/eclipse/sisu/wire/WireModule$Strategy$1
instanceKlass org/eclipse/sisu/wire/WireModule$Strategy
instanceKlass org/eclipse/sisu/wire/AbstractTypeConverter
instanceKlass com/google/inject/spi/ElementVisitor
instanceKlass org/eclipse/sisu/wire/WireModule
instanceKlass org/eclipse/sisu/bean/BeanBinder
instanceKlass org/eclipse/sisu/plexus/PlexusBindingModule
instanceKlass org/codehaus/plexus/DefaultPlexusContainer$BootModule
instanceKlass org/codehaus/plexus/component/annotations/Configuration
instanceKlass org/eclipse/sisu/plexus/PlexusAnnotatedMetadata
instanceKlass org/eclipse/sisu/plexus/PlexusBeanMetadata
instanceKlass org/eclipse/sisu/plexus/PlexusAnnotatedBeanModule$PlexusAnnotatedBeanSource
instanceKlass org/eclipse/sisu/space/SpaceModule$2
instanceKlass org/eclipse/sisu/space/SpaceModule$Strategy$2
instanceKlass org/eclipse/sisu/space/SpaceModule$Strategy$1
instanceKlass org/eclipse/sisu/space/DefaultClassFinder
instanceKlass org/objectweb/asm/ClassVisitor
instanceKlass org/eclipse/sisu/space/SpaceScanner
instanceKlass org/eclipse/sisu/space/IndexedClassFinder
instanceKlass org/eclipse/sisu/space/ClassFinder
instanceKlass org/eclipse/sisu/space/SpaceModule
instanceKlass org/eclipse/sisu/space/SpaceVisitor
instanceKlass org/eclipse/sisu/plexus/PlexusTypeListener
instanceKlass org/eclipse/sisu/space/QualifiedTypeListener
instanceKlass org/eclipse/sisu/plexus/PlexusAnnotatedBeanModule$1
instanceKlass org/eclipse/sisu/space/SpaceModule$Strategy
instanceKlass org/eclipse/sisu/plexus/PlexusAnnotatedBeanModule
instanceKlass org/eclipse/sisu/plexus/PlexusBeanSource
instanceKlass org/eclipse/sisu/plexus/PlexusXmlBeanModule
instanceKlass org/eclipse/sisu/plexus/PlexusBeanModule
instanceKlass org/eclipse/sisu/space/URLClassSpace
instanceKlass org/codehaus/plexus/DefaultPlexusContainer$SLF4JLoggerFactoryProvider
instanceKlass com/google/inject/util/Providers$ConstantProvider
instanceKlass com/google/inject/util/Providers
instanceKlass org/codehaus/plexus/personality/plexus/lifecycle/phase/Disposable
instanceKlass org/codehaus/plexus/personality/plexus/lifecycle/phase/Startable
instanceKlass org/codehaus/plexus/personality/plexus/lifecycle/phase/Initializable
instanceKlass org/codehaus/plexus/personality/plexus/lifecycle/phase/Contextualizable
instanceKlass org/codehaus/plexus/logging/LogEnabled
instanceKlass org/eclipse/sisu/bean/PropertyBinding
instanceKlass javax/annotation/PreDestroy
instanceKlass javax/annotation/PostConstruct
instanceKlass org/eclipse/sisu/bean/LifecycleBuilder
instanceKlass org/eclipse/sisu/bean/BeanScheduler$1
instanceKlass com/google/inject/spi/DefaultBindingScopingVisitor
instanceKlass com/google/inject/spi/BindingScopingVisitor
instanceKlass org/eclipse/sisu/bean/BeanScheduler$CycleActivator
instanceKlass com/google/inject/spi/ModuleAnnotatedMethodScanner
instanceKlass com/google/inject/PrivateBinder
instanceKlass org/aopalliance/intercept/MethodInterceptor
instanceKlass org/aopalliance/intercept/Interceptor
instanceKlass org/aopalliance/aop/Advice
instanceKlass com/google/inject/Scope
instanceKlass com/google/inject/binder/AnnotatedConstantBindingBuilder
instanceKlass com/google/inject/spi/Message
instanceKlass com/google/inject/spi/Element
instanceKlass com/google/inject/spi/TypeListener
instanceKlass com/google/inject/MembersInjector
instanceKlass com/google/inject/spi/Dependency
instanceKlass com/google/inject/Key
instanceKlass com/google/inject/binder/AnnotatedBindingBuilder
instanceKlass com/google/inject/binder/LinkedBindingBuilder
instanceKlass com/google/inject/binder/ScopedBindingBuilder
instanceKlass com/google/inject/TypeLiteral
instanceKlass com/google/inject/spi/ProvisionListener
instanceKlass com/google/inject/Binder
instanceKlass org/eclipse/sisu/bean/BeanScheduler
instanceKlass org/eclipse/sisu/plexus/DefaultPlexusBeanLocator
instanceKlass org/eclipse/sisu/plexus/RealmManager
instanceKlass org/codehaus/plexus/context/ContextMapAdapter
instanceKlass org/codehaus/plexus/context/DefaultContext
instanceKlass org/codehaus/plexus/logging/AbstractLogger
instanceKlass org/codehaus/plexus/logging/AbstractLoggerManager
instanceKlass java/util/Date
instanceKlass java/text/DigitList
instanceKlass java/text/FieldPosition
instanceKlass java/util/Currency$CurrencyNameGetter
instanceKlass java/util/Currency$OtherCurrencyEntry
instanceKlass java/util/Currency$SpecialCaseEntry
instanceKlass java/util/Currency$1
instanceKlass java/util/Currency
instanceKlass java/text/DecimalFormatSymbols
instanceKlass java/util/concurrent/atomic/AtomicMarkableReference$Pair
instanceKlass java/util/concurrent/atomic/AtomicMarkableReference
instanceKlass java/text/DateFormatSymbols
instanceKlass sun/util/calendar/CalendarUtils
instanceKlass sun/util/calendar/CalendarDate
instanceKlass sun/util/locale/LanguageTag
instanceKlass java/util/ResourceBundle$CacheKeyReference
instanceKlass java/util/ResourceBundle$CacheKey
instanceKlass java/util/ResourceBundle$RBClassLoader$1
instanceKlass java/util/spi/ResourceBundleControlProvider
instanceKlass java/util/ResourceBundle
instanceKlass java/util/ResourceBundle$Control
instanceKlass sun/util/resources/LocaleData$1
instanceKlass sun/util/resources/LocaleData
instanceKlass sun/util/locale/provider/LocaleResources
instanceKlass sun/util/locale/provider/CalendarDataUtility$CalendarWeekParameterGetter
instanceKlass sun/util/locale/provider/LocaleServiceProviderPool$LocalizedObjectGetter
instanceKlass java/util/ServiceLoader$1
instanceKlass java/util/ServiceLoader$LazyIterator
instanceKlass java/util/ServiceLoader
instanceKlass sun/util/locale/provider/SPILocaleProviderAdapter$1
instanceKlass sun/util/locale/provider/LocaleServiceProviderPool
instanceKlass sun/util/locale/provider/CalendarDataUtility
instanceKlass java/util/Calendar$Builder
instanceKlass sun/util/locale/provider/JRELocaleProviderAdapter$1
instanceKlass sun/util/locale/provider/LocaleDataMetaInfo
instanceKlass sun/util/locale/provider/AvailableLanguageTags
instanceKlass sun/util/locale/provider/LocaleProviderAdapter$1
instanceKlass sun/util/locale/provider/ResourceBundleBasedAdapter
instanceKlass sun/util/locale/provider/LocaleProviderAdapter
instanceKlass java/util/spi/LocaleServiceProvider
instanceKlass java/util/Calendar
instanceKlass java/util/TimeZone$1
instanceKlass sun/util/calendar/ZoneInfoFile$ZoneOffsetTransitionRule
instanceKlass java/io/DataInput
instanceKlass sun/util/calendar/ZoneInfoFile$1
instanceKlass sun/util/calendar/ZoneInfoFile
instanceKlass sun/util/calendar/CalendarSystem
instanceKlass java/util/TimeZone
instanceKlass java/text/AttributedCharacterIterator$Attribute
instanceKlass com/google/inject/matcher/AbstractMatcher
instanceKlass com/google/inject/matcher/Matcher
instanceKlass com/google/inject/spi/TypeConverter
instanceKlass org/codehaus/plexus/DefaultPlexusContainer$LoggerProvider
instanceKlass org/codehaus/plexus/DefaultPlexusContainer$DefaultsModule
instanceKlass org/codehaus/plexus/DefaultPlexusContainer$ContainerModule
instanceKlass java/util/concurrent/locks/ReentrantReadWriteLock$WriteLock
instanceKlass java/util/concurrent/locks/ReentrantReadWriteLock$ReadLock
instanceKlass java/util/concurrent/locks/ReentrantReadWriteLock
instanceKlass java/util/concurrent/locks/ReadWriteLock
instanceKlass org/eclipse/sisu/inject/ImplicitBindings
instanceKlass org/eclipse/sisu/inject/MildValues$InverseMapping
instanceKlass org/eclipse/sisu/inject/MildValues
instanceKlass org/eclipse/sisu/inject/Weak
instanceKlass org/eclipse/sisu/inject/RankedSequence$Content
instanceKlass org/eclipse/sisu/inject/RankedSequence
instanceKlass org/eclipse/sisu/inject/BindingSubscriber
instanceKlass org/eclipse/sisu/inject/DefaultBeanLocator
instanceKlass org/eclipse/sisu/inject/DeferredClass
instanceKlass org/codehaus/plexus/DefaultPlexusContainer$LoggerManagerProvider
instanceKlass org/eclipse/sisu/inject/DeferredProvider
instanceKlass com/google/inject/Provider
instanceKlass com/google/inject/AbstractModule
instanceKlass org/codehaus/plexus/context/Context
instanceKlass org/eclipse/sisu/inject/BindingPublisher
instanceKlass org/eclipse/sisu/inject/RankingFunction
instanceKlass org/eclipse/sisu/space/ClassSpace
instanceKlass javax/inject/Provider
instanceKlass org/eclipse/sisu/bean/BeanManager
instanceKlass org/eclipse/sisu/plexus/PlexusBeanLocator
instanceKlass org/codehaus/plexus/classworlds/ClassWorldListener
instanceKlass com/google/inject/Module
instanceKlass org/eclipse/sisu/inject/MutableBeanLocator
instanceKlass org/eclipse/sisu/inject/BeanLocator
instanceKlass org/codehaus/plexus/DefaultPlexusContainer
instanceKlass org/codehaus/plexus/MutablePlexusContainer
instanceKlass java/util/stream/ReduceOps$Box
instanceKlass java/util/stream/ReduceOps$AccumulatingSink
instanceKlass java/util/stream/ReduceOps$ReduceOp
instanceKlass java/util/stream/ReduceOps
instanceKlass java/util/function/Function$$Lambda$23
instanceKlass org/apache/maven/extension/internal/CoreExports$$Lambda$22
instanceKlass java/util/stream/Collectors$$Lambda$21
instanceKlass java/util/stream/Collectors$$Lambda$20
instanceKlass java/util/stream/Collectors$CollectorImpl
instanceKlass java/util/stream/Collector
instanceKlass java/util/stream/Collectors$$Lambda$19
instanceKlass java/lang/invoke/LambdaForm$DMH
instanceKlass java/util/stream/Collectors$$Lambda$18
instanceKlass java/util/stream/Collectors$$Lambda$17
instanceKlass java/util/function/BinaryOperator
instanceKlass java/util/function/BiFunction
instanceKlass java/util/stream/Collectors
instanceKlass org/apache/maven/extension/internal/CoreExports$$Lambda$16
instanceKlass sun/invoke/util/VerifyAccess$1
instanceKlass java/util/function/Function$$Lambda$15
instanceKlass java/util/HashMap$HashMapSpliterator
instanceKlass org/apache/maven/extension/internal/CoreExports
instanceKlass java/util/Collections$EmptyIterator
instanceKlass org/codehaus/plexus/DefaultContainerConfiguration
instanceKlass org/codehaus/plexus/ContainerConfiguration
instanceKlass org/codehaus/plexus/util/BaseIOUtil
instanceKlass org/codehaus/plexus/util/xml/XMLWriter
instanceKlass org/codehaus/plexus/util/xml/Xpp3Dom
instanceKlass org/codehaus/plexus/util/xml/pull/MXParser
instanceKlass org/codehaus/plexus/util/xml/pull/XmlPullParser
instanceKlass org/codehaus/plexus/util/xml/Xpp3DomBuilder
instanceKlass java/util/regex/ASCII
instanceKlass java/util/Locale$1
instanceKlass org/codehaus/plexus/util/ReaderFactory
instanceKlass org/apache/maven/project/ExtensionDescriptor
instanceKlass org/apache/maven/project/ExtensionDescriptorBuilder
instanceKlass org/apache/maven/extension/internal/CoreExtensionEntry
instanceKlass org/codehaus/plexus/logging/Logger
instanceKlass org/apache/maven/cli/logging/Slf4jLoggerManager
instanceKlass org/slf4j/impl/MavenSlf4jSimpleFriend
instanceKlass org/slf4j/MavenSlf4jFriend
instanceKlass org/apache/commons/cli/CommandLine$$Lambda$14
instanceKlass org/apache/maven/cli/logging/BaseSlf4jConfiguration
instanceKlass org/codehaus/plexus/util/PropertyUtils
instanceKlass org/apache/maven/cli/logging/Slf4jConfiguration
instanceKlass org/apache/maven/cli/logging/Slf4jConfigurationFactory
instanceKlass org/slf4j/impl/OutputChoice
instanceKlass sun/net/DefaultProgressMeteringPolicy
instanceKlass sun/net/ProgressMeteringPolicy
instanceKlass sun/net/ProgressMonitor
instanceKlass org/slf4j/impl/SimpleLoggerConfiguration$1
instanceKlass java/text/Format
instanceKlass org/slf4j/impl/SimpleLoggerConfiguration
instanceKlass org/slf4j/helpers/NamedLoggerBase
instanceKlass org/slf4j/impl/SimpleLoggerFactory
instanceKlass org/slf4j/impl/StaticLoggerBinder
instanceKlass org/slf4j/spi/LoggerFactoryBinder
instanceKlass java/util/Collections$3
instanceKlass java/net/URLClassLoader$3$1
instanceKlass sun/misc/CompoundEnumeration
instanceKlass java/net/URLClassLoader$3
instanceKlass sun/misc/URLClassPath$1
instanceKlass java/lang/ClassLoader$2
instanceKlass sun/misc/URLClassPath$2
instanceKlass org/slf4j/helpers/Util
instanceKlass org/slf4j/helpers/NOPLoggerFactory
instanceKlass java/util/concurrent/LinkedBlockingQueue$Node
instanceKlass java/util/concurrent/locks/AbstractQueuedSynchronizer$ConditionObject
instanceKlass java/util/concurrent/locks/Condition
instanceKlass java/util/concurrent/locks/AbstractQueuedSynchronizer$Node
instanceKlass java/util/concurrent/locks/AbstractOwnableSynchronizer
instanceKlass java/util/concurrent/BlockingQueue
instanceKlass org/slf4j/helpers/SubstituteLoggerFactory
instanceKlass org/slf4j/ILoggerFactory
instanceKlass org/slf4j/event/LoggingEvent
instanceKlass org/slf4j/LoggerFactory
instanceKlass java/util/LinkedList$ListItr
instanceKlass java/util/regex/Matcher
instanceKlass java/util/regex/MatchResult
instanceKlass org/codehaus/plexus/util/StringUtils
instanceKlass java/util/Properties$LineReader
instanceKlass sun/net/www/protocol/jar/JarFileFactory
instanceKlass sun/net/www/protocol/jar/URLJarFile$URLJarFileCloseController
instanceKlass java/net/URLClassLoader$2
instanceKlass org/apache/maven/cli/CLIReportingUtils
instanceKlass org/apache/maven/cli/MavenCli$$Lambda$13
instanceKlass java/util/function/BiConsumer
instanceKlass org/codehaus/plexus/interpolation/SimpleRecursionInterceptor
instanceKlass org/codehaus/plexus/interpolation/AbstractValueSource
instanceKlass org/codehaus/plexus/interpolation/RecursionInterceptor
instanceKlass org/codehaus/plexus/interpolation/StringSearchInterpolator
instanceKlass org/codehaus/plexus/interpolation/Interpolator
instanceKlass org/codehaus/plexus/interpolation/BasicInterpolator
instanceKlass org/apache/maven/properties/internal/SystemProperties
instanceKlass java/util/Collections$UnmodifiableMap$UnmodifiableEntrySet$UnmodifiableEntry
instanceKlass java/util/Collections$UnmodifiableMap$UnmodifiableEntrySet$1
instanceKlass org/codehaus/plexus/util/Os
instanceKlass org/apache/maven/properties/internal/EnvironmentUtils
instanceKlass java/lang/invoke/LambdaForm$MH
instanceKlass org/apache/commons/cli/CommandLine$$Lambda$12
instanceKlass java/lang/invoke/LambdaForm$DMH
instanceKlass java/util/stream/Sink$ChainedReference
instanceKlass java/util/stream/FindOps$$Lambda$11
instanceKlass java/lang/invoke/LambdaForm$DMH
instanceKlass java/util/stream/FindOps$FindSink
instanceKlass java/util/stream/TerminalSink
instanceKlass java/util/stream/Sink
instanceKlass java/util/stream/FindOps$$Lambda$10
instanceKlass java/lang/invoke/LambdaForm$DMH
instanceKlass java/util/Optional
instanceKlass java/util/stream/FindOps$FindOp
instanceKlass java/util/stream/TerminalOp
instanceKlass java/util/stream/FindOps
instanceKlass java/lang/invoke/LambdaForm$MH
instanceKlass org/apache/commons/cli/CommandLine$$Lambda$9
instanceKlass java/util/function/Predicate
instanceKlass java/lang/invoke/LambdaForm$DMH
instanceKlass java/lang/Class$4
instanceKlass java/util/EnumMap$1
instanceKlass java/util/stream/StreamOpFlag$MaskBuilder
instanceKlass java/util/stream/PipelineHelper
instanceKlass java/util/stream/Stream
instanceKlass java/util/stream/BaseStream
instanceKlass java/util/stream/StreamSupport
instanceKlass java/util/ArrayList$ArrayListSpliterator
instanceKlass java/util/Spliterator
instanceKlass java/util/LinkedList$Node
instanceKlass org/apache/commons/cli/DefaultParser
instanceKlass org/apache/commons/cli/Util
instanceKlass org/apache/commons/cli/CommandLine$Builder$$Lambda$8
instanceKlass java/lang/invoke/LambdaForm$DMH
instanceKlass org/apache/commons/cli/CommandLine$Builder
instanceKlass org/apache/commons/cli/CommandLine
instanceKlass org/apache/commons/cli/Parser$$Lambda$7
instanceKlass java/util/function/Consumer
instanceKlass java/lang/invoke/LambdaForm$DMH
instanceKlass java/util/LinkedHashMap$LinkedHashIterator
instanceKlass org/apache/commons/cli/Parser
instanceKlass org/apache/maven/cli/CleanArgument
instanceKlass org/apache/commons/cli/OptionValidator
instanceKlass org/apache/commons/cli/Option$Builder
instanceKlass java/util/function/Supplier
instanceKlass org/apache/commons/cli/Option
instanceKlass org/apache/commons/cli/Options
instanceKlass org/apache/commons/cli/CommandLineParser
instanceKlass org/apache/maven/cli/CLIManager
instanceKlass org/apache/maven/cli/logging/Slf4jStdoutLogger
instanceKlass sun/nio/fs/AbstractBasicFileAttributeView
instanceKlass sun/nio/fs/DynamicFileAttributeView
instanceKlass sun/nio/fs/WindowsFileAttributeViews
instanceKlass java/nio/file/attribute/BasicFileAttributeView
instanceKlass java/nio/file/attribute/FileAttributeView
instanceKlass java/nio/file/attribute/AttributeView
instanceKlass sun/nio/fs/WindowsPath$1
instanceKlass sun/nio/fs/WindowsFileAttributes
instanceKlass java/nio/file/attribute/DosFileAttributes
instanceKlass java/nio/file/attribute/BasicFileAttributes
instanceKlass sun/nio/fs/WindowsLinkSupport
instanceKlass java/nio/file/CopyOption
instanceKlass org/eclipse/aether/DefaultRepositoryCache
instanceKlass org/apache/maven/project/ProjectBuildingRequest
instanceKlass org/apache/maven/execution/DefaultMavenExecutionRequest
instanceKlass org/apache/maven/execution/MavenExecutionRequest
instanceKlass java/lang/Shutdown$Lock
instanceKlass java/lang/Shutdown
instanceKlass java/lang/ApplicationShutdownHooks$1
instanceKlass java/lang/ApplicationShutdownHooks
instanceKlass sun/nio/cs/Surrogate
instanceKlass sun/nio/cs/Surrogate$Parser
instanceKlass org/fusesource/jansi/AnsiConsole$$Lambda$6
instanceKlass java/lang/invoke/LambdaForm$MH
instanceKlass java/lang/invoke/LambdaForm$DMH
instanceKlass java/lang/invoke/LambdaForm$DMH
instanceKlass org/fusesource/jansi/AnsiConsole$$Lambda$5
instanceKlass org/fusesource/jansi/io/AnsiOutputStream$IoRunnable
instanceKlass java/lang/invoke/LambdaForm$DMH
instanceKlass sun/misc/Launcher$BootClassPathHolder$1
instanceKlass sun/misc/Launcher$BootClassPathHolder
instanceKlass org/fusesource/jansi/AnsiConsole$1
instanceKlass org/fusesource/jansi/internal/JansiLoader$1
instanceKlass org/fusesource/jansi/internal/Kernel32
instanceKlass org/fusesource/jansi/internal/OSInfo
instanceKlass org/fusesource/jansi/internal/JansiLoader$$Lambda$4
instanceKlass java/lang/invoke/LambdaForm$DMH
instanceKlass org/fusesource/jansi/internal/JansiLoader
instanceKlass org/fusesource/jansi/internal/CLibrary
instanceKlass java/util/TreeMap$Entry
instanceKlass java/lang/ProcessEnvironment$CheckedEntry
instanceKlass java/lang/ProcessEnvironment$CheckedEntrySet$1
instanceKlass java/util/Collections$UnmodifiableMap
instanceKlass java/lang/ProcessEnvironment$EntryComparator
instanceKlass java/lang/ProcessEnvironment$NameComparator
instanceKlass org/fusesource/jansi/io/AnsiProcessor
instanceKlass org/fusesource/jansi/io/AnsiOutputStream$WidthSupplier
instanceKlass org/fusesource/jansi/AnsiConsole
instanceKlass org/fusesource/jansi/Ansi$$Lambda$3
instanceKlass java/util/concurrent/Callable
instanceKlass java/lang/invoke/LambdaForm$DMH
instanceKlass org/fusesource/jansi/Ansi
instanceKlass org/apache/maven/shared/utils/logging/LoggerLevelRenderer
instanceKlass org/apache/maven/shared/utils/logging/MessageBuilder
instanceKlass org/apache/maven/shared/utils/logging/MessageUtils
instanceKlass java/util/regex/Pattern$TreeInfo
instanceKlass java/util/regex/Pattern$Node
instanceKlass java/util/regex/Pattern
instanceKlass org/apache/maven/cli/CliRequest
instanceKlass org/codehaus/plexus/logging/LoggerManager
instanceKlass org/apache/maven/eventspy/EventSpy$Context
instanceKlass org/codehaus/plexus/PlexusContainer
instanceKlass org/slf4j/Logger
instanceKlass org/apache/maven/execution/ExecutionListener
instanceKlass org/eclipse/aether/transfer/TransferListener
instanceKlass org/apache/maven/toolchain/building/ToolchainsBuildingRequest
instanceKlass org/apache/maven/building/Source
instanceKlass org/codehaus/plexus/interpolation/ValueSource
instanceKlass org/apache/maven/exception/ExceptionHandler
instanceKlass org/eclipse/aether/RepositoryCache
instanceKlass org/apache/maven/cli/MavenCli
instanceKlass java/nio/file/attribute/FileTime
instanceKlass java/util/zip/ZipUtils
instanceKlass java/util/TreeMap$PrivateEntryIterator
instanceKlass java/util/TimSort
instanceKlass java/util/Arrays$LegacyMergeSort
instanceKlass java/lang/invoke/LambdaForm$MH
instanceKlass java/lang/invoke/LambdaForm$MH
instanceKlass java/lang/invoke/InnerClassLambdaMetafactory$1
instanceKlass org/codehaus/plexus/classworlds/launcher/Configurator$$Lambda$2
instanceKlass java/lang/invoke/LambdaForm$DMH
instanceKlass java/lang/invoke/LambdaForm$MH
instanceKlass org/codehaus/plexus/classworlds/launcher/ConfigurationParser$$Lambda$1
instanceKlass java/lang/invoke/InfoFromMemberName
instanceKlass java/lang/invoke/MethodHandleInfo
instanceKlass sun/security/util/SecurityConstants
instanceKlass java/security/AccessController$1
instanceKlass java/lang/invoke/AbstractValidatingLambdaMetafactory
instanceKlass java/lang/invoke/LambdaForm$BMH
instanceKlass java/lang/invoke/LambdaForm$BMH
instanceKlass java/lang/invoke/LambdaForm$BMH
instanceKlass java/lang/invoke/LambdaForm$BMH
instanceKlass sun/reflect/UnsafeFieldAccessorFactory
instanceKlass jdk/internal/org/objectweb/asm/FieldVisitor
instanceKlass java/lang/invoke/BoundMethodHandle$Factory$1
instanceKlass java/lang/invoke/BoundMethodHandle$SpeciesData$1
instanceKlass java/lang/invoke/LambdaForm$BMH
instanceKlass java/lang/invoke/LambdaForm$MH
instanceKlass java/lang/invoke/LambdaForm$BMH
instanceKlass java/lang/invoke/LambdaForm$MH
instanceKlass java/lang/invoke/LambdaForm$DMH
instanceKlass java/lang/invoke/LambdaForm$DMH
instanceKlass java/lang/invoke/LambdaForm$BMH
instanceKlass java/lang/invoke/LambdaForm$BMH
instanceKlass java/lang/invoke/LambdaForm$MH
instanceKlass java/lang/invoke/LambdaFormBuffer
instanceKlass java/lang/invoke/LambdaFormEditor
instanceKlass java/lang/invoke/LambdaForm$BMH
instanceKlass java/lang/invoke/LambdaForm$DMH
instanceKlass java/lang/invoke/LambdaForm$DMH
instanceKlass java/lang/invoke/LambdaForm$DMH
instanceKlass java/lang/invoke/LambdaForm$DMH
instanceKlass java/lang/invoke/LambdaForm$MH
instanceKlass java/lang/invoke/LambdaForm$DMH
instanceKlass java/lang/invoke/LambdaForm$DMH
instanceKlass java/lang/invoke/LambdaForm$MH
instanceKlass java/lang/invoke/LambdaForm$DMH
instanceKlass java/lang/invoke/LambdaForm$DMH
instanceKlass java/lang/invoke/LambdaForm$MH
instanceKlass java/lang/invoke/LambdaForm$DMH
instanceKlass java/lang/invoke/LambdaForm$DMH
instanceKlass java/lang/invoke/LambdaForm$MH
instanceKlass java/lang/invoke/LambdaForm$DMH
instanceKlass java/lang/invoke/LambdaForm$DMH
instanceKlass java/lang/invoke/LambdaForm$MH
instanceKlass java/lang/invoke/LambdaForm$DMH
instanceKlass java/lang/invoke/LambdaForm$MH
instanceKlass java/lang/invoke/LambdaForm$DMH
instanceKlass java/lang/invoke/LambdaForm$DMH
instanceKlass java/lang/invoke/LambdaForm$MH
instanceKlass java/lang/invoke/LambdaForm$DMH
instanceKlass java/lang/invoke/LambdaForm$DMH
instanceKlass java/lang/invoke/LambdaForm$MH
instanceKlass java/lang/invoke/LambdaForm$DMH
instanceKlass java/lang/invoke/LambdaForm$MH
instanceKlass java/lang/invoke/LambdaForm$DMH
instanceKlass java/lang/invoke/LambdaForm$MH
instanceKlass java/lang/invoke/LambdaForm$DMH
instanceKlass java/lang/invoke/LambdaForm$DMH
instanceKlass java/lang/invoke/MethodHandleImpl$Lazy
instanceKlass java/lang/invoke/LambdaForm$BMH
instanceKlass java/lang/invoke/LambdaForm$MH
instanceKlass java/lang/invoke/LambdaForm$DMH
instanceKlass java/lang/invoke/LambdaForm$DMH
instanceKlass java/lang/invoke/LambdaForm$DMH
instanceKlass java/io/FilenameFilter
instanceKlass java/lang/invoke/LambdaForm$DMH
instanceKlass java/lang/invoke/LambdaForm$DMH
instanceKlass java/util/SubList$1
instanceKlass java/util/ListIterator
instanceKlass java/lang/invoke/LambdaForm$MH
instanceKlass java/lang/invoke/LambdaForm$MH
instanceKlass java/lang/invoke/LambdaForm$MH
instanceKlass java/lang/invoke/LambdaForm$MH
instanceKlass java/lang/invoke/LambdaForm$MH
instanceKlass java/lang/invoke/LambdaForm$MH
instanceKlass java/lang/invoke/LambdaForm$MH
instanceKlass java/lang/invoke/LambdaForm$MH
instanceKlass java/lang/invoke/LambdaForm$MH
instanceKlass java/lang/invoke/LambdaForm$MH
instanceKlass java/lang/invoke/LambdaForm$MH
instanceKlass java/lang/invoke/LambdaForm$MH
instanceKlass java/lang/invoke/InvokerBytecodeGenerator$CpPatch
instanceKlass java/lang/invoke/LambdaForm$DMH
instanceKlass java/lang/invoke/LambdaForm$DMH
instanceKlass java/lang/invoke/LambdaForm$DMH
instanceKlass java/lang/invoke/LambdaForm$DMH
instanceKlass java/lang/invoke/LambdaForm$DMH
instanceKlass java/lang/invoke/LambdaForm$DMH
instanceKlass sun/invoke/empty/Empty
instanceKlass sun/invoke/util/VerifyType
instanceKlass java/lang/invoke/InvokerBytecodeGenerator$2
instanceKlass jdk/internal/org/objectweb/asm/AnnotationVisitor
instanceKlass jdk/internal/org/objectweb/asm/Frame
instanceKlass jdk/internal/org/objectweb/asm/Label
instanceKlass jdk/internal/org/objectweb/asm/Type
instanceKlass jdk/internal/org/objectweb/asm/MethodVisitor
instanceKlass jdk/internal/org/objectweb/asm/Item
instanceKlass jdk/internal/org/objectweb/asm/ByteVector
instanceKlass jdk/internal/org/objectweb/asm/ClassVisitor
instanceKlass java/lang/invoke/InvokerBytecodeGenerator
instanceKlass java/util/Collections$UnmodifiableCollection$1
instanceKlass java/lang/invoke/DirectMethodHandle$Lazy
instanceKlass sun/invoke/util/BytecodeDescriptor
instanceKlass java/lang/invoke/BoundMethodHandle$Factory
instanceKlass java/lang/invoke/BoundMethodHandle$SpeciesData
instanceKlass java/lang/invoke/LambdaForm$NamedFunction
instanceKlass java/lang/invoke/LambdaForm$Name
instanceKlass sun/invoke/util/ValueConversions
instanceKlass sun/invoke/util/VerifyAccess
instanceKlass java/lang/Long$LongCache
instanceKlass java/lang/Character$CharacterCache
instanceKlass java/lang/Short$ShortCache
instanceKlass java/lang/Byte$ByteCache
instanceKlass sun/invoke/util/Wrapper$Format
instanceKlass java/lang/invoke/MethodHandles
instanceKlass java/lang/invoke/Invokers
instanceKlass java/lang/invoke/MethodTypeForm
instanceKlass java/lang/invoke/MethodType$ConcurrentWeakInternSet
instanceKlass java/lang/invoke/MethodHandles$Lookup
instanceKlass java/lang/invoke/LambdaMetafactory
instanceKlass java/util/ArrayList$Itr
instanceKlass org/codehaus/plexus/classworlds/strategy/AbstractStrategy
instanceKlass org/codehaus/plexus/classworlds/strategy/Strategy
instanceKlass org/codehaus/plexus/classworlds/strategy/StrategyFactory
instanceKlass sun/nio/ch/IOStatus
instanceKlass java/nio/DirectByteBuffer$Deallocator
instanceKlass sun/nio/ch/Util$BufferCache
instanceKlass sun/nio/ch/Util$2
instanceKlass sun/nio/ch/Util
instanceKlass sun/nio/ch/NativeThread
instanceKlass java/nio/channels/spi/AbstractInterruptibleChannel$1
instanceKlass org/codehaus/plexus/classworlds/launcher/ConfigurationParser
instanceKlass org/codehaus/plexus/classworlds/launcher/Configurator
instanceKlass org/codehaus/plexus/classworlds/launcher/ConfigurationHandler
instanceKlass java/nio/channels/Channels
instanceKlass sun/nio/ch/FileDispatcherImpl$1
instanceKlass sun/nio/ch/NativeDispatcher
instanceKlass sun/nio/ch/NativeThreadSet
instanceKlass java/net/Inet6Address$Inet6AddressHolder
instanceKlass java/net/InetAddress$CachedLocalHost
instanceKlass java/net/InetAddress$2
instanceKlass sun/net/spi/nameservice/NameService
instanceKlass java/net/Inet6AddressImpl
instanceKlass java/net/InetAddressImpl
instanceKlass java/net/InetAddressImplFactory
instanceKlass java/util/concurrent/ConcurrentSkipListMap$Node
instanceKlass sun/nio/ch/Interruptible
instanceKlass java/util/concurrent/ConcurrentSkipListMap$Index
instanceKlass java/util/concurrent/ConcurrentNavigableMap
instanceKlass java/util/NavigableMap
instanceKlass java/util/SortedMap
instanceKlass java/util/NavigableSet
instanceKlass java/util/SortedSet
instanceKlass java/net/InetAddress$InetAddressHolder
instanceKlass java/net/InetAddress$1
instanceKlass sun/security/action/GetBooleanAction
instanceKlass java/net/InetAddress
instanceKlass sun/nio/ch/IOUtil$1
instanceKlass sun/nio/ch/IOUtil
instanceKlass java/nio/channels/spi/AbstractInterruptibleChannel
instanceKlass java/nio/channels/InterruptibleChannel
instanceKlass java/nio/channels/ScatteringByteChannel
instanceKlass java/nio/channels/GatheringByteChannel
instanceKlass java/nio/channels/SeekableByteChannel
instanceKlass java/nio/channels/ByteChannel
instanceKlass java/nio/channels/WritableByteChannel
instanceKlass java/nio/channels/ReadableByteChannel
instanceKlass java/nio/channels/Channel
instanceKlass sun/nio/fs/NativeBuffer$Deallocator
instanceKlass sun/nio/fs/NativeBuffer
instanceKlass sun/nio/fs/NativeBuffers
instanceKlass sun/nio/fs/WindowsNativeDispatcher$BackupResult
instanceKlass sun/nio/fs/WindowsNativeDispatcher$CompletionStatus
instanceKlass sun/nio/fs/WindowsNativeDispatcher$AclInformation
instanceKlass sun/nio/fs/WindowsNativeDispatcher$Account
instanceKlass sun/nio/fs/WindowsNativeDispatcher$DiskFreeSpace
instanceKlass sun/nio/fs/WindowsNativeDispatcher$VolumeInformation
instanceKlass sun/nio/fs/WindowsNativeDispatcher$FirstStream
instanceKlass sun/nio/fs/WindowsNativeDispatcher$FirstFile
instanceKlass sun/nio/fs/WindowsNativeDispatcher$1
instanceKlass sun/nio/fs/WindowsNativeDispatcher
instanceKlass java/util/HashMap$HashIterator
instanceKlass sun/nio/fs/WindowsChannelFactory$Flags
instanceKlass sun/nio/fs/WindowsChannelFactory$1
instanceKlass sun/nio/fs/WindowsChannelFactory
instanceKlass sun/nio/fs/WindowsSecurityDescriptor
instanceKlass java/nio/file/attribute/FileAttribute
instanceKlass java/nio/file/Files
instanceKlass java/nio/file/OpenOption
instanceKlass java/nio/file/FileSystems$DefaultFileSystemHolder$1
instanceKlass java/nio/file/FileSystems$DefaultFileSystemHolder
instanceKlass java/nio/file/FileSystems
instanceKlass java/nio/file/Paths
instanceKlass java/lang/Void
instanceKlass org/codehaus/plexus/classworlds/ClassWorld
instanceKlass java/lang/Class$MethodArray
instanceKlass sun/launcher/LauncherHelper$FXHelper
instanceKlass org/codehaus/plexus/classworlds/launcher/Launcher
instanceKlass java/io/FilePermission$1
instanceKlass sun/nio/fs/AbstractPath
instanceKlass sun/net/www/MessageHeader
instanceKlass java/net/URLConnection
instanceKlass java/security/PermissionCollection
instanceKlass java/util/zip/CRC32
instanceKlass java/util/zip/Checksum
instanceKlass sun/nio/ByteBuffered
instanceKlass java/lang/Package
instanceKlass sun/misc/ASCIICaseInsensitiveComparator
instanceKlass java/util/jar/Attributes$Name
instanceKlass java/util/jar/Attributes
instanceKlass sun/misc/Resource
instanceKlass sun/misc/IOUtils
instanceKlass sun/security/action/GetIntegerAction
instanceKlass sun/security/util/SignatureFileVerifier
instanceKlass java/util/zip/ZStreamRef
instanceKlass java/util/zip/Inflater
instanceKlass java/util/zip/ZipEntry
instanceKlass sun/misc/ExtensionDependency
instanceKlass sun/misc/JarIndex
instanceKlass sun/nio/ch/DirectBuffer
instanceKlass sun/misc/PerfCounter$CoreCounters
instanceKlass sun/misc/Perf
instanceKlass sun/misc/Perf$GetPerfAction
instanceKlass sun/misc/PerfCounter
instanceKlass java/util/zip/ZipCoder
instanceKlass java/util/Deque
instanceKlass java/util/Queue
instanceKlass java/nio/charset/StandardCharsets
instanceKlass java/util/jar/JavaUtilJarAccessImpl
instanceKlass sun/misc/JavaUtilJarAccess
instanceKlass sun/misc/FileURLMapper
instanceKlass sun/misc/URLClassPath$JarLoader$1
instanceKlass sun/nio/cs/ThreadLocalCoders$Cache
instanceKlass sun/nio/cs/ThreadLocalCoders
instanceKlass java/util/zip/ZipFile$1
instanceKlass sun/misc/JavaUtilZipFileAccess
instanceKlass java/util/zip/ZipFile
instanceKlass java/util/zip/ZipConstants
instanceKlass sun/misc/URLClassPath$Loader
instanceKlass sun/misc/URLClassPath$3
instanceKlass sun/net/util/URLUtil
instanceKlass java/net/URLClassLoader$1
instanceKlass java/lang/StringCoding$StringDecoder
instanceKlass java/lang/ThreadLocal$ThreadLocalMap
instanceKlass java/lang/StringCoding
instanceKlass java/lang/invoke/MethodHandleStatics$1
instanceKlass java/lang/invoke/MethodHandleStatics
instanceKlass java/lang/invoke/MemberName$Factory
instanceKlass java/lang/ClassValue$Version
instanceKlass java/lang/ClassValue$Identity
instanceKlass java/lang/ClassValue
instanceKlass java/lang/invoke/MethodHandleImpl$3
instanceKlass java/lang/invoke/MethodHandleImpl$2
instanceKlass java/util/function/Function
instanceKlass java/lang/invoke/MethodHandleImpl$1
instanceKlass java/lang/invoke/MethodHandleImpl
instanceKlass jdk/jfr/internal/EventWriter
instanceKlass java/lang/SystemClassLoaderAction
instanceKlass sun/misc/Launcher$AppClassLoader$1
instanceKlass sun/misc/URLClassPath
instanceKlass java/security/Principal
instanceKlass java/security/ProtectionDomain$Key
instanceKlass java/security/ProtectionDomain$2
instanceKlass sun/misc/JavaSecurityProtectionDomainAccess
instanceKlass java/security/ProtectionDomain$JavaSecurityAccessImpl
instanceKlass sun/misc/JavaSecurityAccess
instanceKlass sun/net/util/IPAddressUtil
instanceKlass java/net/URLStreamHandler
instanceKlass java/net/Parts
instanceKlass java/util/BitSet
instanceKlass sun/net/www/ParseUtil
instanceKlass java/io/FileInputStream$1
instanceKlass sun/util/locale/LocaleUtils
instanceKlass java/util/Locale$LocaleKey
instanceKlass sun/util/locale/BaseLocale$Key
instanceKlass sun/util/locale/BaseLocale
instanceKlass java/util/concurrent/ConcurrentHashMap$CollectionView
instanceKlass java/util/concurrent/ConcurrentHashMap$CounterCell
instanceKlass java/util/concurrent/ConcurrentHashMap$Node
instanceKlass java/util/concurrent/locks/ReentrantLock
instanceKlass java/util/concurrent/locks/Lock
instanceKlass java/util/concurrent/ConcurrentMap
instanceKlass sun/util/locale/LocaleObjectCache
instanceKlass java/util/Locale
instanceKlass java/lang/reflect/Array
instanceKlass java/nio/charset/CoderResult$Cache
instanceKlass java/nio/charset/CoderResult
instanceKlass java/nio/charset/CharsetDecoder
instanceKlass sun/nio/cs/ArrayDecoder
instanceKlass java/io/Reader
instanceKlass java/lang/Readable
instanceKlass sun/misc/MetaIndex
instanceKlass java/util/StringTokenizer
instanceKlass sun/misc/Launcher$ExtClassLoader$1
instanceKlass java/net/URLClassLoader$7
instanceKlass sun/misc/JavaNetAccess
instanceKlass java/lang/ClassLoader$ParallelLoaders
instanceKlass sun/security/util/Debug
instanceKlass sun/misc/Launcher$Factory
instanceKlass java/net/URLStreamHandlerFactory
instanceKlass java/lang/Compiler$1
instanceKlass java/lang/Compiler
instanceKlass java/lang/System$2
instanceKlass sun/misc/JavaLangAccess
instanceKlass sun/io/Win32ErrorMode
instanceKlass sun/misc/OSEnvironment
instanceKlass java/lang/Integer$IntegerCache
instanceKlass sun/misc/NativeSignalHandler
instanceKlass sun/misc/Signal
instanceKlass java/lang/Terminator$1
instanceKlass sun/misc/SignalHandler
instanceKlass java/lang/Terminator
instanceKlass java/lang/ClassLoader$NativeLibrary
instanceKlass java/io/ExpiringCache$Entry
instanceKlass java/lang/ClassLoader$3
instanceKlass java/nio/file/Path
instanceKlass java/nio/file/Watchable
instanceKlass java/io/ExpiringCache
instanceKlass java/net/URI$Parser
instanceKlass java/net/URI
instanceKlass java/lang/CharacterData
instanceKlass sun/nio/fs/Util
instanceKlass sun/nio/fs/WindowsPathParser$Result
instanceKlass java/lang/Enum
instanceKlass sun/nio/fs/WindowsPathParser
instanceKlass java/util/AbstractList$Itr
instanceKlass java/nio/file/FileSystem
instanceKlass java/nio/file/spi/FileSystemProvider
instanceKlass sun/nio/fs/DefaultFileSystemProvider
instanceKlass java/io/FileSystem
instanceKlass java/io/DefaultFileSystem
instanceKlass sun/security/action/GetPropertyAction
instanceKlass java/nio/Bits$1
instanceKlass sun/misc/JavaNioAccess
instanceKlass java/nio/ByteOrder
instanceKlass java/nio/Bits
instanceKlass java/nio/charset/CodingErrorAction
instanceKlass java/nio/charset/CharsetEncoder
instanceKlass sun/nio/cs/ArrayEncoder
instanceKlass java/io/Writer
instanceKlass sun/reflect/ReflectionFactory$1
instanceKlass java/lang/Class$1
instanceKlass sun/nio/cs/SingleByte
instanceKlass sun/nio/cs/HistoricallyNamedCharset
instanceKlass java/lang/ThreadLocal
instanceKlass java/nio/charset/spi/CharsetProvider
instanceKlass java/nio/charset/Charset
instanceKlass java/util/Arrays
instanceKlass sun/reflect/misc/ReflectUtil
instanceKlass java/lang/reflect/ReflectAccess
instanceKlass sun/reflect/LangReflectAccess
instanceKlass java/lang/reflect/Modifier
instanceKlass sun/reflect/annotation/AnnotationType
instanceKlass java/lang/Class$AnnotationData
instanceKlass sun/reflect/generics/repository/AbstractRepository
instanceKlass java/lang/Class$Atomic
instanceKlass java/lang/Class$ReflectionData
instanceKlass java/lang/Class$3
instanceKlass java/util/concurrent/atomic/AtomicReferenceFieldUpdater$AtomicReferenceFieldUpdaterImpl$1
instanceKlass java/security/PrivilegedExceptionAction
instanceKlass java/util/concurrent/atomic/AtomicReferenceFieldUpdater
instanceKlass java/io/OutputStream
instanceKlass java/io/Flushable
instanceKlass java/io/FileDescriptor$1
instanceKlass sun/misc/JavaIOFileDescriptorAccess
instanceKlass java/io/FileDescriptor
instanceKlass sun/misc/Version
instanceKlass jdk/internal/util/StaticProperty
instanceKlass java/lang/Runtime
instanceKlass java/util/Hashtable$Enumerator
instanceKlass java/util/Iterator
instanceKlass java/util/Enumeration
instanceKlass java/util/Objects
instanceKlass java/util/Collections$SynchronizedCollection
instanceKlass java/lang/Math
instanceKlass java/util/Hashtable$Entry
instanceKlass sun/misc/VM
instanceKlass java/util/HashMap$Node
instanceKlass java/util/Map$Entry
instanceKlass sun/reflect/Reflection
instanceKlass sun/misc/SharedSecrets
instanceKlass java/lang/ref/Reference$1
instanceKlass sun/misc/JavaLangRefAccess
instanceKlass java/lang/ref/ReferenceQueue$Lock
instanceKlass java/util/Collections$UnmodifiableCollection
instanceKlass java/util/AbstractMap
instanceKlass java/util/Set
instanceKlass java/util/Collections
instanceKlass java/lang/ref/Reference$Lock
instanceKlass sun/reflect/ReflectionFactory
instanceKlass java/util/AbstractCollection
instanceKlass java/util/RandomAccess
instanceKlass java/util/List
instanceKlass java/util/Collection
instanceKlass java/lang/Iterable
instanceKlass java/security/cert/Certificate
instanceKlass sun/reflect/ReflectionFactory$GetReflectionFactoryAction
instanceKlass java/security/PrivilegedAction
instanceKlass java/security/AccessController
instanceKlass java/security/Permission
instanceKlass java/security/Guard
instanceKlass java/lang/String$CaseInsensitiveComparator
instanceKlass java/util/Comparator
instanceKlass java/io/ObjectStreamField
instanceKlass java/lang/Number
instanceKlass java/lang/Character
instanceKlass java/lang/Boolean
instanceKlass java/nio/Buffer
instanceKlass java/lang/StackTraceElement
instanceKlass java/security/CodeSource
instanceKlass sun/misc/Launcher
instanceKlass java/util/jar/Manifest
instanceKlass java/net/URL
instanceKlass java/io/File
instanceKlass java/io/InputStream
instanceKlass java/io/Closeable
instanceKlass java/lang/AutoCloseable
instanceKlass sun/misc/Unsafe
instanceKlass java/lang/AbstractStringBuilder
instanceKlass java/lang/Appendable
instanceKlass java/lang/invoke/CallSite
instanceKlass java/lang/invoke/MethodType
instanceKlass java/lang/invoke/LambdaForm
instanceKlass java/lang/invoke/MethodHandleNatives
instanceKlass java/lang/invoke/MemberName
instanceKlass java/lang/invoke/MethodHandle
instanceKlass sun/reflect/CallerSensitive
instanceKlass java/lang/annotation/Annotation
instanceKlass sun/reflect/FieldAccessor
instanceKlass sun/reflect/ConstantPool
instanceKlass sun/reflect/ConstructorAccessor
instanceKlass sun/reflect/MethodAccessor
instanceKlass sun/reflect/MagicAccessorImpl
instanceKlass java/lang/reflect/Parameter
instanceKlass java/lang/reflect/Member
instanceKlass java/lang/reflect/AccessibleObject
instanceKlass java/util/Dictionary
instanceKlass java/util/Map
instanceKlass java/lang/ThreadGroup
instanceKlass java/lang/Thread$UncaughtExceptionHandler
instanceKlass java/lang/Thread
instanceKlass java/lang/Runnable
instanceKlass java/lang/ref/ReferenceQueue
instanceKlass java/lang/ref/Reference
instanceKlass java/security/AccessControlContext
instanceKlass java/security/ProtectionDomain
instanceKlass java/lang/SecurityManager
instanceKlass java/lang/Throwable
instanceKlass java/lang/System
instanceKlass java/lang/ClassLoader
instanceKlass java/lang/Cloneable
instanceKlass java/lang/Class
instanceKlass java/lang/reflect/Type
instanceKlass java/lang/reflect/GenericDeclaration
instanceKlass java/lang/reflect/AnnotatedElement
instanceKlass java/lang/String
instanceKlass java/lang/CharSequence
instanceKlass java/lang/Comparable
instanceKlass java/io/Serializable
ciInstanceKlass java/lang/Object 1 1 78 7 10 10 10 10 8 10 10 10 100 8 10 3 8 10 10 7 1 1 1 1 1 1 1 1 1 1 1 1 1 1 1 1 1 7 1 1 1 1 1 1 7 1 1 7 1 1 1 1 12 12 7 12 12 1 12 7 12 12 1 1 12 1 12 12 1 1 1 1 1 1 1 1 1 1 1 1
ciInstanceKlass java/io/Serializable 1 0 7 100 100 1 1 1 1
ciInstanceKlass java/lang/String 1 1 548 10 8 9 9 10 100 10 10 10 10 100 10 10 10 10 10 100 8 10 10 8 10 10 10 10 10 10 10 10 10 10 10 100 10 10 10 10 10 10 10 10 10 7 10 10 10 100 100 10 10 11 11 10 10 9 11 10 10 10 10 7 3 10 10 10 10 10 10 10 10 10 10 10 10 10 10 10 11 10 10 10 10 10 7 10 10 8 10 10 3 3 7 10 10 10 10 10 11 7 10 10 100 10 10 10 11 11 11 7 3 10 10 10 10 8 8 8 10 10 10 10 10 10 10 10 10 10 10 7 10 10 10 10 8 10 10 8 8 10 10 10 10 7 9 7 10 7 100 100 100 1 1 1 1 1 1 1 1 1 5 0 1 1 1 1 1 1 1 1 1 1 1 1 1 1 100 100 1 100 1 100 1 1 1 1 1 1 1 1 7 1 100 1 1 1 1 100 100 100 1 1 1 1 1 1 1 1 1 1 1 1 1 1 1 1 1 1 1 1 1 1 1 1 1 1 1 1 1 100 1 1 1 1 1 1 1 1 1 1 1 1 1 1 1 1 1 1 1 1 1 1 1 1 1 1 1 1 1 1 1 1 1 1 1 1 100 1 1 1 100 100 1 100 1 1 1 100 1 1 1 1 1 1 1 1 1 1 1 1 1 1 1 1 1 1 1 1 1 1 1 1 1 12 1 12 12 7 12 1 12 12 12 12 1 7 12 12 12 12 12 1 1 7 12 1 12 12 12 12 12 12 12 100 12 12 1 12 12 7 12 100 12 12 12 12 1 12 1 1 12 12 12 12 7 12 12 7 12 12 12 12 12 1 12 12 12 12 12 12 12 12 12 12 12 12 12 12 12 12 12 12 7 12 12 1 12 12 1 12 1 12 12 12 12 7 12 1 12 12 1 12 12 100 12 100 12 12 1 12 12 12 7 12 1 1 1 100 12 12 12 12 12 12 12 12 12 12 12 1 12 12 1 12 1 1 7 12 7 12 7 12 12 1 12 1 12 1 1 1 1 1 1 1 1 1 1 1 1 1 1 1 1 1 1 1 1 1 1 1 1 1 1 1 1 1 1 1 1 1 1 1 1 1 1 1 1 1 1 1 1 1 1 1 1 1 1 1 1 1 1 1 1 1 1 1 1 1 1 1 1 1 1 1 1 1 1 1 1 1 1 1 1 1 1 1 1 1 1 1 1 1 1 1 1 1 1 1 1 1 1 1 1 1 1 1 1 1
staticfield java/lang/String serialPersistentFields [Ljava/io/ObjectStreamField; 0 [Ljava/io/ObjectStreamField;
staticfield java/lang/String CASE_INSENSITIVE_ORDER Ljava/util/Comparator; java/lang/String$CaseInsensitiveComparator
ciInstanceKlass java/lang/Class 1 1 1224 9 9 10 10 10 10 9 9 9 9 7 10 10 8 10 8 8 10 10 10 10 10 10 10 10 10 8 10 8 8 10 11 10 10 10 10 10 9 10 100 10 9 7 100 8 10 10 7 10 10 7 100 10 10 10 10 9 10 7 10 100 10 10 10 9 10 10 10 10 10 7 100 10 10 10 10 10 9 10 7 10 10 10 10 10 10 10 10 10 10 10 10 10 10 10 10 10 10 100 8 10 10 100 10 100 11 10 10 10 10 10 10 10 8 10 10 10 8 10 10 10 8 10 8 10 10 10 10 8 10 100 10 10 10 10 100 10 100 10 10 10 10 10 10 10 10 7 10 10 10 10 10 10 10 10 10 10 10 10 10 9 10 9 7 10 9 10 7 10 9 10 10 10 10 10 10 10 8 10 10 9 10 7 9 10 10 7 10 10 10 10 9 10 9 10 10 10 10 9 9 10 9 7 10 7 10 10 11 11 11 7 11 11 9 9 7 7 10 9 9 10 10 9 7 10 10 10 10 10 10 10 10 10 10 10 10 10 10 10 10 10 10 10 10 10 10 10 10 10 8 7 10 8 8 8 8 10 10 9 9 10 7 9 7 10 7 7 10 10 10 8 10 7 10 7 10 100 8 10 7 10 10 11 10 100 10 10 8 8 10 10 9 11 7 11 9 10 10 10 9 9 10 10 10 10 10 11 11 11 11 7 11 10 10 7 11 10 10 10 11 11 7 10 10 9 9 10 10 10 10 7 9 100 7 100 100 1 1 1 1 7 1 1 1 1 1 3 1 3 1 3 1 1 1 1 1 1 1 1 1 1 1 1 1 1 1 1 1 1 1 1 1 1 1 5 0 1 1 1 1 1 1 1 1 1 1 1 1 1 1 1 1 100 1 1 1 1 1 1 1 1 1 1 1 100 100 100 1 100 1 1 1 100 1 1 1 1 100 1 1 1 1 1 1 100 100 100 1 1 1 1 1 1 1 1 1 1 1 1 1 1 1 1 100 1 1 1 100 1 1 1 1 1 1 1 1 1 1 100 1 1 1 1 100 1 1 1 1 1 1 1 1 1 1 100 100 100 100 100 1 1 1 1 1 1 1 1 100 1 1 1 1 1 1 100 1 1 1 1 1 1 1 100 1 1 1 1 1 1 1 1 1 1 1 100 1 1 1 1 1 1 1 1 1 1 1 1 1 1 1 1 1 1 1 100 1 1 1 1 1 1 1 1 1 1 100 1 1 1 1 1 1 1 1 1 1 1 1 1 1 1 1 1 1 100 1 1 100 100 1 1 1 1 1 1 1 1 1 1 100 1 1 1 1 1 1 1 1 1 1 1 1 1 1 1 1 1 1 1 100 1 1 1 1 1 1 1 1 1 1 1 1 1 100 1 1 1 1 1 1 1 1 100 1 100 1 1 1 1 1 1 1 1 1 1 1 1 1 1 1 1 1 1 1 1 1 1 1 100 1 1 100 100 1 1 1 1 1 1 1 1 1 1 1 1 1 1 1 1 1 1 1 1 1 12 12 12 12 12 12 12 12 12 12 1 12 1 12 1 1 12 12 12 12 7 12 12 12 12 1 12 1 1 12 12 7 12 7 12 12 7 12 100 12 7 12 100 12 1 12 12 1 1 1 12 12 1 12 7 12 1 1 12 12 12 12 12 1 100 12 12 12 12 12 12 12 12 7 1 1 12 12 7 12 12 12 12 7 12 1 12 12 12 12 12 12 100 12 12 12 12 12 12 7 12 12 12 1 1 12 1 12 1 12 100 12 12 12 100 12 12 1 12 12 12 1 12 12 12 1 12 1 12 12 12 12 1 12 1 12 12 12 1 12 1 12 12 12 12 12 12 12 12 1 12 12 12 12 12 12 12 12 12 12 12 12 12 12 1 12 12 1 12 12 100 12 12 12 100 12 12 12 12 1 12 12 12 12 1 12 12 12 1 12 12 7 12 7 12 12 12 12 12 12 12 12 12 12 12 12 1 1 12 7 12 12 7 12 1 12 100 12 12 1 1 12 12 12 12 12 12 1 12 12 12 12 12 12 12 12 12 12 12 12 12 12 12 12 12 12 12 12 1 1 7 1 1 1 1 12 12 12 12 12 1 12 1 1 1 1 12 7 1 12 1 12 1 12 1 1 1 12 7 12 12 1 12 1 1 7 12 12 12 12 1 12 12 100 12 7 12 12 12 12 12 12 12 12 12 12 7 12 12 1 1 12 7 12 12 1 100 12 12 12 12 1 12 12 12 7 12 12 7 12 12 12 1 12 1 1 1 1 1 100 1 1 1 1 1 1 1 1 1 1 1 1 1 1 1 1 1 1 1 1 1 1 1 1 1 1 1 1 1 1 1 1 1 1 1 1 1 1 1 1 1 1 1 1 1 1 1 1 1 1 1 1 1 1 1 1 1 1 1 1 1 1 1 1 1 1 1 1 1 1 1 1 1 1 1 1 1 1 1 1 1 1 1 1 1 1 1 1 1 1 1 1 1 1 1 1 1 1 1 1 1 1 1 1 1 1 1 1 1 1 1 1 1 1 1 1 1 1 1 1 1 1 1 1 1 1 1 1 1 1 1 1 1 1 1 1 1 1 1 1 1 1 1 1 1 1 1 1 1 1 1 1 1 1 1 1 1 1 1 1 1 1 1 1 1 1 1 1 1 1 1 1 1 1 1 1 1 1 1 1 1 1 1 1 1 1 1 1 1 1 1 1 1 1 1 1 1 1 1 1 1 1 1 1 1 1 1 1 1
staticfield java/lang/Class serialPersistentFields [Ljava/io/ObjectStreamField; 0 [Ljava/io/ObjectStreamField;
ciInstanceKlass java/lang/Cloneable 1 0 7 100 100 1 1 1 1
instanceKlass com/google/inject/internal/aop/ChildClassDefiner$ChildLoader
instanceKlass org/eclipse/sisu/space/CloningClassSpace$CloningClassLoader
instanceKlass java/util/ResourceBundle$RBClassLoader
instanceKlass sun/reflect/DelegatingClassLoader
instanceKlass java/security/SecureClassLoader
ciInstanceKlass java/lang/ClassLoader 1 1 848 9 9 9 10 10 10 10 7 10 7 7 7 10 10 9 7 10 9 9 9 9 9 9 10 10 7 10 9 9 7 9 7 10 10 10 10 10 10 10 10 10 7 10 10 10 10 10 10 10 10 10 10 10 10 10 10 10 100 10 100 10 10 10 10 10 100 7 10 8 10 10 10 8 10 100 8 10 10 10 10 10 10 10 10 10 10 10 10 10 10 10 10 10 10 10 10 10 10 10 10 8 11 9 11 10 8 8 10 10 10 10 10 10 10 10 7 7 10 10 10 7 10 10 10 7 10 10 10 10 10 10 7 10 10 10 100 10 10 10 9 9 100 8 10 10 10 7 10 10 100 10 100 10 100 10 10 10 10 10 9 10 10 100 10 7 10 10 10 10 10 10 10 10 11 11 11 100 10 9 10 10 7 8 10 9 8 10 9 8 7 10 10 7 8 10 10 10 8 8 10 10 10 8 8 10 10 7 10 10 10 9 10 10 7 9 10 10 8 8 10 10 10 8 10 10 10 10 9 10 10 10 100 10 10 10 10 9 9 9 9 9 10 7 7 10 1 1 7 1 1 1 1 1 1 1 1 1 1 1 1 1 1 1 1 1 1 1 1 1 1 1 1 1 1 1 1 1 1 1 1 1 1 1 1 1 1 1 1 1 1 1 1 1 1 1 1 1 1 100 1 1 100 100 1 1 1 1 1 1 100 100 100 100 100 1 1 1 1 1 1 100 100 1 1 1 1 100 1 1 1 1 1 1 1 1 1 1 100 1 1 1 1 1 1 1 1 1 1 1 1 1 1 1 1 100 100 1 1 1 1 1 1 1 1 1 1 1 1 1 1 100 1 1 1 1 1 1 1 1 1 1 1 100 100 1 1 1 1 1 100 100 1 1 1 1 1 100 100 1 1 1 1 1 1 1 1 1 1 1 1 100 1 1 1 1 1 1 1 1 100 1 1 100 1 1 1 1 100 100 1 1 1 1 1 1 1 1 1 1 100 1 100 1 1 1 1 1 1 1 1 1 12 12 12 12 7 12 100 12 12 1 1 1 12 12 12 1 12 12 12 12 12 12 12 12 1 12 12 1 12 1 12 12 12 12 12 12 12 12 1 12 7 12 12 12 12 12 12 12 12 12 100 12 7 12 12 12 12 1 12 1 12 7 12 12 12 12 1 1 1 12 12 1 12 1 1 12 12 12 12 7 12 12 12 12 12 12 100 12 12 12 12 12 12 12 12 12 12 7 12 12 1 7 12 12 12 12 1 1 12 12 12 12 12 12 12 12 1 1 12 12 12 1 12 100 12 7 12 1 12 12 12 7 12 7 12 1 12 7 12 1 12 12 12 12 12 1 1 12 12 1 12 12 1 12 1 100 1 12 12 12 12 12 100 12 12 12 1 1 12 12 12 12 12 12 12 100 12 1 12 12 12 12 1 1 12 1 12 12 1 1 12 1 1 12 12 1 1 12 12 7 12 1 1 12 1 12 12 12 12 12 1 12 12 1 1 12 1 12 12 12 12 12 12 12 12 1 12 12 12 12 100 12 12 12 12 12 12 1 1 1 1 1 1 1 1 1 1 1 1 1 1 1 1 1 1 1 1 1 1 1 1 1 1 1 1 1 1 1 1 1 1 1 1 1 1 1 1 1 1 1 1 1 1 1 1 1 1 1 1 1 1 1 1 1 1 1 1 1 1 1 1 1 1 1 1 1 1 1 1 1 1 1 1 1 1 1 1 1 1 1 1 1 1 1 1 1 1 1 1 1 1 1 1 1 1 1 1 1 1 1 1 1 1 1 1 1 1 1 1 1 1 1 1 1 1 1 1 1 1 1 1 1 1 1 1 1 1 1 1 1 1 1 1 1 1 1 1 1 1 1 1 1 1 1 1 1 1 1 1 1 1 1 1 1 1 1
staticfield java/lang/ClassLoader nocerts [Ljava/security/cert/Certificate; 0 [Ljava/security/cert/Certificate;
ciInstanceKlass java/lang/System 1 1 380 10 10 10 10 10 9 7 10 11 10 10 10 100 8 10 10 8 10 100 10 8 10 10 100 10 10 9 10 9 9 7 10 10 10 10 10 10 100 100 8 10 10 7 10 100 8 10 8 10 100 8 10 100 10 8 10 10 10 8 10 10 10 10 10 10 10 10 10 7 7 10 10 100 10 10 8 10 10 7 9 10 7 9 10 9 7 10 8 10 8 8 10 10 10 10 10 10 10 10 7 10 10 10 9 9 9 100 1 1 1 1 1 1 1 1 1 1 1 1 1 1 1 1 1 1 1 1 1 1 1 1 1 1 1 100 100 1 1 1 7 1 100 1 1 1 1 1 100 1 1 1 1 1 1 1 1 1 1 1 1 1 1 1 1 1 1 1 1 1 1 1 1 1 1 1 1 1 1 1 1 1 1 1 1 1 1 1 1 1 1 1 100 1 1 1 1 1 12 12 12 12 12 12 1 7 12 7 12 100 12 12 12 1 1 12 100 12 1 12 1 12 12 100 12 1 12 100 12 12 12 12 12 1 12 12 12 12 12 1 1 1 12 12 1 12 1 1 1 12 1 1 1 1 12 12 7 12 1 12 7 12 12 12 12 12 7 12 12 12 1 1 12 12 1 12 7 12 1 7 12 7 12 1 7 12 12 1 12 12 1 12 1 12 1 1 12 7 12 12 7 12 12 7 12 12 12 1 12 12 12 12 12 1 1 1 1 1 1 1 1 1 1 1 1 1 1 1 1 1 1 1 1 1 1 1 1 1 1 1 1 1 1 1 1 1 1 1 1 1 1 1 1 1 1 1 1 1 1 1 1 1 1 1 1 1 1 1 1 1 1 1 1 1 1 1 1 1 1 1
staticfield java/lang/System in Ljava/io/InputStream; java/io/BufferedInputStream
staticfield java/lang/System out Ljava/io/PrintStream; org/fusesource/jansi/AnsiPrintStream
staticfield java/lang/System err Ljava/io/PrintStream; org/fusesource/jansi/AnsiPrintStream
instanceKlass scala/reflect/internal/Types$MissingTypeControl
instanceKlass scala/reflect/internal/Types$MissingAliasControl
instanceKlass scala/reflect/internal/Types$TypeError
instanceKlass scala/reflect/internal/Types$NoCommonType
instanceKlass scala/util/control/BreakControl
instanceKlass scala/runtime/Nothing$
instanceKlass scala/runtime/NonLocalReturnControl
instanceKlass org/apache/maven/artifact/repository/metadata/RepositoryMetadataDeploymentException
instanceKlass org/apache/maven/artifact/repository/metadata/RepositoryMetadataInstallationException
instanceKlass java/lang/Exception
instanceKlass java/lang/Error
ciInstanceKlass java/lang/Throwable 1 1 363 10 9 9 9 9 9 10 9 10 10 100 100 10 8 10 8 10 10 10 100 8 10 10 10 10 8 9 10 7 10 10 100 10 10 11 10 10 10 8 10 10 7 8 8 10 10 8 8 9 10 100 10 11 8 8 10 8 10 8 7 10 9 10 10 7 10 7 10 10 100 8 10 10 10 10 7 10 10 11 11 11 8 8 10 11 10 9 8 7 10 100 8 10 11 8 9 10 9 11 100 10 10 100 100 1 1 1 7 1 7 1 1 1 1 5 0 1 1 1 1 1 1 1 1 1 1 1 1 1 1 1 1 1 1 1 1 1 1 1 1 1 1 1 1 1 1 100 100 1 1 1 1 1 1 1 1 1 1 1 1 100 100 100 1 1 1 1 1 1 1 1 1 1 1 1 1 1 1 1 1 100 100 100 1 7 7 1 1 1 1 1 1 1 1 1 1 1 12 12 12 12 12 12 12 12 12 12 1 1 1 12 1 100 12 12 1 1 12 7 12 12 1 100 12 12 1 12 12 1 7 12 100 12 12 12 12 1 12 12 1 1 1 12 12 1 1 12 100 12 1 12 1 1 12 1 12 1 1 12 12 12 7 12 12 1 12 7 1 1 12 100 12 100 12 1 100 12 12 100 12 100 12 12 1 1 100 12 1 1 12 1 1 12 1 12 100 12 12 12 12 12 1 1 1 1 1 1 1 1 1 1 1 1 1 1 1 1 1 1 1 1 1 1 1 1 1 1 1 1 1 1 1 1 1 1 1 1 1 1 1 1 1 1 1 1 1 1 1 1 1 1 1 1 1 1 1 1 1 1 1 1 1
staticfield java/lang/Throwable UNASSIGNED_STACK [Ljava/lang/StackTraceElement; 0 [Ljava/lang/StackTraceElement;
staticfield java/lang/Throwable SUPPRESSED_SENTINEL Ljava/util/List; java/util/Collections$UnmodifiableRandomAccessList
staticfield java/lang/Throwable EMPTY_THROWABLE_ARRAY [Ljava/lang/Throwable; 0 [Ljava/lang/Throwable;
staticfield java/lang/Throwable $assertionsDisabled Z 1
instanceKlass scala/reflect/runtime/ReflectError
instanceKlass org/apache/hadoop/fs/FSError
instanceKlass java/util/ServiceConfigurationError
instanceKlass org/sparkproject/guava/util/concurrent/ExecutionError
instanceKlass com/google/common/util/concurrent/ExecutionError
instanceKlass org/apache/xerces/impl/dv/ObjectFactory$ConfigurationError
instanceKlass org/apache/xerces/parsers/ObjectFactory$ConfigurationError
instanceKlass scala/NotImplementedError
instanceKlass com/google/common/util/concurrent/ExecutionError
instanceKlass java/lang/AssertionError
instanceKlass java/io/IOError
instanceKlass org/apache/maven/BuildAbort
instanceKlass java/lang/VirtualMachineError
instanceKlass java/lang/LinkageError
instanceKlass java/lang/ThreadDeath
ciInstanceKlass java/lang/Error 1 1 30 10 10 10 10 10 100 7 1 1 1 5 0 1 1 1 1 1 1 1 1 1 1 12 12 12 12 12 1 1
ciInstanceKlass java/lang/ThreadDeath 0 0 18 10 100 100 1 1 1 5 0 1 1 1 1 1 1 12 1 1
instanceKlass org/json4s/package$MappingException
instanceKlass org/apache/spark/sql/streaming/StreamingQueryException
instanceKlass javax/naming/NamingException
instanceKlass java/sql/SQLException
instanceKlass scala/ScalaReflectionException
instanceKlass scala/reflect/internal/FatalError
instanceKlass scala/reflect/internal/Positions$ValidateException
instanceKlass org/apache/spark/sql/execution/QueryExecutionException
instanceKlass org/apache/spark/sql/catalyst/errors/package$TreeNodeException
instanceKlass javax/management/JMException
instanceKlass org/apache/spark/TaskNotSerializableException
instanceKlass org/sparkproject/jetty/util/MultiException
instanceKlass javax/servlet/ServletException
instanceKlass org/apache/spark/storage/BlockNotFoundException
instanceKlass org/apache/spark/shuffle/FetchFailedException
instanceKlass sun/security/krb5/KrbException
instanceKlass org/apache/xerces/impl/dv/DatatypeException
instanceKlass javax/xml/transform/TransformerException
instanceKlass javax/security/auth/DestroyFailedException
instanceKlass java/beans/PropertyVetoException
instanceKlass org/apache/log4j/config/PropertySetterException
instanceKlass java/beans/IntrospectionException
instanceKlass org/apache/spark/SparkException
instanceKlass org/apache/spark/sql/AnalysisException
instanceKlass java/lang/instrument/IllegalClassFormatException
instanceKlass org/codehaus/plexus/util/introspection/MethodMap$AmbiguousException
instanceKlass java/net/URISyntaxException
instanceKlass org/xml/sax/SAXException
instanceKlass javax/xml/parsers/ParserConfigurationException
instanceKlass org/codehaus/plexus/util/cli/CommandLineException
instanceKlass org/codehaus/plexus/interpolation/reflection/MethodMap$AmbiguousException
instanceKlass org/apache/maven/model/resolution/InvalidRepositoryException
instanceKlass org/apache/maven/model/resolution/UnresolvableModelException
instanceKlass org/apache/maven/cli/internal/ExtensionResolutionException
instanceKlass org/apache/maven/toolchain/building/ToolchainsBuildingException
instanceKlass org/apache/maven/execution/MavenExecutionRequestPopulationException
instanceKlass org/apache/maven/artifact/repository/metadata/RepositoryMetadataReadException
instanceKlass org/apache/maven/artifact/repository/metadata/RepositoryMetadataStoreException
instanceKlass org/codehaus/plexus/component/configurator/expression/ExpressionEvaluationException
instanceKlass org/codehaus/plexus/component/composition/CycleDetectedInComponentGraphException
instanceKlass org/codehaus/plexus/configuration/PlexusConfigurationException
instanceKlass org/apache/maven/configuration/BeanConfigurationException
instanceKlass org/codehaus/plexus/component/configurator/ComponentConfigurationException
instanceKlass org/sonatype/plexus/components/sec/dispatcher/SecDispatcherException
instanceKlass org/sonatype/plexus/components/cipher/PlexusCipherException
instanceKlass org/apache/maven/lifecycle/internal/builder/BuilderNotFoundException
instanceKlass org/apache/maven/lifecycle/NoGoalSpecifiedException
instanceKlass org/apache/maven/plugin/version/PluginVersionNotFoundException
instanceKlass org/apache/maven/plugin/InvalidPluginException
instanceKlass org/codehaus/plexus/personality/plexus/lifecycle/phase/InitializationException
instanceKlass org/apache/maven/project/interpolation/ModelInterpolationException
instanceKlass org/apache/maven/plugin/PluginConfigurationException
instanceKlass org/apache/maven/lifecycle/MissingProjectException
instanceKlass org/apache/maven/repository/metadata/MetadataGraphTransformationException
instanceKlass org/apache/maven/model/building/ModelBuildingException
instanceKlass org/apache/maven/BuildFailureException
instanceKlass org/codehaus/plexus/util/dag/CycleDetectedException
instanceKlass org/apache/maven/project/DuplicateProjectException
instanceKlass org/apache/maven/repository/legacy/resolver/conflict/ConflictResolverNotFoundException
instanceKlass org/apache/maven/plugin/PluginManagerException
instanceKlass org/apache/maven/settings/building/SettingsBuildingException
instanceKlass org/apache/maven/lifecycle/LifecycleExecutionException
instanceKlass org/apache/maven/MavenExecutionException
instanceKlass org/apache/maven/project/DependencyResolutionException
instanceKlass org/apache/http/HttpException
instanceKlass org/codehaus/plexus/component/repository/exception/ComponentLifecycleException
instanceKlass java/security/GeneralSecurityException
instanceKlass org/eclipse/aether/RepositoryException
instanceKlass org/apache/maven/lifecycle/LifecycleNotFoundException
instanceKlass org/apache/maven/lifecycle/LifecyclePhaseNotFoundException
instanceKlass org/apache/maven/plugin/version/PluginVersionResolutionException
instanceKlass org/apache/maven/plugin/prefix/NoPluginFoundForPrefixException
instanceKlass org/apache/maven/plugin/MojoNotFoundException
instanceKlass org/apache/maven/toolchain/MisconfiguredToolchainException
instanceKlass org/apache/maven/project/ProjectBuildingException
instanceKlass org/apache/maven/repository/legacy/metadata/ArtifactMetadataRetrievalException
instanceKlass org/apache/maven/artifact/repository/metadata/RepositoryMetadataResolutionException
instanceKlass org/apache/maven/plugin/InvalidPluginDescriptorException
instanceKlass org/apache/maven/plugin/PluginResolutionException
instanceKlass org/apache/maven/plugin/PluginDescriptorParsingException
instanceKlass org/apache/maven/artifact/resolver/AbstractArtifactResolutionException
instanceKlass org/apache/maven/artifact/deployer/ArtifactDeploymentException
instanceKlass org/apache/maven/artifact/installer/ArtifactInstallationException
instanceKlass org/apache/maven/repository/metadata/GraphConflictResolutionException
instanceKlass org/apache/maven/repository/metadata/MetadataResolutionException
instanceKlass org/apache/maven/artifact/InvalidRepositoryException
instanceKlass org/apache/maven/artifact/versioning/InvalidVersionSpecificationException
instanceKlass org/apache/maven/repository/ArtifactDoesNotExistException
instanceKlass org/apache/maven/repository/ArtifactTransferFailedException
instanceKlass org/apache/maven/wagon/WagonException
instanceKlass org/apache/maven/plugin/AbstractMojoExecutionException
instanceKlass java/util/concurrent/TimeoutException
instanceKlass com/google/common/collect/RegularImmutableMap$BucketOverflowException
instanceKlass java/util/concurrent/ExecutionException
instanceKlass com/google/inject/internal/ErrorsException
instanceKlass com/google/inject/internal/InternalProvisionException
instanceKlass org/codehaus/plexus/context/ContextException
instanceKlass java/text/ParseException
instanceKlass org/codehaus/plexus/PlexusContainerException
instanceKlass org/codehaus/plexus/component/repository/exception/ComponentLookupException
instanceKlass org/codehaus/plexus/util/xml/pull/XmlPullParserException
instanceKlass java/security/PrivilegedActionException
instanceKlass java/lang/CloneNotSupportedException
instanceKlass sun/nio/fs/WindowsException
instanceKlass org/apache/commons/cli/ParseException
instanceKlass org/codehaus/plexus/interpolation/InterpolationException
instanceKlass org/apache/maven/cli/MavenCli$ExitException
instanceKlass org/codehaus/plexus/classworlds/launcher/ConfigurationException
instanceKlass java/io/IOException
instanceKlass org/codehaus/plexus/classworlds/ClassWorldException
instanceKlass java/lang/InterruptedException
instanceKlass java/lang/ReflectiveOperationException
instanceKlass java/lang/RuntimeException
ciInstanceKlass java/lang/Exception 1 1 30 10 10 10 10 10 100 7 1 1 1 5 0 1 1 1 1 1 1 1 1 1 1 12 12 12 12 12 1 1
instanceKlass com/thoughtworks/paranamer/ParameterNamesNotFoundException
instanceKlass com/mysql/cj/exceptions/CJException
instanceKlass java/util/EmptyStackException
instanceKlass org/antlr/v4/runtime/RecognitionException
instanceKlass scala/UninitializedFieldError
instanceKlass org/apache/spark/SparkUpgradeException
instanceKlass org/codehaus/jackson/map/RuntimeJsonMappingException
instanceKlass org/apache/hadoop/fs/ftp/FTPException
instanceKlass java/nio/BufferOverflowException
instanceKlass org/sparkproject/jetty/http/BadMessageException
instanceKlass org/sparkproject/guava/util/concurrent/UncheckedExecutionException
instanceKlass org/sparkproject/guava/cache/CacheLoader$InvalidCacheLoadException
instanceKlass io/netty/channel/ChannelException
instanceKlass io/netty/handler/codec/CodecException
instanceKlass java/util/concurrent/RejectedExecutionException
instanceKlass com/google/common/cache/CacheLoader$InvalidCacheLoadException
instanceKlass com/google/common/util/concurrent/UncheckedExecutionException
instanceKlass org/w3c/dom/events/EventException
instanceKlass org/apache/xerces/impl/dv/DVFactoryException
instanceKlass org/apache/xerces/parsers/AbstractDOMParser$1
instanceKlass org/apache/xerces/xni/XNIException
instanceKlass org/w3c/dom/DOMException
instanceKlass org/apache/hadoop/metrics2/MetricsException
instanceKlass java/util/MissingResourceException
instanceKlass scala/MatchError
instanceKlass java/time/DateTimeException
instanceKlass org/eclipse/aether/named/support/LockUpgradeNotSupportedException
instanceKlass java/util/ConcurrentModificationException
instanceKlass com/google/inject/internal/aop/GlueException
instanceKlass java/io/UncheckedIOException
instanceKlass org/apache/maven/artifact/InvalidArtifactRTException
instanceKlass com/google/inject/OutOfScopeException
instanceKlass java/lang/annotation/IncompleteAnnotationException
instanceKlass java/lang/reflect/UndeclaredThrowableException
instanceKlass com/google/common/util/concurrent/UncheckedExecutionException
instanceKlass com/google/common/cache/CacheLoader$InvalidCacheLoadException
instanceKlass java/util/NoSuchElementException
instanceKlass com/google/inject/CreationException
instanceKlass com/google/inject/ConfigurationException
instanceKlass com/google/inject/ProvisionException
instanceKlass java/lang/TypeNotPresentException
instanceKlass java/lang/IndexOutOfBoundsException
instanceKlass java/lang/UnsupportedOperationException
instanceKlass java/lang/SecurityException
instanceKlass java/lang/IllegalStateException
instanceKlass java/lang/invoke/WrongMethodTypeException
instanceKlass java/lang/IllegalArgumentException
instanceKlass java/lang/ArithmeticException
instanceKlass java/lang/NullPointerException
instanceKlass java/lang/IllegalMonitorStateException
instanceKlass java/lang/ArrayStoreException
instanceKlass java/lang/ClassCastException
ciInstanceKlass java/lang/RuntimeException 1 1 30 10 10 10 10 10 100 7 1 1 1 5 0 1 1 1 1 1 1 1 1 1 1 12 12 12 12 12 1 1
ciInstanceKlass java/lang/SecurityManager 0 0 383 9 10 100 9 10 9 100 10 100 8 10 10 10 10 10 10 10 10 10 100 10 10 9 10 10 10 100 8 10 9 9 8 9 100 10 8 10 10 10 100 10 10 100 100 8 10 8 8 8 8 8 8 10 8 8 8 8 8 10 10 8 100 8 10 8 8 8 8 8 10 8 100 8 8 10 8 9 8 9 9 8 10 100 8 10 10 100 10 10 10 8 9 9 100 10 10 10 9 8 8 9 9 100 10 9 8 8 8 10 10 9 100 10 10 100 1 1 1 1 1 1 1 1 1 1 1 1 1 1 1 1 1 1 1 1 1 1 100 1 1 1 100 100 100 1 1 1 1 100 1 1 1 100 1 1 1 1 1 1 1 1 1 1 1 1 1 1 1 1 1 1 100 1 1 1 1 1 1 1 100 1 1 1 1 1 1 1 1 1 1 1 1 1 100 1 1 1 1 1 100 1 1 1 1 1 100 100 1 1 1 1 1 100 1 1 1 1 1 1 1 1 12 12 1 12 12 12 1 100 12 1 1 12 12 12 12 12 12 12 100 12 1 12 100 12 12 100 12 1 1 12 12 1 12 1 1 12 12 12 1 12 1 1 1 12 1 1 1 1 1 1 12 1 1 1 1 1 12 12 1 1 1 1 1 1 1 1 100 12 1 1 1 1 1 100 12 1 12 12 1 12 1 1 12 1 12 12 12 1 12 12 1 12 12 12 12 1 1 12 12 1 12 1 1 1 12 100 12 12 1 12 1 1 1 1 1 1 1 1 1 1 1 1 1 1 1 1 1 1 1 1 1 1 1 1 1 1 1 1 1 1 1 1 1 1 1 1 1 1 1 1 1 1 1 1 1 1 1 1 1 1 1
ciInstanceKlass java/security/ProtectionDomain 1 1 287 9 10 9 7 10 9 9 9 10 7 9 9 7 9 10 100 10 10 10 10 9 10 8 100 8 10 10 10 10 10 8 11 8 10 8 8 10 10 10 10 8 10 8 8 10 9 10 9 10 100 100 10 10 7 10 100 10 10 11 11 11 100 10 10 11 11 10 10 11 10 7 10 10 8 10 7 10 10 7 7 1 1 1 1 1 1 1 1 1 1 1 1 1 1 1 1 1 1 1 1 1 1 1 100 100 100 1 100 1 1 1 1 1 1 1 1 1 1 1 1 1 1 100 100 1 100 100 1 100 100 100 100 100 100 100 1 1 1 1 1 1 12 12 12 1 12 12 12 12 12 1 12 12 1 12 100 12 100 100 12 12 12 100 12 1 1 1 12 12 100 12 12 1 1 12 1 1 12 12 12 12 1 12 1 1 100 12 12 12 12 100 12 1 1 100 12 1 1 12 12 100 12 12 100 12 1 12 12 12 12 100 12 12 12 1 12 7 12 1 7 12 1 12 1 1 1 1 1 1 1 1 1 1 1 1 1 1 1 1 1 1 1 1 1 1 1 1 1 1 1 1 1 1 1 1 1 1 1 1 1 1 1 1 1 1 1 1 1 1 1 1 1 1 1 1 1 1 1 1 1 1 1 1 1 1 1
staticfield java/security/ProtectionDomain debug Lsun/security/util/Debug; null
ciInstanceKlass java/security/AccessControlContext 1 1 313 9 9 10 8 10 10 9 9 9 10 7 100 10 11 11 11 11 7 11 10 10 9 10 11 10 7 100 8 10 10 7 9 9 9 9 9 9 9 10 9 10 10 8 10 10 10 100 10 10 10 10 8 10 8 10 8 8 10 8 10 8 10 10 10 8 8 100 10 10 100 10 8 10 10 10 8 10 10 10 7 10 10 10 10 10 10 10 10 7 1 1 1 1 1 1 1 1 1 1 1 1 1 1 1 1 1 1 1 1 1 1 1 1 1 1 100 100 1 1 100 1 100 100 1 1 1 1 1 1 1 1 100 1 1 1 100 1 1 100 1 1 1 1 1 1 1 1 1 1 1 1 1 1 1 1 1 1 1 1 1 1 1 12 12 100 12 1 100 12 12 12 12 12 7 12 1 12 100 12 12 12 12 1 12 12 7 12 100 12 100 12 100 12 1 1 1 12 12 1 12 12 12 12 12 12 12 7 12 12 12 12 1 12 12 100 12 1 12 100 12 1 100 12 1 100 12 1 1 12 1 12 1 12 12 12 1 1 1 12 12 1 12 1 12 1 12 12 12 1 12 12 12 12 12 12 1 1 1 1 1 1 1 1 1 1 1 1 1 1 1 1 1 1 1 1 1 1 1 1 1 1 1 1 1 1 1 1 1 1 1 1 1 1 1 1 1 1 1 1 1 1 1 1 1 1 1 1 1 1 1 1 1
instanceKlass sun/reflect/misc/MethodUtil
instanceKlass java/net/URLClassLoader
ciInstanceKlass java/security/SecureClassLoader 1 1 134 10 7 10 9 10 10 9 10 10 10 10 10 7 10 10 7 10 10 10 9 100 10 8 10 10 10 10 8 100 8 10 8 10 10 7 7 1 1 1 1 1 1 1 1 1 1 1 1 1 100 100 100 1 1 1 1 1 1 1 1 1 1 100 100 100 1 1 1 1 12 1 12 12 7 12 100 12 12 12 12 12 12 12 1 12 1 12 12 12 12 1 1 12 12 12 7 12 1 1 1 12 1 12 12 1 1 1 1 1 1 1 1 1 1 1 1 1 1 1 1 1 1 1 1 1 1 1 1 1 1 1 1 1
staticfield java/security/SecureClassLoader debug Lsun/security/util/Debug; null
instanceKlass java/lang/NoSuchFieldException
instanceKlass java/lang/InstantiationException
instanceKlass java/lang/IllegalAccessException
instanceKlass java/lang/reflect/InvocationTargetException
instanceKlass java/lang/NoSuchMethodException
instanceKlass java/lang/ClassNotFoundException
ciInstanceKlass java/lang/ReflectiveOperationException 1 1 27 10 10 10 10 100 7 1 1 1 5 0 1 1 1 1 1 1 1 1 1 12 12 12 12 1 1
ciInstanceKlass java/lang/ClassNotFoundException 1 1 32 100 10 10 9 100 7 1 1 1 5 0 1 1 1 1 1 1 1 1 1 1 1 1 1 1 12 12 12 1 1 1
instanceKlass java/lang/ClassFormatError
instanceKlass java/lang/UnsatisfiedLinkError
instanceKlass java/lang/IncompatibleClassChangeError
instanceKlass java/lang/BootstrapMethodError
instanceKlass java/lang/NoClassDefFoundError
ciInstanceKlass java/lang/LinkageError 1 1 24 10 10 10 100 7 1 1 1 5 0 1 1 1 1 1 1 1 1 12 12 12 1 1
ciInstanceKlass java/lang/NoClassDefFoundError 1 1 21 10 10 100 7 1 1 1 5 0 1 1 1 1 1 1 1 12 12 1 1
ciInstanceKlass java/lang/ClassCastException 1 1 21 10 10 100 100 1 1 1 5 0 1 1 1 1 1 1 1 12 12 1 1
ciInstanceKlass java/lang/ArrayStoreException 1 1 21 10 10 100 100 1 1 1 5 0 1 1 1 1 1 1 1 12 12 1 1
instanceKlass java/lang/InternalError
instanceKlass java/lang/StackOverflowError
instanceKlass java/lang/OutOfMemoryError
ciInstanceKlass java/lang/VirtualMachineError 1 1 27 10 10 10 10 100 100 1 1 1 5 0 1 1 1 1 1 1 1 1 1 12 12 12 12 1 1
instanceKlass io/netty/util/internal/OutOfDirectMemoryError
ciInstanceKlass java/lang/OutOfMemoryError 1 1 21 10 10 100 100 1 1 1 5 0 1 1 1 1 1 1 1 12 12 1 1
ciInstanceKlass java/lang/StackOverflowError 1 1 21 10 10 100 100 1 1 1 5 0 1 1 1 1 1 1 1 12 12 1 1
ciInstanceKlass java/lang/IllegalMonitorStateException 1 1 21 10 10 100 100 1 1 1 5 0 1 1 1 1 1 1 1 12 12 1 1
instanceKlass java/lang/ref/PhantomReference
instanceKlass java/lang/ref/FinalReference
instanceKlass java/lang/ref/WeakReference
instanceKlass java/lang/ref/SoftReference
ciInstanceKlass java/lang/ref/Reference 1 1 146 9 9 7 9 10 100 10 100 10 9 9 10 9 9 100 10 10 10 7 10 10 10 10 7 8 10 7 10 10 10 7 10 10 7 7 1 1 1 1 1 1 1 1 1 1 1 1 1 1 1 1 1 1 1 1 1 1 1 100 100 100 100 100 100 100 1 1 1 1 1 1 1 1 1 1 1 1 1 1 1 1 100 1 1 1 12 12 1 12 12 1 12 1 12 12 7 12 12 12 12 1 12 12 1 12 12 12 7 12 1 1 12 1 12 12 12 1 7 12 1 1 1 1 1 1 1 1 1 1 1 1 1 1 1 1 1 1 1 1 1 1 1 1 1 1
instanceKlass org/sparkproject/guava/cache/LocalCache$SoftValueReference
instanceKlass com/google/common/cache/LocalCache$SoftValueReference
instanceKlass org/eclipse/sisu/inject/MildElements$Soft
instanceKlass sun/util/locale/provider/LocaleResources$ResourceReference
instanceKlass java/util/ResourceBundle$BundleReference
instanceKlass org/eclipse/sisu/inject/MildKeys$Soft
instanceKlass java/lang/invoke/LambdaFormEditor$Transform
instanceKlass sun/util/locale/LocaleObjectCache$CacheEntry
ciInstanceKlass java/lang/ref/SoftReference 1 1 35 10 9 9 10 10 7 7 1 1 1 1 1 1 1 1 1 1 1 1 1 1 100 1 1 1 1 12 12 12 12 12 1 1 1
instanceKlass org/apache/hadoop/fs/FileSystem$Statistics$StatisticsDataReference
instanceKlass scala/ref/WeakReferenceWithWrapper
instanceKlass org/apache/spark/CleanupTaskWeakReference
instanceKlass com/sun/jmx/mbeanserver/WeakIdentityHashMap$IdentityWeakReference
instanceKlass org/apache/spark/storage/BlockManager$RemoteBlockDownloadFileManager$ReferenceWithCleanup
instanceKlass org/sparkproject/guava/cache/LocalCache$WeakValueReference
instanceKlass com/google/common/cache/LocalCache$WeakValueReference
instanceKlass com/google/common/collect/MapMakerInternalMap$WeakEntry
instanceKlass java/beans/WeakIdentityMap$Entry
instanceKlass java/util/concurrent/ForkJoinTask$ExceptionNode
instanceKlass sun/nio/ch/SharedFileLockTable$FileLockReference
instanceKlass org/eclipse/sisu/inject/MildElements$Weak
instanceKlass com/google/common/cache/LocalCache$WeakValueReference
instanceKlass com/google/common/collect/MapMakerInternalMap$AbstractWeakKeyEntry
instanceKlass com/google/common/cache/LocalCache$WeakEntry
instanceKlass java/lang/reflect/WeakCache$CacheValue
instanceKlass java/lang/reflect/Proxy$Key1
instanceKlass java/lang/reflect/WeakCache$CacheKey
instanceKlass java/util/logging/LogManager$LoggerWeakRef
instanceKlass java/util/ResourceBundle$LoaderReference
instanceKlass org/eclipse/sisu/inject/MildKeys$Weak
instanceKlass java/lang/invoke/MethodType$ConcurrentWeakInternSet$WeakEntry
instanceKlass java/lang/ThreadLocal$ThreadLocalMap$Entry
instanceKlass java/lang/ClassValue$Entry
instanceKlass java/util/WeakHashMap$Entry
ciInstanceKlass java/lang/ref/WeakReference 1 1 20 10 10 100 7 1 1 1 1 1 1 1 1 1 1 1 12 12 1 1
instanceKlass java/lang/ref/Finalizer
ciInstanceKlass java/lang/ref/FinalReference 1 1 25 10 100 8 10 100 7 1 1 1 1 1 1 1 1 1 1 1 12 1 1 12 1 1 1
instanceKlass com/mysql/cj/jdbc/AbandonedConnectionCleanupThread$ConnectionFinalizerPhantomReference
instanceKlass sun/misc/Cleaner
ciInstanceKlass java/lang/ref/PhantomReference 1 1 19 10 100 7 1 1 1 1 1 1 1 1 1 1 1 1 12 1 1
ciInstanceKlass java/lang/ref/Finalizer 1 1 143 10 9 9 9 9 9 10 10 7 10 10 10 10 7 11 100 10 100 10 10 10 100 10 10 7 10 7 10 10 10 10 7 10 7 10 10 10 7 1 1 1 1 1 1 1 1 1 1 1 1 1 1 1 1 1 1 1 100 100 1 1 1 1 1 1 1 1 1 1 1 1 1 1 1 1 100 1 1 1 12 12 12 12 12 12 12 12 1 12 12 12 12 1 7 12 1 12 1 12 100 12 100 12 1 12 12 1 1 12 12 7 12 1 12 1 12 12 12 1 1 1 1 1 1 1 1 1 1 1 1 1 1 1 1 1 1 1 1 1 1 1 1
staticfield java/lang/ref/Finalizer lock Ljava/lang/Object; java/lang/Object
instanceKlass java/lang/ref/ReferenceQueue$Null
ciInstanceKlass java/lang/ref/ReferenceQueue 1 1 133 10 7 10 9 9 9 9 9 9 9 100 10 9 7 10 10 10 100 8 10 10 10 5 0 10 11 7 10 7 10 7 100 1 1 1 1 1 1 1 1 1 1 1 1 1 1 1 1 1 1 1 1 1 1 1 1 100 100 100 100 1 1 1 1 1 1 1 1 100 1 1 1 1 1 1 1 1 12 1 12 12 12 12 7 12 12 12 12 1 12 1 7 12 12 12 1 1 12 100 12 12 12 100 12 1 7 12 1 1 1 1 1 1 1 1 1 1 1 1 1 1 1 1 1 1 1 1 1 1 1 1 1
staticfield java/lang/ref/ReferenceQueue $assertionsDisabled Z 1
instanceKlass org/apache/spark/ContextCleaner$$anon$1
instanceKlass org/apache/spark/util/UninterruptibleThread
instanceKlass org/apache/spark/util/EventLoop$$anon$1
instanceKlass java/util/TimerThread
instanceKlass org/apache/spark/storage/BlockManager$RemoteBlockDownloadFileManager$$anon$2
instanceKlass org/apache/hadoop/util/ShutdownHookManager$1
instanceKlass org/apache/spark/util/ShutdownHookManager$$anon$1
instanceKlass io/netty/util/concurrent/FastThreadLocalThread
instanceKlass org/apache/spark/scheduler/AsyncEventQueue$$anon$2
instanceKlass org/apache/spark/util/ThreadUtils$$anon$2
instanceKlass org/apache/hadoop/util/Shell$1
instanceKlass org/apache/spark/util/Utils$$anon$4
instanceKlass scala/sys/ShutdownHookThread
instanceKlass java/util/concurrent/ForkJoinWorkerThread
instanceKlass java/util/logging/LogManager$Cleaner
instanceKlass org/apache/maven/shared/utils/logging/MessageUtils$1
instanceKlass java/lang/ref/Finalizer$FinalizerThread
instanceKlass java/lang/ref/Reference$ReferenceHandler
ciInstanceKlass java/lang/Thread 1 1 561 9 9 9 9 100 8 10 3 8 3 10 10 100 8 10 9 10 10 10 10 10 10 10 9 10 10 9 10 9 10 9 10 9 10 9 9 10 9 10 9 10 9 100 10 10 9 9 9 7 7 10 8 10 10 10 10 10 100 10 10 10 10 100 11 9 10 10 10 9 10 9 10 100 10 10 100 10 10 11 10 100 10 10 10 7 10 10 10 10 10 10 10 10 10 10 7 8 10 10 10 8 10 8 10 8 8 10 10 7 8 10 9 9 10 10 10 9 10 100 10 11 9 9 10 100 10 11 100 10 10 11 10 100 10 10 10 8 9 10 11 10 11 10 7 8 7 1 1 100 1 100 1 100 1 1 1 1 1 1 1 1 1 1 1 1 1 1 1 1 1 1 1 1 1 1 1 100 1 1 1 1 1 1 1 1 1 1 1 1 1 1 1 3 1 3 1 3 1 1 1 1 1 1 1 1 1 1 1 1 1 1 1 1 1 1 1 1 1 1 1 1 1 100 100 100 100 1 1 1 1 1 1 7 1 1 1 1 100 100 100 100 100 1 1 1 1 1 1 1 1 1 1 1 1 1 1 1 1 1 1 1 1 1 1 1 1 1 1 1 1 1 1 1 1 1 1 1 1 1 1 1 1 1 1 1 1 1 1 1 1 1 1 1 1 1 1 1 100 100 1 1 100 100 1 1 1 1 100 100 1 1 1 1 1 1 1 1 1 1 1 1 1 1 100 1 1 1 1 100 1 1 1 1 1 1 1 1 1 1 1 12 12 12 12 1 1 12 1 12 12 1 1 12 12 7 12 100 12 7 12 12 12 12 12 12 12 12 12 12 12 12 12 7 12 12 12 12 12 7 12 12 12 12 1 12 12 12 12 1 1 1 12 12 12 12 12 1 12 12 12 1 12 7 12 12 12 12 12 100 12 12 1 12 1 12 100 12 12 1 12 12 1 12 12 12 12 12 12 12 12 12 1 1 12 12 1 12 1 1 1 100 12 100 12 1 12 12 12 12 12 12 1 12 100 12 12 12 12 1 12 100 12 1 12 12 12 12 1 12 12 100 12 12 12 12 100 12 12 12 1 1 1 1 1 1 1 1 1 1 1 1 1 1 1 1 1 1 1 1 1 1 1 1 1 1 1 1 1 1 1 1 1 1 1 1 1 1 1 1 1 1 1 1 1 1 1 1 1 1 1 1 1 1 1 1 1 1 1 1 1 1 1 1 1 1 1 1 1 1 1 1 1 1 1 1 1 1 1 1 1
staticfield java/lang/Thread EMPTY_STACK_TRACE [Ljava/lang/StackTraceElement; 0 [Ljava/lang/StackTraceElement;
staticfield java/lang/Thread SUBCLASS_IMPLEMENTATION_PERMISSION Ljava/lang/RuntimePermission; java/lang/RuntimePermission
instanceKlass org/codehaus/mojo/exec/AbstractExecJavaBase$IsolatedThreadGroup
ciInstanceKlass java/lang/ThreadGroup 1 1 275 10 9 8 9 7 9 9 10 10 10 10 10 9 9 10 10 9 10 9 9 10 100 10 10 10 9 10 10 9 10 10 10 10 10 10 10 10 10 10 10 100 10 10 10 7 10 7 10 9 10 8 10 10 10 10 11 100 9 100 10 8 10 10 8 10 10 10 10 10 8 10 8 10 8 7 100 1 1 1 1 1 1 1 1 1 1 1 1 1 1 1 1 1 1 1 1 1 1 1 1 1 1 1 1 1 1 1 1 1 1 1 1 1 1 1 1 100 100 100 1 1 1 100 1 1 1 1 1 1 1 1 1 1 1 1 1 1 1 1 1 100 1 1 1 1 1 1 1 1 1 1 1 100 1 1 100 1 1 1 1 12 12 1 12 1 12 12 12 12 12 12 12 12 12 12 12 12 100 12 12 12 7 12 12 7 12 100 12 12 12 12 12 12 12 12 12 12 12 12 12 12 1 12 12 1 12 12 12 12 1 100 12 12 12 12 1 12 1 1 12 12 1 12 100 12 100 12 12 100 1 1 12 1 1 1 1 1 1 1 1 1 1 1 1 1 1 1 1 1 1 1 1 1 1 1 1 1 1 1 1 1 1 1 1 1 1 1 1 1 1 1 1 1 1
instanceKlass scala/collection/convert/Wrappers$DictionaryWrapper
instanceKlass java/util/Hashtable
ciInstanceKlass java/util/Dictionary 1 1 31 10 100 7 1 1 1 1 1 1 1 1 1 1 1 1 1 1 1 1 1 1 1 1 1 1 1 1 12 1 1
instanceKlass java/util/Properties
ciInstanceKlass java/util/Hashtable 1 1 453 100 9 9 9 10 10 100 100 10 8 10 10 10 10 10 8 10 9 7 7 4 10 9 4 10 11 10 10 10 100 10 9 10 9 10 10 3 9 9 3 10 10 10 11 11 11 11 7 11 11 10 10 10 9 9 9 100 100 10 10 8 10 10 8 10 8 10 7 10 10 7 10 10 7 10 100 10 10 7 11 11 100 10 10 10 11 100 10 100 11 11 10 10 10 10 10 8 10 100 8 10 4 10 4 10 8 10 10 100 11 10 10 10 10 7 100 100 100 1 1 1 100 1 1 1 1 1 1 1 1 1 1 1 1 1 1 1 1 1 5 0 1 1 1 1 1 1 1 1 1 1 3 1 3 1 3 1 1 1 1 1 100 1 1 1 1 1 1 1 1 1 1 1 1 1 1 1 100 1 1 100 1 1 1 1 1 1 1 1 1 1 1 1 100 1 1 1 100 1 1 100 100 100 1 1 1 1 1 1 1 1 1 1 1 1 100 100 100 1 1 1 1 1 100 1 1 1 100 1 1 1 1 1 1 1 1 100 1 1 1 1 1 1 1 1 1 1 100 1 100 1 1 100 100 1 1 1 1 1 1 1 1 1 1 1 1 1 1 1 1 12 12 12 12 12 1 1 1 12 12 12 12 7 12 1 12 12 1 1 7 12 12 12 12 12 12 12 1 12 7 12 12 12 12 12 12 12 12 12 12 7 12 7 12 12 1 12 12 12 12 12 12 12 1 1 12 1 12 1 1 7 12 1 12 12 1 12 12 1 1 12 1 12 12 1 7 12 7 12 1 100 12 7 12 12 100 12 12 12 100 12 100 12 1 1 12 12 1 12 100 12 1 100 12 12 12 12 1 1 1 1 1 1 1 1 1 1 1 1 1 1 1 1 1 1 1 1 1 1 1 1 1 1 1 1 1 1 1 1 1 1 1 1 1 1 1 1 1 1 1 1 1 1 1 1 1 1 1 1 1 1 1 1 1 1 1 1 1 1 1 1 1 1 1 1 1 1 1 1 1 1 1
instanceKlass java/security/Provider
ciInstanceKlass java/util/Properties 1 1 273 10 10 9 10 7 10 10 10 10 9 10 100 3 100 8 10 7 10 10 100 10 10 10 10 10 8 10 10 10 10 10 100 100 10 10 100 8 10 10 100 10 10 100 10 10 10 10 11 11 10 10 8 10 10 100 10 10 8 10 100 10 10 10 7 10 10 10 10 8 10 8 10 10 9 7 100 1 1 1 1 1 1 5 0 1 1 1 1 1 1 1 1 1 1 1 1 1 1 1 1 1 1 100 100 100 1 1 1 1 100 1 1 100 100 1 1 100 1 1 1 1 1 100 1 1 100 100 100 1 100 1 1 1 1 1 1 1 1 1 1 1 1 1 1 100 1 1 1 1 1 1 1 1 1 1 1 1 12 12 12 12 1 12 12 12 12 12 12 1 1 1 12 1 12 12 1 12 12 12 12 12 1 12 12 12 12 12 1 1 12 12 1 1 12 12 1 12 1 12 7 12 12 12 12 1 12 100 12 1 12 12 1 12 1 12 12 1 12 12 12 1 100 12 1 100 12 1 1 1 1 1 1 1 1 1 1 1 1 1 1 1 1 1 1 1 1 1 1 1 1 1 1 1 1 1 1 1 1 1 1 1 1 1 1 1 1 1 1 1 1 1 1
staticfield java/util/Properties hexDigit [C 16
instanceKlass java/lang/reflect/Executable
instanceKlass java/lang/reflect/Field
ciInstanceKlass java/lang/reflect/AccessibleObject 1 1 147 10 9 10 10 7 10 7 100 8 10 9 10 100 8 10 11 10 10 10 9 10 10 100 10 10 7 8 10 7 10 10 7 9 7 7 7 1 1 1 1 1 1 1 1 1 1 1 1 1 100 1 1 1 1 1 1 1 1 1 1 1 1 1 1 1 1 1 1 1 1 1 1 1 1 1 100 100 100 1 1 1 1 1 1 1 7 12 12 100 12 12 1 12 1 1 1 12 12 12 1 1 12 12 12 12 12 12 100 12 12 1 12 7 12 1 1 1 1 1 7 12 1 12 1 1 1 1 1 1 1 1 1 1 1 1 1 1 1 1 1 1 1 1 1 1 1
staticfield java/lang/reflect/AccessibleObject ACCESS_PERMISSION Ljava/security/Permission; java/lang/reflect/ReflectPermission
staticfield java/lang/reflect/AccessibleObject reflectionFactory Lsun/reflect/ReflectionFactory; sun/reflect/ReflectionFactory
ciInstanceKlass java/lang/reflect/Field 1 1 372 9 10 10 10 9 10 10 10 10 9 9 9 9 9 9 9 100 8 10 7 10 9 9 10 7 10 10 10 10 10 10 10 100 10 8 10 10 8 10 10 8 10 11 9 10 10 10 10 11 11 11 11 11 11 11 11 11 11 11 11 11 11 11 11 11 11 10 10 9 10 10 10 10 11 10 7 10 10 9 10 11 10 10 9 10 7 100 1 1 1 1 1 1 1 1 1 1 1 1 1 1 1 1 1 1 1 1 1 1 1 1 1 1 1 1 1 1 1 1 1 1 1 1 1 1 1 1 1 1 1 1 1 1 1 1 1 1 1 100 1 1 100 100 1 100 1 1 1 100 1 1 1 1 1 1 1 1 1 1 1 1 1 1 1 1 1 1 1 1 1 1 1 1 1 1 1 1 1 1 1 1 1 1 1 1 1 100 1 1 1 1 1 1 1 1 1 1 1 1 1 100 100 100 1 1 1 1 1 1 1 12 12 100 12 100 12 12 12 12 7 12 12 12 12 12 12 12 12 12 1 1 12 1 12 12 12 12 1 12 12 12 12 12 7 7 12 1 1 12 12 1 12 12 1 100 12 7 12 12 12 12 7 12 12 12 12 12 12 12 12 12 12 12 12 12 12 12 12 12 12 12 12 12 7 12 12 7 12 12 7 12 1 100 12 7 12 12 7 12 7 12 12 12 7 12 7 12 1 1 1 1 1 1 1 1 1 1 1 1 1 1 1 1 1 1 1 1 1 1 1 1 1 1 1 1 1 1 1 1 1 1 1 1 1 1 1 1 1 1 1 1 1 1 1 1 1 1 1 1 1 1 100 1 1 1 1 1 1 1 1 1
ciInstanceKlass java/lang/reflect/Parameter 1 1 215 10 9 9 9 9 9 9 7 10 10 10 100 10 10 11 10 10 10 10 10 8 8 10 10 10 8 10 8 10 10 10 10 10 10 10 10 10 10 11 10 100 10 10 10 10 10 9 100 10 11 11 7 100 1 1 1 1 1 1 1 1 1 1 1 1 1 1 1 1 1 1 1 1 1 1 1 100 1 1 1 1 1 1 100 100 100 1 1 1 1 1 1 1 1 1 100 1 1 1 1 1 1 1 1 1 1 1 1 1 1 1 1 1 1 100 1 1 1 12 12 12 12 12 12 12 1 12 12 7 12 1 12 100 12 12 100 12 12 12 12 1 1 100 12 12 12 1 1 12 12 12 12 12 12 12 100 12 12 100 12 100 12 1 100 12 12 12 12 12 12 1 12 12 1 1 1 1 1 1 1 1 1 1 1 1 1 1 1 1 1 1 1 1 1 1 1 1 1 1 1 1 1 1 1 1 1 1 1 1 1 1 1 1 1
instanceKlass java/lang/reflect/Constructor
instanceKlass java/lang/reflect/Method
ciInstanceKlass java/lang/reflect/Executable 1 1 389 10 10 10 11 10 10 10 8 10 10 10 7 8 7 10 10 10 10 8 10 100 8 10 8 10 10 8 10 10 11 10 8 8 10 10 7 10 100 10 10 10 10 10 10 7 10 10 10 10 10 7 10 7 8 10 10 100 8 10 10 10 10 10 8 8 3 8 9 10 100 8 9 10 10 10 10 10 10 7 10 10 10 10 11 10 7 10 10 9 10 10 10 9 10 10 9 10 9 10 9 7 7 100 100 1 1 1 1 1 1 1 1 1 1 1 1 1 1 1 1 1 1 1 1 1 1 1 1 1 1 1 1 1 1 1 1 1 100 100 100 100 1 1 1 1 1 100 100 100 100 1 1 1 1 1 1 1 1 1 1 1 1 1 1 1 1 1 1 100 1 1 1 1 1 1 100 1 1 1 1 1 1 1 1 1 1 1 1 1 1 1 1 1 1 1 1 1 1 1 1 100 100 100 1 1 1 1 1 1 1 1 1 1 1 12 7 12 12 7 12 7 12 12 12 1 12 12 12 1 1 1 12 12 12 1 12 1 1 12 1 12 100 1 12 12 12 1 1 100 12 12 1 12 1 12 12 7 12 12 12 1 12 12 12 12 7 12 12 1 1 12 12 1 1 12 12 12 12 1 1 1 12 12 1 1 12 12 12 12 12 12 12 1 12 12 7 12 12 7 12 12 1 100 12 12 12 12 12 12 7 12 7 12 12 12 12 12 12 12 1 1 1 1 1 1 1 1 1 1 1 1 1 1 1 1 1 1 1 1 1 1 1 1 1 1 1 1 1 1 1 1 1 1 1 1 1 1 1 1 1 1 1 1 1 1 1 1 1 1 1 1 1 100 1 1 1 1 1 1 1 1 1 1 1 1 1 1 1
ciInstanceKlass java/lang/reflect/Method 1 1 353 9 10 10 9 10 10 10 10 9 9 9 9 9 9 9 9 9 9 9 100 8 10 7 10 9 10 10 7 7 10 10 10 7 10 10 10 10 10 10 10 10 10 10 10 10 10 10 10 10 10 11 9 10 10 10 10 11 10 7 10 10 10 10 9 10 10 10 10 10 11 10 7 100 7 10 8 10 10 10 10 10 10 10 8 7 1 1 1 1 1 1 1 1 1 1 1 1 1 1 1 1 1 1 1 1 1 1 1 1 1 1 1 1 1 1 1 1 1 1 1 1 1 1 1 1 1 1 1 1 1 1 1 1 1 1 1 1 1 1 1 1 1 1 1 1 1 1 1 1 1 1 1 100 1 1 1 1 1 1 1 1 100 1 100 100 1 1 1 1 1 1 1 1 1 1 1 1 1 100 100 1 1 1 1 1 1 1 1 1 1 1 1 1 1 12 7 12 7 12 12 12 12 7 12 12 12 12 12 12 12 12 12 12 12 12 12 1 1 12 1 12 12 12 12 1 1 12 12 7 12 12 7 12 12 12 7 12 12 7 7 12 12 12 12 12 12 12 12 12 7 12 7 12 12 12 12 7 12 12 1 12 12 12 12 12 7 12 12 7 12 7 12 7 12 7 12 7 12 1 1 1 1 12 12 12 12 12 12 1 1 1 1 1 1 1 1 1 1 1 1 1 1 1 1 1 1 1 1 1 1 1 1 1 1 1 1 1 1 1 1 1 1 1 1 1 1 1 1 1 1 1 1 1 1 1 1 1 1 1 1 1 1 1 1 1 1 1 1 1 1 1 1
ciInstanceKlass java/lang/reflect/Constructor 1 1 335 10 10 9 10 10 10 9 10 9 9 9 9 9 9 9 9 100 8 10 7 10 9 10 10 10 10 7 7 10 7 10 10 10 10 10 10 10 10 10 10 10 9 10 10 10 10 100 8 10 11 10 10 10 9 10 10 10 10 10 10 10 10 10 100 8 10 10 10 10 10 10 11 9 10 7 1 1 1 1 1 1 1 1 1 1 1 1 1 1 1 1 1 1 1 1 1 1 1 1 1 1 1 1 1 1 1 1 1 1 1 1 1 1 1 1 1 1 1 1 1 1 1 1 1 1 1 1 1 1 1 1 1 1 1 1 1 1 1 1 1 1 1 1 1 1 100 1 100 100 100 1 1 1 1 1 1 1 1 1 1 1 1 1 1 1 1 1 1 1 1 1 1 1 100 1 1 1 1 1 1 7 12 7 12 12 12 12 7 12 12 12 12 12 12 12 12 12 12 12 1 1 12 1 12 12 12 7 12 12 12 1 1 7 12 12 7 12 12 7 12 12 12 12 100 12 12 12 12 7 12 12 12 12 1 1 12 7 12 12 12 12 12 7 12 12 12 12 12 12 12 12 12 1 1 12 12 12 12 100 12 100 12 100 12 100 12 1 1 1 1 1 1 1 1 1 1 1 1 1 1 1 1 1 1 1 1 1 1 1 1 1 1 1 1 1 1 1 1 1 1 1 1 1 1 1 1 1 1 1 1 1 1 1 1 1 1 1 1 1 1 1 1 1 1 100 1 1 1 1 1 1 1 1 1
instanceKlass sun/reflect/FieldAccessorImpl
instanceKlass sun/reflect/ConstructorAccessorImpl
instanceKlass sun/reflect/MethodAccessorImpl
ciInstanceKlass sun/reflect/MagicAccessorImpl 1 1 13 10 100 7 1 1 1 1 1 1 12 1 1
instanceKlass sun/reflect/GeneratedMethodAccessor17
instanceKlass sun/reflect/GeneratedMethodAccessor16
instanceKlass sun/reflect/GeneratedMethodAccessor15
instanceKlass sun/reflect/GeneratedMethodAccessor14
instanceKlass sun/reflect/GeneratedMethodAccessor13
instanceKlass sun/reflect/GeneratedMethodAccessor12
instanceKlass sun/reflect/GeneratedMethodAccessor11
instanceKlass sun/reflect/GeneratedMethodAccessor10
instanceKlass sun/reflect/GeneratedMethodAccessor9
instanceKlass sun/reflect/GeneratedMethodAccessor8
instanceKlass sun/reflect/GeneratedMethodAccessor7
instanceKlass sun/reflect/GeneratedMethodAccessor6
instanceKlass sun/reflect/GeneratedMethodAccessor5
instanceKlass sun/reflect/GeneratedMethodAccessor4
instanceKlass sun/reflect/GeneratedMethodAccessor3
instanceKlass sun/reflect/GeneratedMethodAccessor2
instanceKlass sun/reflect/GeneratedMethodAccessor1
instanceKlass sun/reflect/DelegatingMethodAccessorImpl
instanceKlass sun/reflect/NativeMethodAccessorImpl
ciInstanceKlass sun/reflect/MethodAccessorImpl 1 1 22 10 100 7 100 1 1 1 1 1 1 1 100 100 1 1 12 1 1 1 1 1
instanceKlass sun/reflect/GeneratedConstructorAccessor21
instanceKlass sun/reflect/GeneratedConstructorAccessor20
instanceKlass sun/reflect/GeneratedConstructorAccessor19
instanceKlass sun/reflect/GeneratedConstructorAccessor18
instanceKlass sun/reflect/GeneratedConstructorAccessor17
instanceKlass sun/reflect/GeneratedConstructorAccessor16
instanceKlass sun/reflect/GeneratedConstructorAccessor15
instanceKlass sun/reflect/GeneratedConstructorAccessor14
instanceKlass sun/reflect/GeneratedConstructorAccessor13
instanceKlass sun/reflect/GeneratedConstructorAccessor12
instanceKlass sun/reflect/GeneratedConstructorAccessor11
instanceKlass sun/reflect/GeneratedConstructorAccessor10
instanceKlass sun/reflect/GeneratedConstructorAccessor9
instanceKlass sun/reflect/GeneratedConstructorAccessor8
instanceKlass sun/reflect/GeneratedConstructorAccessor7
instanceKlass sun/reflect/GeneratedConstructorAccessor6
instanceKlass sun/reflect/GeneratedConstructorAccessor5
instanceKlass sun/reflect/GeneratedConstructorAccessor4
instanceKlass sun/reflect/GeneratedConstructorAccessor3
instanceKlass sun/reflect/GeneratedConstructorAccessor2
instanceKlass sun/reflect/BootstrapConstructorAccessorImpl
instanceKlass sun/reflect/GeneratedConstructorAccessor1
instanceKlass sun/reflect/DelegatingConstructorAccessorImpl
instanceKlass sun/reflect/NativeConstructorAccessorImpl
ciInstanceKlass sun/reflect/ConstructorAccessorImpl 1 1 24 10 100 7 100 1 1 1 1 1 1 1 100 100 100 1 1 12 1 1 1 1 1 1
ciInstanceKlass sun/reflect/DelegatingClassLoader 1 1 13 10 100 7 1 1 1 1 1 1 12 1 1
ciInstanceKlass sun/reflect/ConstantPool 1 1 106 10 9 10 10 10 10 10 10 10 10 10 10 10 10 10 10 7 7 8 10 100 1 1 1 1 1 1 1 1 1 1 1 1 1 1 1 1 1 1 1 1 1 1 1 1 1 1 1 1 1 1 1 1 1 1 1 1 1 1 1 1 1 1 1 1 1 1 1 1 1 1 1 1 1 1 1 1 1 1 1 1 12 12 12 12 12 12 12 12 12 12 12 12 12 12 12 12 1 1 7 12 1 1 1 1
instanceKlass sun/reflect/UnsafeFieldAccessorImpl
ciInstanceKlass sun/reflect/FieldAccessorImpl 1 1 56 10 100 7 100 1 1 1 1 1 1 1 100 1 1 1 1 1 1 1 1 1 1 1 1 1 1 1 1 1 1 100 1 1 1 1 1 1 1 1 1 1 1 1 1 1 1 1 1 1 12 1 1 1 1 1
instanceKlass sun/reflect/UnsafeIntegerFieldAccessorImpl
instanceKlass sun/reflect/UnsafeLongFieldAccessorImpl
instanceKlass sun/reflect/UnsafeBooleanFieldAccessorImpl
instanceKlass sun/reflect/UnsafeQualifiedFieldAccessorImpl
instanceKlass sun/reflect/UnsafeObjectFieldAccessorImpl
instanceKlass sun/reflect/UnsafeStaticFieldAccessorImpl
ciInstanceKlass sun/reflect/UnsafeFieldAccessorImpl 1 1 233 10 9 10 10 9 10 9 10 10 9 10 10 10 10 100 10 10 10 8 10 10 100 8 10 8 10 8 10 100 10 10 8 10 8 10 8 10 8 10 8 10 8 10 8 10 8 10 8 10 10 8 8 8 8 8 8 10 8 8 8 10 10 7 7 1 1 1 1 1 1 1 1 1 1 1 1 1 100 100 1 1 1 1 1 1 1 1 1 100 100 1 1 1 1 1 1 1 1 1 1 1 1 1 1 1 1 1 1 1 1 1 1 1 1 12 12 7 12 7 12 12 7 12 12 12 12 12 12 7 12 7 12 12 1 12 12 1 12 1 1 12 1 12 1 12 1 12 1 12 1 100 12 1 100 12 1 100 12 1 100 12 1 100 12 1 100 12 1 100 12 1 100 12 12 1 1 1 1 1 1 100 12 1 1 1 12 12 1 1 1 1 1 1 1 1 1 1 1 1 1 1 1 1 1 1 1 1 1 1 1 1 1 1 1 1 1 1 1 1 1 1 1 1 1 1 1 1 1 1 1 1 1
staticfield sun/reflect/UnsafeFieldAccessorImpl unsafe Lsun/misc/Unsafe; sun/misc/Unsafe
instanceKlass sun/reflect/UnsafeQualifiedStaticFieldAccessorImpl
instanceKlass sun/reflect/UnsafeStaticObjectFieldAccessorImpl
ciInstanceKlass sun/reflect/UnsafeStaticFieldAccessorImpl 1 1 38 10 9 10 9 7 7 8 10 7 1 1 1 1 1 1 1 1 1 1 12 12 7 12 12 1 1 7 12 1 1 1 1 1 1 1 1 1
ciInstanceKlass sun/reflect/CallerSensitive 0 0 17 100 100 100 1 1 1 1 1 1 1 1 1 1 1 1 1
instanceKlass java/lang/invoke/DelegatingMethodHandle
instanceKlass java/lang/invoke/BoundMethodHandle
instanceKlass java/lang/invoke/DirectMethodHandle
ciInstanceKlass java/lang/invoke/MethodHandle 1 1 444 9 10 10 10 9 10 10 10 10 10 10 11 10 10 10 9 10 100 100 10 8 10 10 8 10 10 10 10 10 10 10 10 10 7 10 10 10 8 10 10 10 10 10 8 10 8 10 8 10 9 100 10 9 9 8 10 10 10 10 10 10 10 10 8 10 10 10 10 10 10 9 8 10 10 8 10 10 10 10 10 10 8 10 10 100 9 10 7 10 10 9 10 10 8 9 9 9 10 10 10 10 7 10 10 8 10 10 100 10 100 1 1 1 1 1 1 1 1 1 1 1 1 1 1 1 1 1 1 1 1 1 1 100 1 1 1 1 1 1 1 1 1 1 1 1 1 1 1 100 1 1 1 1 1 1 1 100 100 1 1 1 1 1 100 100 1 1 1 1 1 1 1 1 1 1 1 1 1 1 1 1 1 1 1 1 100 1 1 1 1 1 1 1 1 1 1 1 1 7 1 1 1 1 1 1 1 1 1 1 1 1 1 1 1 1 1 100 1 1 12 12 12 7 12 12 12 7 12 12 100 12 12 12 100 12 12 12 12 12 12 1 1 1 12 12 1 12 12 7 12 12 12 12 12 7 12 7 12 1 12 12 12 1 7 12 12 12 12 12 1 12 1 12 1 100 12 12 1 100 12 100 1 12 12 12 12 12 12 12 12 1 12 12 12 12 12 12 12 1 12 12 1 12 12 7 12 12 12 1 12 12 1 12 1 100 12 12 12 12 12 1 12 12 12 7 12 12 12 12 1 12 12 12 12 1 12 1 1 1 1 1 1 1 1 1 1 1 1 1 1 1 1 1 1 1 1 1 1 1 1 1 1 1 1 1 1 1 1 1 1 1 1 1 1 1 1 1 1 1 1 1 1 1 1 1 1 1 1 1 1 1 1 1 1 1 1 1 1 1 1 1 1 1 1 1 1 1 1 1 1 1 1 1 1 1 1 1 1 1 1 1 1 1 1 1 1 1 1 1 1 1 1 1 1 1 1 1 1 1 1 1 1 1
staticfield java/lang/invoke/MethodHandle FORM_OFFSET J 20
staticfield java/lang/invoke/MethodHandle $assertionsDisabled Z 1
instanceKlass java/lang/invoke/DirectMethodHandle$StaticAccessor
instanceKlass java/lang/invoke/DirectMethodHandle$Special
instanceKlass java/lang/invoke/DirectMethodHandle$Constructor
instanceKlass java/lang/invoke/DirectMethodHandle$Accessor
instanceKlass java/lang/invoke/DirectMethodHandle$Interface
ciInstanceKlass java/lang/invoke/DirectMethodHandle 1 1 712 100 7 7 10 10 10 100 10 10 10 10 10 7 7 10 10 10 10 10 10 10 9 100 10 9 10 10 10 10 10 10 7 10 10 10 10 7 10 7 10 7 10 10 10 7 10 10 7 10 10 10 10 10 10 10 10 8 10 10 10 10 10 9 7 10 10 10 7 10 8 10 10 10 10 10 10 10 10 10 10 10 10 10 10 10 10 10 10 10 8 8 8 8 8 8 8 8 8 8 8 10 10 7 9 7 10 100 10 10 10 10 7 9 10 9 9 9 10 7 10 9 10 10 8 10 10 10 10 9 9 10 10 7 7 7 9 10 10 10 10 9 10 100 10 100 10 10 9 9 10 9 10 10 10 10 10 9 10 10 10 10 9 9 10 10 9 9 9 9 10 9 9 10 10 9 10 9 10 10 7 10 10 10 10 10 8 8 8 9 10 7 10 10 9 9 9 9 9 9 8 8 8 8 10 10 9 9 100 1 7 1 1 1 1 1 1 100 1 1 1 1 7 1 1 1 1 1 1 1 1 1 1 1 1 1 1 1 1 1 1 1 1 1 1 1 1 100 100 100 100 1 1 1 1 1 1 1 1 1 1 100 1 1 1 1 1 1 1 1 1 1 1 1 1 1 100 100 100 1 1 1 1 1 1 1 1 1 1 1 1 100 100 1 1 1 1 7 1 1 1 1 1 1 1 1 1 1 1 1 1 1 1 1 1 1 100 100 1 1 1 1 1 7 1 1 1 1 12 12 12 1 12 12 12 12 12 1 1 12 12 12 12 12 12 12 12 1 12 12 12 12 12 12 12 1 7 12 12 12 12 1 12 1 12 1 12 12 12 1 12 12 1 12 12 12 12 100 12 100 12 12 12 12 12 12 7 12 1 12 7 12 12 1 1 12 12 12 12 12 12 12 12 12 12 12 12 7 12 12 12 12 12 1 1 1 1 1 1 1 1 1 1 1 12 12 1 12 1 12 1 7 12 12 12 12 1 12 12 12 12 12 12 1 12 12 7 12 12 1 12 12 12 12 12 12 7 12 12 1 1 1 12 12 12 12 12 12 12 1 12 1 12 12 12 12 12 12 12 12 12 12 12 12 12 7 12 12 7 12 12 12 12 12 12 12 12 12 12 12 12 12 12 12 12 12 12 12 1 12 12 7 12 12 12 1 1 1 7 12 1 12 12 12 12 12 12 12 12 1 1 1 1 12 12 12 12 1 1 1 1 1 1 1 1 1 1 1 1 1 1 1 1 1 1 1 1 1 1 1 1 1 1 1 1 1 1 1 1 1 1 1 1 1 1 1 1 1 1 1 1 1 1 1 1 1 1 1 1 1 1 1 1 1 1 1 1 1 1 1 1 1 1 1 1 1 1 1 1 1 1 1 1 1 1 1 1 1 1 1 1 1 1 1 1 1 1 1 1 1 1 1 1 1 1 100 1 1 1 1 1 1 1 1 1 1 1 1 1 1 1 1 1 1 1 1 1 1 1 1 1 1 1 1 1 1 1 1 1 1 1 1 1 1 1 1 1 1 1 1 1 1 1 1 1 1 1 1 1 1 1 1 1 1 1 1 1 1 1 1 1 1 1 1 1 1 1 1 1 1 1 1
staticfield java/lang/invoke/DirectMethodHandle IMPL_NAMES Ljava/lang/invoke/MemberName$Factory; java/lang/invoke/MemberName$Factory
staticfield java/lang/invoke/DirectMethodHandle ACCESSOR_FORMS [Ljava/lang/invoke/LambdaForm; 132 [Ljava/lang/invoke/LambdaForm;
staticfield java/lang/invoke/DirectMethodHandle $assertionsDisabled Z 1
ciInstanceKlass java/lang/invoke/MemberName 1 1 654 7 7 100 10 10 10 9 9 10 9 10 10 10 10 10 10 10 9 10 100 7 10 8 10 10 10 10 9 8 10 7 7 10 10 7 7 7 10 9 100 8 10 10 10 10 10 10 10 10 10 8 8 8 10 10 9 3 10 10 10 10 10 10 10 10 10 7 8 10 10 8 9 8 9 10 8 10 10 10 10 10 100 10 10 8 10 10 8 10 10 7 10 10 8 8 10 10 10 10 10 10 10 10 10 3 10 3 10 3 3 3 3 3 3 10 100 10 3 10 3 10 10 10 10 10 10 10 10 10 10 10 10 100 10 10 10 100 10 10 10 10 100 10 10 8 10 10 10 10 10 10 10 10 10 10 10 100 10 100 8 10 10 10 10 10 10 10 8 8 8 8 10 10 10 8 8 10 8 10 10 10 8 8 10 10 8 8 100 10 8 8 8 8 10 7 7 7 10 100 10 7 10 9 10 100 100 7 1 1 1 1 1 1 1 1 1 1 1 1 1 1 1 3 1 3 1 3 1 3 1 3 1 3 1 1 1 1 1 1 1 1 3 1 1 1 1 3 1 1 1 1 1 1 1 1 1 1 1 1 1 1 1 100 100 1 100 1 1 1 1 1 1 1 1 1 1 1 1 1 1 1 1 1 1 1 1 1 1 1 1 1 1 1 1 100 1 1 1 1 1 1 1 1 1 1 1 1 1 1 1 1 1 1 1 1 1 1 1 1 1 1 1 1 1 1 1 1 1 100 100 1 1 1 1 1 100 1 1 1 100 1 1 1 1 1 1 1 1 1 100 1 1 1 1 1 1 1 1 100 1 1 1 1 1 1 1 1 1 100 1 1 1 1 1 100 1 1 1 1 1 1 1 1 1 1 1 1 1 1 7 1 1 12 12 12 12 12 12 12 12 12 12 12 12 12 12 100 12 12 1 1 12 1 12 12 12 12 12 1 100 12 1 1 12 1 1 1 12 12 1 1 12 12 12 12 12 12 12 12 12 1 1 1 100 12 12 12 12 12 12 12 12 12 12 12 1 12 12 100 100 12 1 12 12 12 12 12 1 12 12 1 12 12 1 12 12 1 12 12 1 1 12 12 12 12 12 12 12 12 12 12 12 100 1 1 7 12 12 12 12 12 7 12 12 12 12 12 12 1 12 1 12 12 1 12 100 12 100 12 12 12 12 12 12 12 1 12 1 1 7 12 12 7 12 12 12 1 1 1 1 12 12 12 1 1 12 1 12 12 1 1 12 1 1 1 1 1 1 1 12 1 1 1 1 1 7 12 12 12 1 1 1 1 1 1 1 1 1 1 1 1 1 1 1 1 1 1 1 1 1 1 1 1 1 1 1 1 1 1 1 1 1 1 1 1 1 1 1 1 1 1 1 1 1 1 1 1 1 1 1 1 1 1 1 1 1 1 1 1 1 1 1 1 1 1 1 1 1 1 1 1 1 1 1 1 1 1 1 1 1 1 1 1
staticfield java/lang/invoke/MemberName $assertionsDisabled Z 1
ciInstanceKlass java/lang/invoke/MethodHandleNatives 1 1 442 100 10 9 10 100 10 10 10 10 8 8 8 8 8 8 8 8 8 8 7 10 7 10 10 100 10 10 8 10 8 10 8 10 9 8 10 100 10 100 100 8 7 7 10 10 7 9 10 10 10 7 10 10 10 10 100 10 9 8 10 8 10 8 8 8 100 8 10 10 10 10 10 100 10 10 8 8 10 10 10 8 10 8 8 9 10 10 10 100 100 10 10 10 100 100 10 10 100 10 10 100 100 10 10 10 10 100 10 10 10 10 10 10 10 8 8 100 10 100 10 10 10 10 7 10 10 10 9 10 10 10 1 1 1 1 1 1 1 1 1 1 1 1 1 1 1 1 100 1 1 1 1 1 1 1 1 1 1 1 1 1 1 1 1 1 1 1 1 1 1 1 1 1 1 1 1 1 1 1 1 1 1 1 100 100 100 1 1 100 100 100 100 1 1 100 1 1 100 1 1 1 1 1 1 1 1 1 1 1 1 1 100 100 100 100 1 1 1 100 100 1 1 1 1 1 1 1 1 1 12 12 12 1 12 12 12 1 1 1 1 1 1 1 1 1 1 1 12 1 12 100 12 1 12 1 12 1 12 1 12 100 12 1 100 12 1 12 1 1 1 1 1 12 1 7 12 12 12 7 12 1 12 7 12 12 12 1 100 12 12 1 12 1 12 1 1 1 1 1 12 12 12 12 12 1 12 12 1 1 12 12 1 100 12 1 1 7 12 12 12 12 1 1 12 1 1 1 1 1 100 12 12 1 12 7 12 12 12 12 12 1 1 1 12 1 12 12 12 12 1 12 12 12 12 7 12 12 12 1 1 1 1 1 1 1 1 1 1 1 1 1 1 1 1 1 1 1 1 1 1 1 1 1 1 1 1 1 1 1 1 1 1 1 1 1 1 1 1 1 1 1 1 1 1 1 1 1 1 1 1 1 1 1 100 1 1 1 1 1 1 1 1 1 1 1 1 1 1 1 1 1 1 1 1 1 1 1 1 1 1 1
staticfield java/lang/invoke/MethodHandleNatives COUNT_GWT Z 1
staticfield java/lang/invoke/MethodHandleNatives $assertionsDisabled Z 1
ciInstanceKlass java/lang/invoke/LambdaForm 1 1 986 7 100 9 10 10 9 9 10 100 10 9 10 9 10 7 9 10 9 9 9 10 7 10 10 10 10 10 10 10 9 10 8 10 10 10 10 7 10 10 8 10 10 10 100 8 10 10 10 10 10 7 10 7 10 10 9 9 10 10 100 10 10 10 10 10 10 10 10 10 10 8 10 10 8 8 9 9 9 10 10 10 9 10 10 10 10 10 10 10 10 8 8 8 8 8 8 8 8 10 9 10 10 10 10 10 10 10 7 10 10 9 10 10 10 10 10 10 8 10 100 100 10 10 10 10 11 11 11 7 10 10 10 10 7 10 8 10 10 8 10 10 10 7 10 8 10 9 10 10 8 8 10 10 8 8 8 10 10 9 10 8 8 9 10 10 8 8 8 100 8 100 8 100 8 10 8 10 9 10 10 9 10 10 10 10 10 10 10 10 10 10 8 100 10 10 9 10 8 8 100 8 8 9 8 8 8 10 8 8 8 10 10 8 8 8 10 8 10 8 8 8 8 8 10 10 10 10 10 10 10 10 10 10 10 10 10 10 10 10 10 10 10 9 8 10 11 11 9 9 9 9 9 10 10 8 10 8 9 7 10 100 10 7 10 9 10 10 10 10 9 10 10 9 10 9 10 9 7 9 9 10 100 10 10 10 10 9 100 1 100 1 100 1 1 1 7 1 1 1 1 1 1 1 1 1 1 1 1 1 1 1 1 1 1 1 1 1 3 1 3 1 3 1 1 1 3 1 1 1 7 1 1 1 1 1 1 1 1 1 1 1 1 1 1 1 1 1 1 1 1 100 100 100 1 1 1 1 1 1 100 1 1 1 1 1 1 1 100 100 100 100 1 1 1 1 1 1 1 1 1 1 1 1 1 1 1 1 1 1 1 1 1 1 1 1 1 1 1 1 1 1 1 100 1 1 1 1 100 1 100 100 1 1 1 1 1 1 1 1 1 100 1 1 1 1 1 1 1 100 1 1 1 1 1 1 1 1 1 1 1 1 100 1 1 1 1 1 1 1 1 1 1 1 1 1 1 1 1 1 100 1 1 1 1 100 1 1 1 100 1 1 1 1 1 1 1 1 1 1 1 1 1 1 1 1 1 1 1 1 1 1 1 100 100 100 1 1 1 1 1 1 1 1 1 1 1 1 1 1 1 1 1 1 1 1 1 1 1 1 1 1 100 1 1 12 12 12 12 12 12 1 12 12 12 7 12 12 12 12 12 12 12 1 12 12 100 12 100 12 12 12 12 12 12 1 12 12 12 7 12 1 12 1 12 12 12 1 1 12 12 12 12 12 1 12 1 12 12 12 12 12 12 1 12 12 12 12 12 12 100 12 12 1 12 12 1 1 12 12 12 12 7 12 12 12 7 12 12 12 12 12 12 12 1 1 1 1 1 1 1 1 12 12 12 12 12 12 12 12 12 1 12 12 12 12 12 12 12 7 12 12 1 1 7 12 12 12 7 12 7 12 12 1 12 12 12 12 1 12 1 12 12 1 12 12 1 12 1 12 12 12 12 1 1 12 12 1 1 1 12 12 100 12 12 1 1 12 12 12 1 1 1 1 1 1 1 1 1 12 1 12 7 12 12 12 12 12 12 12 12 12 12 12 12 1 1 12 12 12 12 1 1 1 1 1 12 1 1 1 100 12 1 1 1 12 12 1 1 1 12 1 12 1 1 1 1 1 12 12 12 7 12 12 12 12 12 12 12 12 12 12 12 12 12 12 12 12 1 12 12 12 12 12 12 12 12 12 12 1 12 1 12 1 12 1 12 1 12 12 12 12 12 12 12 7 12 12 12 12 12 12 12 12 1 12 12 12 1 1 1 1 1 1 1 1 1 1 1 1 1 1 1 1 1 1 1 1 1 1 1 1 1 1 1 1 1 1 1 1 1 1 1 1 1 1 1 1 1 1 1 1 1 1 1 1 1 1 1 1 1 1 1 1 1 1 1 1 1 1 1 1 1 1 1 1 1 1 1 1 1 1 1 1 1 1 1 1 1 1 1 1 1 1 1 1 1 1 1 1 1 1 1 1 1 1 1 1 1 1 1 1 1 1 1 1 1 1 1 1 1 1 1 1 1 1 1 1 1 1 1 1 1 1 1 1 1 1 1 1 1 1 1 1 1 1 1 1 1 1 1 1 1 1 1 1 1 1 1 1 1 1 1 1 1 1 1 1 1 1 1 1 1 1 1 1 1 1 1 1 1 1 1 1 1 1
staticfield java/lang/invoke/LambdaForm COMPILE_THRESHOLD I 0
staticfield java/lang/invoke/LambdaForm INTERNED_ARGUMENTS [[Ljava/lang/invoke/LambdaForm$Name; 5 [[Ljava/lang/invoke/LambdaForm$Name;
staticfield java/lang/invoke/LambdaForm IMPL_NAMES Ljava/lang/invoke/MemberName$Factory; java/lang/invoke/MemberName$Factory
staticfield java/lang/invoke/LambdaForm LF_identityForm [Ljava/lang/invoke/LambdaForm; 6 [Ljava/lang/invoke/LambdaForm;
staticfield java/lang/invoke/LambdaForm LF_zeroForm [Ljava/lang/invoke/LambdaForm; 6 [Ljava/lang/invoke/LambdaForm;
staticfield java/lang/invoke/LambdaForm NF_identity [Ljava/lang/invoke/LambdaForm$NamedFunction; 6 [Ljava/lang/invoke/LambdaForm$NamedFunction;
staticfield java/lang/invoke/LambdaForm NF_zero [Ljava/lang/invoke/LambdaForm$NamedFunction; 6 [Ljava/lang/invoke/LambdaForm$NamedFunction;
staticfield java/lang/invoke/LambdaForm DEBUG_NAME_COUNTERS Ljava/util/HashMap; null
staticfield java/lang/invoke/LambdaForm TRACE_INTERPRETER Z 0
staticfield java/lang/invoke/LambdaForm $assertionsDisabled Z 1
ciInstanceKlass java/lang/invoke/MethodType 1 1 603 7 10 10 10 9 10 7 9 9 10 9 8 10 10 9 9 10 7 10 8 10 10 10 100 8 10 100 10 10 10 10 11 9 11 7 10 9 10 10 10 10 10 9 7 10 7 10 10 10 10 10 10 10 10 10 10 8 8 10 9 100 10 10 10 10 10 10 10 10 10 8 10 10 10 10 10 11 10 10 10 10 10 7 10 10 10 10 9 7 10 10 10 10 10 10 10 10 8 8 10 8 10 10 9 10 10 10 10 10 10 10 10 10 10 10 10 9 7 10 10 10 10 10 8 10 11 9 10 10 10 10 10 9 9 10 9 10 10 100 10 7 10 7 9 8 10 10 8 100 100 10 100 1 1 1 1 1 5 0 1 1 1 1 1 1 1 1 1 1 1 1 1 1 1 1 1 1 1 3 1 3 1 3 1 1 1 1 1 1 1 1 1 1 1 1 1 1 1 1 1 100 100 1 1 1 1 1 1 1 1 1 1 1 1 1 1 1 1 1 1 1 1 1 1 1 1 1 1 1 1 1 1 1 1 1 1 1 1 1 1 1 1 1 1 1 1 1 1 1 1 1 1 1 1 1 1 1 1 1 1 1 1 1 1 1 1 1 1 1 1 1 1 1 1 1 1 1 1 1 1 1 1 1 1 1 1 1 1 1 1 1 1 1 1 1 1 1 1 1 1 100 1 1 1 1 100 1 1 1 1 1 1 1 100 1 1 100 1 1 1 1 1 1 100 100 1 100 1 1 1 1 1 100 1 1 100 1 1 1 1 100 1 1 1 12 12 12 12 7 12 12 12 7 12 7 12 1 7 12 12 7 7 12 1 1 12 12 12 1 1 12 1 12 12 12 7 12 12 12 1 7 12 12 12 12 12 12 12 12 1 12 1 12 12 100 12 12 12 12 12 12 12 12 1 1 12 12 1 12 12 12 12 100 12 12 12 1 12 12 7 12 12 12 12 12 12 12 12 12 1 12 12 12 12 1 12 7 12 12 7 12 12 12 1 1 12 1 100 12 12 12 12 12 12 12 12 12 100 12 12 12 12 12 12 1 12 12 12 7 12 12 1 7 12 12 12 12 12 100 12 12 12 12 12 7 12 12 100 12 12 12 1 1 12 12 12 1 1 12 1 1 1 1 1 1 1 1 1 1 1 1 1 1 1 1 1 1 1 1 1 1 1 1 1 1 1 1 1 1 1 1 1 1 1 1 1 1 1 1 1 1 1 1 1 1 1 1 1 1 1 1 1 1 1 1 1 1 1 1 1 1 1 1 1 1 1 1 1 1 1 1 1 1 1 1 1 1 1 1 1 1 1 1 1 1 1 1 1 1 1 1 1 1 1 1 1 1 1 1 1 1 1
staticfield java/lang/invoke/MethodType internTable Ljava/lang/invoke/MethodType$ConcurrentWeakInternSet; java/lang/invoke/MethodType$ConcurrentWeakInternSet
staticfield java/lang/invoke/MethodType NO_PTYPES [Ljava/lang/Class; 0 [Ljava/lang/Class;
staticfield java/lang/invoke/MethodType objectOnlyTypes [Ljava/lang/invoke/MethodType; 20 [Ljava/lang/invoke/MethodType;
staticfield java/lang/invoke/MethodType serialPersistentFields [Ljava/io/ObjectStreamField; 0 [Ljava/io/ObjectStreamField;
staticfield java/lang/invoke/MethodType rtypeOffset J 12
staticfield java/lang/invoke/MethodType ptypesOffset J 16
staticfield java/lang/invoke/MethodType $assertionsDisabled Z 1
ciInstanceKlass java/lang/BootstrapMethodError 0 0 39 10 10 10 10 10 100 100 1 1 1 5 0 1 1 1 1 1 1 1 1 100 100 1 1 12 12 12 100 12 12 1 1 1 1 1 1 1 1
instanceKlass java/lang/invoke/VolatileCallSite
instanceKlass java/lang/invoke/MutableCallSite
instanceKlass java/lang/invoke/ConstantCallSite
ciInstanceKlass java/lang/invoke/CallSite 1 1 322 10 10 9 10 10 100 7 10 7 10 10 10 100 100 10 10 10 8 10 10 10 9 10 10 10 10 100 8 10 10 10 7 10 9 10 10 10 10 9 9 10 10 9 10 10 10 10 10 10 7 10 10 10 10 10 10 7 100 8 10 10 10 10 10 7 100 8 10 10 100 8 10 7 10 10 10 8 10 10 8 10 10 100 10 8 10 10 100 100 10 1 1 1 1 1 1 1 1 1 1 1 1 1 1 1 1 1 1 1 1 1 100 1 1 1 1 1 1 1 1 100 1 1 1 1 1 100 100 100 100 100 100 100 1 1 1 1 1 1 1 1 100 100 1 1 12 12 12 12 12 1 1 12 1 12 12 12 1 1 100 12 12 1 12 12 12 12 12 7 12 12 1 1 12 12 1 12 12 12 12 12 7 12 7 12 12 7 12 12 7 12 12 12 12 12 7 12 12 1 12 12 12 12 12 12 1 1 1 12 12 7 12 12 1 1 1 12 1 1 12 1 12 12 7 12 12 12 12 12 1 12 12 12 1 1 12 1 1 1 1 1 1 1 1 1 1 1 1 1 1 1 1 1 1 1 1 1 1 1 1 1 1 1 1 1 1 1 1 1 1 1 1 1 1 1 1 1 1 1 1 1 1 1 1 1 1 1 1 1 1 1 1 1 1 1 1 1 1 1 1 1 1 1 1 1 1 1 1 1 1 1 1 1 1 1 1 1 1 1 1 1
staticfield java/lang/invoke/CallSite GET_TARGET Ljava/lang/invoke/MethodHandle; java/lang/invoke/DirectMethodHandle
staticfield java/lang/invoke/CallSite THROW_UCS Ljava/lang/invoke/MethodHandle; java/lang/invoke/MethodHandleImpl$AsVarargsCollector
staticfield java/lang/invoke/CallSite TARGET_OFFSET J 12
ciInstanceKlass java/lang/invoke/ConstantCallSite 1 1 42 10 9 10 100 10 9 100 10 10 7 7 1 1 1 1 1 1 1 1 100 1 1 1 1 1 1 1 12 12 12 1 12 12 1 12 1 1 1 1 1 1
instanceKlass scala/reflect/internal/util/AlmostFinalValue$AlmostFinalCallSite
ciInstanceKlass java/lang/invoke/MutableCallSite 1 1 57 10 10 9 10 10 10 9 10 10 7 10 7 7 1 1 1 1 1 1 1 1 1 1 1 1 1 1 1 1 1 1 12 12 12 12 12 12 12 12 100 12 1 12 1 1 1 1 1 1 1 1 1 1 1 1 1
staticfield java/lang/invoke/MutableCallSite STORE_BARRIER Ljava/util/concurrent/atomic/AtomicInteger; java/util/concurrent/atomic/AtomicInteger
ciInstanceKlass java/lang/invoke/VolatileCallSite 0 0 33 10 10 10 10 10 10 100 100 1 1 1 1 1 1 1 1 1 1 1 12 12 12 12 12 12 1 1 1 1 1 1 1
instanceKlass java/lang/StringBuilder
instanceKlass java/lang/StringBuffer
ciInstanceKlass java/lang/AbstractStringBuilder 1 1 318 7 10 9 9 10 10 10 7 3 10 3 100 10 100 10 10 10 10 100 10 10 10 8 10 10 10 10 10 10 10 10 10 10 10 7 10 11 10 8 100 10 8 10 10 8 8 10 10 11 3 8 10 10 7 5 0 8 10 10 10 10 10 10 10 10 100 10 8 8 10 10 10 8 8 8 10 10 8 10 10 10 10 10 10 10 10 10 10 10 10 10 10 10 7 100 7 1 1 1 1 1 1 1 1 1 1 1 1 1 1 1 1 1 1 1 1 1 1 1 1 1 1 1 1 1 1 1 1 1 1 1 1 1 1 1 1 1 1 1 1 1 1 1 1 1 1 1 1 1 1 1 1 1 1 1 1 1 1 1 1 1 1 1 1 1 1 1 1 1 1 1 1 1 1 1 1 1 1 1 1 1 100 1 1 1 1 1 12 12 12 12 12 7 12 1 12 1 1 12 12 100 12 12 1 12 12 1 12 7 12 12 12 12 12 12 100 1 12 12 1 1 1 12 12 1 1 12 12 1 12 12 1 1 12 12 7 12 12 12 12 12 1 1 1 12 12 12 1 1 1 12 12 1 12 12 12 12 12 12 12 12 12 12 12 12 12 12 12 1 1 1 1 1 1 1 1 1 1 1 1 1 1 1 1 1 1 1 1 1 1 1 1 1 1 1 1 1 1 1 1 1 1 1 1 1 1 1 1 1 1 1 1 1 1 1 1 1
ciInstanceKlass java/lang/StringBuffer 1 1 378 10 10 10 11 10 10 9 9 10 10 9 10 100 10 10 10 10 10 10 10 10 10 10 10 10 10 10 10 10 10 10 10 10 10 10 10 10 10 10 10 10 10 10 10 10 10 10 10 10 10 10 10 10 10 10 10 7 10 10 8 10 8 10 8 10 10 10 10 7 10 100 8 10 10 10 10 10 10 10 10 10 10 10 10 10 10 10 10 10 10 10 10 10 10 10 10 10 10 10 10 10 10 7 10 9 9 9 7 7 100 7 1 1 1 1 1 5 0 1 1 1 1 1 1 1 1 1 1 1 1 1 1 1 1 1 1 1 1 1 1 1 1 1 1 1 1 1 1 1 1 1 1 1 1 1 1 1 1 1 1 1 1 1 1 1 1 1 1 1 1 1 1 1 1 1 1 1 1 1 1 1 1 1 1 1 1 1 1 1 1 1 1 1 1 1 100 1 1 100 100 1 1 1 1 1 1 1 1 1 1 1 1 1 1 1 1 1 1 1 1 1 1 1 1 1 1 1 1 1 1 1 1 1 1 12 12 12 12 12 12 12 12 12 12 1 12 12 12 12 12 12 12 12 12 12 12 12 12 12 12 12 12 12 12 12 12 12 12 12 12 12 12 12 12 12 12 12 12 12 12 12 12 12 12 7 12 1 12 100 12 1 100 12 1 12 1 12 12 100 12 100 12 12 1 1 12 12 12 12 12 12 12 12 12 12 12 12 12 12 12 12 12 12 12 12 12 12 12 12 12 12 12 12 12 12 1 12 7 12 7 12 1 1 1 1 1 1 1 1 1 1 1 1 1 1 1 1 1 1 1 1 1 1 1 1 1 1 1 1 1 1 1 1 1 1 1 1
staticfield java/lang/StringBuffer serialPersistentFields [Ljava/io/ObjectStreamField; 3 [Ljava/io/ObjectStreamField;
ciInstanceKlass java/lang/StringBuilder 1 1 333 10 10 10 11 10 10 10 10 10 10 10 10 10 10 10 10 10 10 10 10 10 10 10 10 10 10 10 10 10 10 10 10 10 10 10 10 10 10 10 10 7 9 9 10 10 10 10 10 10 10 100 100 8 10 10 10 10 10 10 10 10 10 10 10 10 10 10 10 10 10 10 10 10 10 10 10 10 10 10 10 10 10 10 10 10 10 10 10 10 10 10 10 10 10 10 10 10 7 7 100 100 1 1 1 5 0 1 1 1 1 1 1 1 1 1 1 1 1 1 1 1 1 1 1 1 1 1 1 1 1 1 1 1 1 1 1 1 1 1 1 1 1 1 1 1 1 1 1 1 1 1 1 1 1 1 1 100 1 1 1 100 1 1 1 1 1 1 1 1 1 1 1 1 1 1 1 1 1 1 1 1 1 1 1 1 1 1 1 1 1 1 1 1 1 1 1 1 1 1 1 1 1 1 1 1 1 1 1 1 1 1 1 1 1 1 1 12 12 12 12 12 12 12 12 12 12 12 12 12 12 12 12 12 12 12 12 12 12 12 12 12 12 12 12 12 12 12 12 12 12 12 12 12 12 1 12 12 12 100 12 12 12 100 12 12 12 1 1 1 12 12 12 12 12 12 12 12 12 12 12 12 12 12 12 12 12 12 12 12 12 12 12 12 12 12 12 12 12 12 12 12 12 12 12 12 12 12 12 12 12 12 12 1 1 1 1 1 1 1 1 1 1 1 1 1 1 1 1 1 1 1 1
ciInstanceKlass sun/misc/Unsafe 1 1 390 10 10 10 10 7 8 10 9 10 10 10 10 10 10 10 10 10 10 10 10 10 10 10 10 10 10 10 10 10 10 10 10 10 10 10 10 10 10 10 10 100 10 10 7 7 8 10 10 7 10 9 7 9 7 9 7 9 7 9 7 9 7 9 7 9 7 9 10 9 9 9 9 9 9 9 9 9 10 9 7 1 1 1 1 1 3 1 1 1 1 1 1 1 1 1 1 1 1 1 1 1 1 1 1 1 1 1 1 1 1 1 1 1 100 1 1 1 1 1 1 1 1 1 1 1 1 1 1 1 1 1 1 1 1 1 1 1 1 1 1 1 1 1 1 1 1 1 1 1 1 1 1 1 1 1 1 1 1 1 1 1 1 1 1 1 1 1 1 1 1 1 1 1 1 1 1 1 1 1 1 1 1 1 1 1 1 1 1 1 1 1 1 1 1 1 1 1 1 1 1 1 1 1 100 1 1 1 1 1 1 1 1 1 1 1 1 1 1 1 1 1 1 1 1 1 1 1 1 1 1 1 7 1 1 1 1 1 1 1 1 1 1 1 1 1 1 1 1 1 1 1 1 1 1 1 1 1 1 1 1 1 1 1 1 1 1 1 1 1 1 1 1 1 1 1 1 1 1 1 1 1 1 1 1 1 1 12 7 12 7 12 7 12 1 1 12 12 12 12 12 12 12 12 12 12 12 12 12 12 12 12 12 12 12 12 12 12 100 12 100 12 12 12 12 12 12 12 12 12 12 12 1 12 1 1 12 1 12 12 1 12 1 12 1 12 1 12 1 12 1 12 1 12 1 12 12 12 12 12 12 12 12 12 12 12 12 12 1 1 1 1 1 1 1 1 1 1 1 1 1 1 1 1 1 1 1 1 1 1
staticfield sun/misc/Unsafe theUnsafe Lsun/misc/Unsafe; sun/misc/Unsafe
staticfield sun/misc/Unsafe ARRAY_BOOLEAN_BASE_OFFSET I 16
staticfield sun/misc/Unsafe ARRAY_BYTE_BASE_OFFSET I 16
staticfield sun/misc/Unsafe ARRAY_SHORT_BASE_OFFSET I 16
staticfield sun/misc/Unsafe ARRAY_CHAR_BASE_OFFSET I 16
staticfield sun/misc/Unsafe ARRAY_INT_BASE_OFFSET I 16
staticfield sun/misc/Unsafe ARRAY_LONG_BASE_OFFSET I 16
staticfield sun/misc/Unsafe ARRAY_FLOAT_BASE_OFFSET I 16
staticfield sun/misc/Unsafe ARRAY_DOUBLE_BASE_OFFSET I 16
staticfield sun/misc/Unsafe ARRAY_OBJECT_BASE_OFFSET I 16
staticfield sun/misc/Unsafe ARRAY_BOOLEAN_INDEX_SCALE I 1
staticfield sun/misc/Unsafe ARRAY_BYTE_INDEX_SCALE I 1
staticfield sun/misc/Unsafe ARRAY_SHORT_INDEX_SCALE I 2
staticfield sun/misc/Unsafe ARRAY_CHAR_INDEX_SCALE I 2
staticfield sun/misc/Unsafe ARRAY_INT_INDEX_SCALE I 4
staticfield sun/misc/Unsafe ARRAY_LONG_INDEX_SCALE I 8
staticfield sun/misc/Unsafe ARRAY_FLOAT_INDEX_SCALE I 4
staticfield sun/misc/Unsafe ARRAY_DOUBLE_INDEX_SCALE I 8
staticfield sun/misc/Unsafe ARRAY_OBJECT_INDEX_SCALE I 4
staticfield sun/misc/Unsafe ADDRESS_SIZE I 8
instanceKlass com/mysql/cj/protocol/a/CompressedInputStream
instanceKlass com/mysql/cj/protocol/ReadAheadInputStream
instanceKlass org/apache/hadoop/fs/FSInputStream
instanceKlass org/apache/spark/io/NioBufferedFileInputStream
instanceKlass org/apache/spark/util/ByteBufferInputStream
instanceKlass org/apache/xerces/impl/XMLEntityManager$RewindableInputStream
instanceKlass java/io/SequenceInputStream
instanceKlass java/io/ObjectInputStream
instanceKlass org/apache/spark/util/Utils$$anon$3
instanceKlass sun/nio/ch/ChannelInputStream
instanceKlass java/util/zip/ZipFile$ZipFileInputStream
instanceKlass java/io/FilterInputStream
instanceKlass java/io/FileInputStream
instanceKlass java/io/ByteArrayInputStream
ciInstanceKlass java/io/InputStream 1 1 63 10 10 100 10 100 10 10 100 7 5 0 10 8 10 7 100 1 1 1 3 1 1 1 1 1 1 1 1 1 1 100 1 1 100 100 1 1 1 1 1 1 1 1 1 12 12 1 1 12 1 1 100 12 1 12 1 1 1 1 1 1 1
ciInstanceKlass java/io/ByteArrayInputStream 1 1 62 10 9 9 9 9 10 100 10 100 10 10 7 7 1 1 1 1 1 1 1 1 1 1 1 1 1 1 1 1 1 1 1 1 1 1 1 1 1 100 1 1 12 12 12 12 12 100 12 1 1 7 12 1 1 1 1 1 1 1 1 1
ciInstanceKlass java/io/File 1 1 597 9 9 10 9 9 9 10 9 9 100 10 8 10 10 100 10 10 10 10 10 100 8 10 10 8 10 8 10 8 10 8 10 8 10 8 10 8 10 9 10 10 10 10 10 10 10 7 10 10 10 10 10 100 8 10 10 10 8 10 7 10 10 10 10 100 10 100 10 10 10 10 10 8 7 10 100 100 10 10 10 7 10 10 10 10 10 10 10 10 10 10 10 7 7 10 11 11 11 11 100 10 10 10 10 7 11 10 10 10 10 10 10 10 8 10 10 10 10 10 10 10 10 100 8 10 10 10 8 8 10 10 100 8 10 10 10 10 10 10 10 10 8 10 10 9 9 10 9 10 9 10 10 10 10 10 10 9 10 9 9 10 10 10 8 100 7 100 100 100 1 1 7 1 1 1 1 1 1 1 1 1 1 1 1 1 1 1 1 1 1 1 1 1 5 0 1 1 1 1 1 1 1 1 1 100 1 1 1 1 1 100 100 1 1 1 1 100 1 1 1 1 1 1 1 1 1 1 1 1 1 1 1 1 1 1 1 1 1 100 1 100 1 1 1 1 1 1 1 1 1 1 1 1 1 1 1 1 100 1 1 1 100 100 1 100 1 1 100 1 1 1 1 1 1 1 1 1 1 1 1 1 1 1 1 1 100 1 1 1 1 1 1 1 1 1 1 1 100 100 1 1 100 100 100 1 1 100 1 1 1 1 12 12 12 12 12 12 12 12 12 1 1 12 12 1 12 12 12 12 1 1 12 12 1 12 1 12 1 12 1 12 1 12 1 12 1 12 12 12 12 12 12 12 12 12 1 12 12 12 12 12 1 1 12 12 1 12 1 12 12 12 1 1 12 12 12 12 1 1 12 1 1 12 7 12 100 12 1 12 12 12 12 12 12 12 12 100 12 12 12 1 1 7 12 100 12 12 12 1 12 1 100 12 12 12 12 12 12 12 12 1 12 12 12 12 12 12 12 12 1 1 12 12 1 1 12 12 1 1 12 12 12 12 100 12 12 100 12 100 12 12 12 12 7 12 12 12 12 7 12 7 12 7 12 7 12 12 12 12 12 12 12 12 12 12 1 1 1 1 1 1 1 1 1 1 1 1 1 1 1 1 1 1 1 1 1 1 1 1 1 1 1 1 1 1 1 1 1 1 1 1 1 1 1 1 1 1 1 1 1 1 1 1 1 1 1 1 1 1 1 1 1 1 1 1 1 1 1 1 1 1 1 1 1 1 1 1 1 1 1 1 1 1 1 1 1 1 1 1 1 1 1 1 1 1 1 1 1 1 1 1 1 1 1 1 1 1 1 1 1 1 1 1 1 1 1 1 1 1 1 1 1 1 1 1 1
staticfield java/io/File fs Ljava/io/FileSystem; java/io/WinNTFileSystem
staticfield java/io/File separatorChar C 92
staticfield java/io/File separator Ljava/lang/String; "\"
staticfield java/io/File pathSeparatorChar C 59
staticfield java/io/File pathSeparator Ljava/lang/String; ";"
staticfield java/io/File PATH_OFFSET J 16
staticfield java/io/File PREFIX_LENGTH_OFFSET J 12
staticfield java/io/File UNSAFE Lsun/misc/Unsafe; sun/misc/Unsafe
staticfield java/io/File $assertionsDisabled Z 1
instanceKlass org/apache/spark/util/MutableURLClassLoader
instanceKlass org/codehaus/mojo/exec/URLClassLoaderBuilder$ExecJavaClassLoader
instanceKlass org/codehaus/plexus/classworlds/realm/ClassRealm
instanceKlass sun/misc/Launcher$ExtClassLoader
instanceKlass sun/misc/Launcher$AppClassLoader
ciInstanceKlass java/net/URLClassLoader 1 1 550 9 10 9 10 7 10 9 10 10 10 7 10 10 10 10 10 10 7 10 10 10 7 100 100 8 10 10 10 10 11 11 11 100 11 11 10 11 11 11 10 10 10 7 10 10 7 7 10 7 10 10 10 10 100 7 10 8 10 8 10 10 10 8 8 10 10 10 100 100 8 10 10 10 10 10 10 10 10 10 7 10 10 10 10 10 10 10 10 8 10 11 9 10 9 9 9 9 9 9 10 8 10 7 10 10 7 10 10 7 10 10 10 10 7 10 9 10 8 100 8 10 10 8 10 10 9 10 10 10 10 100 8 10 100 10 10 100 10 10 7 100 10 7 10 10 10 7 1 1 1 1 1 1 1 1 1 1 1 1 1 1 100 100 100 100 1 100 1 1 1 100 1 1 100 100 100 100 100 100 100 100 100 1 1 100 100 100 100 1 1 1 1 1 1 1 100 100 1 1 1 100 1 1 100 1 1 100 1 1 100 100 1 1 1 1 1 1 1 1 1 100 100 100 1 1 1 1 1 1 1 1 1 1 1 1 12 12 12 12 1 12 12 7 12 100 12 7 12 1 12 12 12 12 7 12 1 12 12 12 1 1 1 1 12 12 12 12 100 12 100 12 12 1 12 100 12 12 12 12 12 12 12 1 12 12 1 1 12 1 12 7 12 12 1 1 1 12 1 12 12 1 1 12 12 12 1 1 1 12 12 7 12 7 12 12 12 12 12 12 1 12 7 12 12 12 12 12 7 12 12 1 12 7 12 7 12 7 12 12 12 12 12 12 12 7 12 1 12 1 12 1 12 12 1 12 12 12 12 1 7 12 7 12 12 1 1 1 12 12 1 12 12 12 100 12 12 12 12 1 1 1 12 7 12 1 12 12 1 1 1 12 7 12 1 1 1 1 1 1 1 1 1 1 1 1 1 1 1 1 1 1 1 1 1 1 1 1 1 1 1 1 1 1 1 1 1 1 1 1 1 1 1 1 1 1 1 1 1 1 1 1 1 1 1 1 1 1 1 1 1 1 1 1 1 1 1 1 1 1 1 1 1 1 1 1 1 1 1 1 1 1 1 1 1 1 1 1 1 1 1 1 1 1 1 1 1 1 1 1 1 1 1 1 1 1 1 1 1 1 1 1 1 1 1 1 1 1 1 1 1 1 1 1 1 1 1 1 1 1 1 1 1 1 1 1 1 1 1 1 1 1 1 1 1 1 1 1 1 1 1 1 1 1 1 1 1 1 1 1
ciInstanceKlass java/net/URL 1 1 607 10 10 10 9 9 10 10 10 9 10 8 10 7 10 10 8 10 9 100 8 10 10 8 9 7 10 10 9 10 9 8 9 10 9 10 8 9 10 10 8 10 7 10 10 10 10 10 8 10 10 10 8 9 8 10 10 100 10 10 10 10 9 10 9 10 10 10 10 100 100 10 7 10 10 10 10 10 100 10 10 10 100 10 10 100 8 10 9 10 10 9 10 100 10 10 10 10 10 10 10 10 10 10 10 9 9 100 8 10 10 9 10 10 7 11 7 8 8 10 10 7 8 8 7 10 10 10 10 8 8 10 100 10 10 10 10 10 10 8 10 100 10 8 8 10 8 8 8 8 100 10 9 10 10 10 10 10 10 10 10 10 10 10 10 10 10 10 100 8 10 10 10 10 10 7 10 7 7 10 9 9 100 1 1 1 1 1 5 0 1 1 1 1 1 1 1 1 1 1 1 1 1 1 1 1 1 1 1 1 1 1 1 1 1 1 1 1 1 1 1 1 1 1 1 1 100 100 100 100 1 1 1 100 100 1 1 1 1 1 1 100 100 1 1 1 1 1 1 1 1 1 1 1 1 1 1 1 1 1 1 1 1 1 1 1 100 1 1 1 100 100 100 1 1 1 1 1 1 1 100 1 1 100 100 100 1 1 1 1 100 100 1 100 1 1 1 1 1 1 1 1 1 1 1 1 1 12 12 12 12 12 7 12 12 12 12 12 1 12 1 12 1 12 12 1 1 12 12 1 12 1 12 12 12 12 1 12 12 12 12 1 12 12 7 12 1 12 1 12 12 12 12 12 1 12 12 12 1 12 1 12 12 1 12 12 7 12 12 100 12 100 12 12 12 12 12 100 12 1 1 12 1 12 12 12 12 12 1 12 1 12 12 1 1 100 12 100 12 12 100 12 12 1 12 12 12 12 12 12 12 12 7 12 12 12 12 12 1 1 12 12 12 12 1 7 12 1 1 1 7 12 1 1 1 1 12 12 12 1 1 7 12 1 100 12 12 12 12 100 12 100 12 100 12 1 12 1 12 12 12 12 12 12 12 12 12 12 12 12 12 12 1 1 12 12 7 12 1 1 1 12 7 12 12 1 1 1 1 1 1 1 1 1 1 1 1 1 1 1 1 1 1 1 1 1 1 1 1 1 1 1 1 1 1 1 1 1 1 1 1 1 1 1 1 1 1 1 1 1 1 1 1 1 1 1 1 1 1 1 1 1 1 1 1 1 1 1 1 1 1 1 1 1 1 1 1 1 1 1 1 1 1 1 1 1 1 1 1 1 1 1 1 1 1 1 1 1 1 1 1 1 1 1 1 1 1 1 1 1 1 1 1 1 1 1 1 1 1 1 1 1 1 1 1 1 1
staticfield java/net/URL serialPersistentFields [Ljava/io/ObjectStreamField; 7 [Ljava/io/ObjectStreamField;
ciInstanceKlass java/util/jar/Manifest 1 1 265 10 7 10 9 7 10 9 9 10 10 10 10 10 11 11 10 10 100 100 10 8 10 10 10 10 11 100 10 10 11 11 11 11 100 100 8 10 11 7 8 10 10 10 8 10 10 10 11 10 10 10 8 10 7 10 10 10 100 8 10 10 8 10 10 10 10 11 10 10 10 100 7 10 11 10 11 10 7 100 1 1 1 1 1 1 1 1 1 1 1 1 1 1 1 1 1 1 1 1 1 1 1 1 1 1 1 100 1 1 1 100 100 100 100 100 1 1 1 100 100 100 100 1 1 100 1 1 1 1 1 1 1 1 1 1 12 1 12 1 12 12 12 12 12 12 12 7 12 12 100 12 1 1 1 12 12 12 12 1 12 12 12 100 12 100 12 12 1 1 1 1 12 1 1 12 12 12 1 12 12 12 12 12 12 1 12 1 12 12 12 1 1 12 1 12 7 12 12 12 12 12 7 12 12 1 1 12 12 12 1 1 1 1 1 1 1 1 1 1 1 1 1 1 1 1 1 1 1 1 1 1 1 1 1 1 1 1 1 1 1 1 1 1 1 1 1 1 1 1 1 1 1 1 1 1 1 1 1 1 1 1 1 1 1
ciInstanceKlass sun/misc/Launcher 1 1 234 9 10 10 9 9 10 10 100 100 8 10 10 9 8 10 10 8 10 10 8 10 8 100 10 10 10 100 100 100 100 10 100 10 8 10 10 10 9 7 10 9 10 7 10 10 8 10 10 10 10 10 100 10 7 10 7 10 8 7 100 1 1 7 1 7 1 7 1 1 1 1 1 1 1 1 1 1 1 1 1 1 1 1 1 1 100 100 100 100 100 100 100 100 100 1 1 1 1 1 1 100 1 1 100 1 1 100 1 1 1 1 1 1 1 1 1 12 12 12 12 12 12 12 1 1 1 12 12 12 1 7 12 12 1 7 12 100 12 1 7 12 1 1 100 12 100 12 1 1 1 1 12 1 1 12 12 12 12 1 12 12 12 1 12 1 12 12 12 12 7 12 1 12 1 12 1 1 1 1 1 1 1 1 1 1 1 1 1 1 1 1 1 1 1 1 1 1 1 1 1 1 1 1 1 1 1 1 1 1 1 1 1 1 1 1 1 1 1 1 1 1 1 1 1 1 1 1 1 1 1 1 1 1
ciInstanceKlass sun/misc/Launcher$AppClassLoader 1 1 203 8 10 100 10 7 10 10 7 10 10 10 11 9 10 10 10 10 10 10 10 10 100 10 10 10 7 8 10 10 9 10 100 10 10 10 10 100 10 100 100 10 100 10 10 100 10 7 10 10 7 7 1 1 1 1 1 1 1 1 1 1 1 100 100 1 100 1 1 1 1 100 1 1 1 1 1 1 1 1 100 1 1 1 1 1 7 12 1 12 1 12 7 12 1 12 12 7 12 7 12 12 7 12 7 12 12 12 100 12 12 12 12 1 12 12 12 1 1 7 12 12 100 12 1 12 12 12 1 12 1 1 12 1 12 12 1 12 1 7 12 12 1 1 1 1 1 1 1 1 1 1 1 1 1 1 1 1 1 1 1 1 1 1 1 1 1 1 1 1 1 1 1 1 1 1 1 1 1 1 1 1 1 1 1 1 1 1 1 1 1 1 1 1 1 1 1 1 1 1 1 1 1
staticfield sun/misc/Launcher$AppClassLoader $assertionsDisabled Z 1
ciInstanceKlass sun/misc/Launcher$ExtClassLoader 1 1 243 10 9 7 10 7 10 10 100 10 100 10 10 10 10 10 11 10 8 10 7 9 10 10 7 10 10 7 10 10 8 10 10 10 10 10 7 10 10 10 10 100 10 11 10 10 8 10 10 10 100 10 100 100 10 100 10 10 100 10 10 7 1 1 1 1 1 1 1 1 1 100 100 1 1 100 1 1 1 1 1 1 100 100 100 1 1 100 100 1 1 100 100 100 100 1 1 1 1 1 1 1 12 12 7 1 12 1 12 7 12 1 12 1 12 12 12 12 7 12 7 12 7 12 1 7 12 1 12 12 12 1 12 12 1 12 1 7 12 12 12 12 12 1 12 12 12 12 1 100 12 100 12 12 1 100 12 12 12 1 12 1 1 12 1 12 12 1 12 7 12 1 1 1 1 1 1 1 1 1 1 1 1 1 1 1 1 1 1 1 1 1 1 1 1 1 1 1 1 1 1 1 1 1 1 1 1 1 1 1 1 1 1 1 1 1 1 1 1 1 1 1 1 1 1 1 1 1 1 1 1 1 1 1 1 1 1 1 1 1 1 1 1
ciInstanceKlass java/security/CodeSource 1 1 351 10 9 9 9 9 10 100 10 100 10 7 10 10 10 100 10 10 10 10 10 100 10 10 10 10 10 10 10 10 10 10 10 10 10 8 10 10 10 10 8 10 10 100 10 10 8 10 10 10 8 8 9 100 8 10 10 8 10 8 8 8 10 10 10 10 10 10 100 100 10 10 10 10 10 100 10 10 8 10 10 10 100 10 100 100 8 8 10 10 10 100 10 10 11 10 10 11 10 10 8 100 10 10 100 10 11 11 7 100 1 1 1 5 0 1 1 1 1 1 1 1 1 1 1 1 1 1 1 1 100 100 1 1 1 1 1 1 1 1 1 100 1 1 1 1 1 1 1 100 1 1 100 1 1 100 100 100 1 1 1 100 100 100 100 100 100 100 100 1 1 1 1 12 12 12 12 12 100 12 100 7 12 1 12 12 100 1 12 100 12 12 12 1 12 100 100 12 100 12 12 100 12 12 12 12 1 12 12 12 12 1 12 1 12 1 12 12 12 1 1 12 1 1 12 12 1 12 1 1 1 100 12 12 12 12 12 12 1 1 12 12 12 100 12 12 1 12 1 12 12 12 1 12 1 1 1 1 12 100 12 1 12 12 100 12 12 12 100 1 1 12 12 1 12 12 1 1 1 1 1 1 1 1 1 1 1 1 1 1 1 1 1 1 1 1 1 1 1 1 1 1 1 1 1 1 1 1 1 1 1 1 1 1 1 1 1 1 1 1 1 1 1 1 1 1 1 1 1 1 1 1 1 1 1 1 1 1 1 1 1 1 1 1 1 1 1 1 1 1 1
ciInstanceKlass java/lang/StackTraceElement 1 1 101 10 8 10 7 9 8 9 9 9 7 10 10 10 8 10 8 8 8 10 8 10 8 7 10 10 10 10 7 100 1 1 1 1 1 1 1 1 1 5 0 1 1 1 1 1 1 1 1 1 1 1 1 1 1 100 100 100 1 1 1 1 1 12 1 7 12 1 12 1 12 12 12 1 12 12 1 12 1 1 1 12 1 12 1 1 12 12 12 12 1 1 1 1 1 1 1 1 1 1 1
instanceKlass java/nio/IntBuffer
instanceKlass java/nio/LongBuffer
instanceKlass java/nio/CharBuffer
instanceKlass java/nio/ByteBuffer
ciInstanceKlass java/nio/Buffer 1 1 106 100 10 9 9 100 100 10 8 10 10 10 10 9 10 10 8 8 8 9 10 100 10 100 10 100 10 100 10 7 7 1 1 1 3 1 1 1 1 1 1 1 1 1 1 1 100 1 1 1 1 1 1 1 1 1 1 1 1 1 1 1 1 1 1 1 1 1 1 1 1 1 1 1 1 1 1 12 12 12 1 1 1 12 12 12 12 12 12 12 1 1 1 12 1 1 1 1 1 1 1 1 1 1 1 1
ciInstanceKlass java/lang/Boolean 1 1 112 10 9 10 10 8 10 9 9 8 10 7 10 10 100 100 10 10 8 10 9 7 100 100 1 1 1 1 1 1 1 1 1 1 1 1 5 0 1 1 1 1 1 1 1 1 1 1 1 1 100 1 1 1 100 1 1 1 1 1 1 1 100 1 1 1 1 1 1 1 1 1 1 1 1 1 1 12 12 12 12 1 7 12 12 12 1 12 1 12 7 12 1 1 12 12 1 7 12 12 1 1 1 1 1 1 1 1 1 1 1 1
staticfield java/lang/Boolean TRUE Ljava/lang/Boolean; java/lang/Boolean
staticfield java/lang/Boolean FALSE Ljava/lang/Boolean; java/lang/Boolean
staticfield java/lang/Boolean TYPE Ljava/lang/Class; java/lang/Class
ciInstanceKlass java/lang/Character 1 1 460 7 100 10 9 9 10 10 10 10 3 3 3 3 3 10 10 3 11 11 10 10 100 10 10 3 10 10 10 100 10 10 10 10 10 10 10 10 10 10 10 10 10 10 10 10 10 10 10 10 10 10 10 10 10 10 10 10 10 10 10 10 10 10 10 10 10 10 10 10 5 0 10 10 10 10 10 10 10 10 10 10 9 100 10 10 10 3 10 10 100 10 10 10 10 8 10 9 10 10 10 10 8 10 9 7 100 100 7 1 1 100 1 100 1 100 1 1 1 1 3 1 3 1 1 3 1 3 1 1 1 1 1 1 1 3 1 1 3 1 3 1 3 1 3 1 3 1 3 1 3 1 3 1 3 1 3 1 3 1 3 1 3 1 3 1 3 1 3 1 3 1 3 1 3 1 3 1 3 1 3 1 3 1 3 1 3 1 3 1 3 1 3 1 1 1 1 1 1 1 1 1 1 1 1 1 1 1 1 1 1 1 3 1 1 1 3 1 1 3 1 1 1 1 1 3 1 1 1 5 0 1 1 1 1 1 1 1 1 1 1 1 1 1 1 1 1 1 1 1 1 1 1 1 1 1 1 1 1 1 1 1 1 1 1 1 1 1 1 1 1 1 1 1 1 1 1 1 1 1 1 1 1 1 1 1 1 1 1 1 1 1 1 1 1 1 1 1 1 1 1 1 1 1 1 1 1 1 1 1 1 1 1 1 1 1 1 1 1 1 1 1 1 1 1 1 1 1 1 1 1 1 1 100 100 1 1 1 1 1 1 1 1 12 12 12 12 12 12 7 12 12 12 7 12 12 12 12 1 12 12 12 12 1 12 12 12 12 12 12 7 12 12 12 12 12 12 12 12 12 12 12 12 12 12 12 12 12 12 12 12 12 12 12 12 12 12 12 12 12 12 1 12 12 100 12 12 1 12 12 12 1 100 12 100 12 12 12 7 12 1 12 12 1 1 1 1 1 1 1 1 1 1 1 1 1 1 1 1 1 1 1 1 1 1 1 1 1 1 1 1 1 1 1 1 1 1 1 1 1
staticfield java/lang/Character TYPE Ljava/lang/Class; java/lang/Class
staticfield java/lang/Character $assertionsDisabled Z 1
instanceKlass java/util/concurrent/atomic/Striped64
instanceKlass java/math/BigDecimal
instanceKlass scala/math/ScalaNumber
instanceKlass java/math/BigInteger
instanceKlass java/util/concurrent/atomic/AtomicLong
instanceKlass java/util/concurrent/atomic/AtomicInteger
instanceKlass java/lang/Long
instanceKlass java/lang/Integer
instanceKlass java/lang/Short
instanceKlass java/lang/Byte
instanceKlass java/lang/Double
instanceKlass java/lang/Float
ciInstanceKlass java/lang/Number 1 1 34 10 10 100 7 100 1 1 1 5 0 1 1 1 1 1 1 1 1 1 1 1 1 1 1 1 1 1 1 12 12 1 1 1
ciInstanceKlass java/lang/Float 1 1 175 7 100 10 10 100 4 100 10 10 8 8 10 10 10 10 4 4 4 10 9 10 10 10 10 10 10 3 3 3 10 10 10 10 8 10 9 7 100 1 1 1 1 1 4 1 1 1 4 1 1 3 1 3 1 3 1 3 1 1 1 1 1 1 1 5 0 1 1 1 1 1 1 1 1 1 7 1 1 1 1 1 1 1 1 1 1 1 1 1 1 1 1 1 1 1 1 1 1 1 1 1 1 1 1 1 1 1 1 1 1 1 1 1 1 1 1 1 1 1 1 1 1 1 1 1 7 12 100 12 1 1 12 100 12 1 1 100 12 12 12 12 12 12 12 12 12 12 12 12 12 12 12 1 7 12 12 1 1 1 1 1 1 1 1 1 1 1 1 1 1 1 1 1 1
staticfield java/lang/Float TYPE Ljava/lang/Class; java/lang/Class
ciInstanceKlass java/lang/Double 1 1 229 7 100 10 10 10 100 10 10 6 0 8 10 8 10 8 100 6 0 10 5 0 5 0 8 8 10 10 8 10 8 8 8 10 10 10 10 10 10 10 10 6 0 6 0 6 0 10 9 10 10 10 10 5 0 5 0 10 10 10 10 8 10 9 7 100 1 1 1 1 1 6 0 1 1 1 6 0 1 1 3 1 3 1 3 1 3 1 1 1 1 1 1 1 5 0 1 1 1 1 1 1 100 100 1 1 1 7 1 1 1 1 1 1 1 1 1 1 1 1 1 1 1 1 1 1 1 1 1 1 1 1 1 1 1 1 1 1 1 1 1 1 1 1 1 1 1 1 1 1 1 1 1 1 1 1 1 7 12 12 12 1 12 100 12 1 12 1 12 1 1 12 1 1 100 12 100 12 1 12 1 1 1 12 12 12 12 12 12 12 12 12 12 12 12 12 12 12 12 12 1 7 12 12 1 1 1 1 1 1 1 1 1 1 1 1 1 1 1 1 1 1 1 1 1 1 1 1 1
staticfield java/lang/Double TYPE Ljava/lang/Class; java/lang/Class
ciInstanceKlass java/lang/Byte 1 1 153 7 10 9 10 7 100 10 8 10 8 10 10 10 10 10 10 10 10 8 8 10 9 10 10 10 10 5 0 10 8 10 9 7 100 7 1 1 1 1 1 3 1 3 1 1 1 1 1 1 1 3 1 3 1 1 5 0 1 1 1 1 1 1 1 1 1 1 1 1 1 1 1 1 1 1 1 1 1 1 1 1 1 1 1 1 1 1 1 1 1 1 1 1 1 1 1 1 1 1 1 1 1 1 1 1 100 12 12 12 1 1 12 1 12 1 12 12 12 12 12 12 12 12 1 1 12 12 12 12 12 12 1 7 12 12 1 1 1 1 1 1 1 1 1 1 1 1 1 1 1 1 1
staticfield java/lang/Byte TYPE Ljava/lang/Class; java/lang/Class
ciInstanceKlass java/lang/Short 1 1 161 7 100 10 10 7 100 10 8 10 8 10 10 10 10 10 10 9 10 10 10 8 8 10 9 10 10 10 10 3 3 5 0 10 8 10 9 7 100 7 1 1 1 1 1 3 1 3 1 1 1 1 1 1 1 3 1 3 1 1 5 0 1 1 1 1 1 1 1 1 1 1 1 1 1 1 1 1 1 1 1 1 1 1 1 1 1 1 1 1 1 1 1 1 1 1 1 1 1 1 1 1 1 1 1 1 1 1 1 1 1 1 1 100 12 12 1 1 12 1 12 1 12 12 12 12 12 12 12 12 12 12 1 1 12 12 12 12 12 12 1 7 12 12 1 1 1 1 1 1 1 1 1 1 1 1 1 1 1 1 1
staticfield java/lang/Short TYPE Ljava/lang/Class; java/lang/Class
ciInstanceKlass java/lang/Integer 1 1 314 7 100 7 10 9 7 10 10 10 10 10 10 10 10 3 8 10 10 10 3 9 9 3 9 7 8 10 100 10 8 10 10 8 10 8 10 3 10 10 10 10 8 100 10 10 5 0 8 10 10 7 9 9 10 10 9 10 10 10 10 100 100 10 8 8 10 8 8 8 8 8 8 10 10 10 5 0 3 3 3 3 3 10 10 8 10 9 3 3 3 3 3 3 7 100 1 1 1 1 1 1 1 1 1 1 1 1 1 1 1 1 1 1 3 1 3 1 1 5 0 1 1 1 1 1 100 1 1 1 1 1 1 1 1 1 1 1 1 1 1 100 1 1 1 1 1 1 1 1 1 1 1 1 1 1 1 1 1 1 1 1 1 1 1 1 1 1 1 100 1 100 100 1 1 1 1 1 1 1 1 1 1 1 1 1 1 1 1 1 1 1 1 1 1 1 1 1 1 1 1 1 1 1 1 12 12 1 12 12 100 12 12 12 7 12 12 12 1 12 12 12 12 12 12 1 1 12 1 12 1 12 12 1 12 1 12 12 12 12 12 1 1 12 12 1 12 12 1 12 12 12 12 12 12 12 7 12 1 1 12 1 1 12 1 1 1 1 1 1 12 12 12 12 12 1 7 12 12 1 1 1 1 1 1 1 1 1 1 1 1 1 1 1 1 1 1 1 1 1 1 1 1 1 1 1 1 1 1 1 1 1 1 1
staticfield java/lang/Integer TYPE Ljava/lang/Class; java/lang/Class
staticfield java/lang/Integer digits [C 36
staticfield java/lang/Integer DigitTens [C 100
staticfield java/lang/Integer DigitOnes [C 100
staticfield java/lang/Integer sizeTable [I 10
ciInstanceKlass java/lang/Long 1 1 361 7 100 7 10 9 7 10 10 10 10 10 5 0 5 0 100 10 10 10 10 10 10 10 10 10 10 10 10 10 10 10 5 0 8 10 10 10 7 5 0 5 0 9 9 3 3 7 8 10 8 10 8 8 10 5 0 10 10 10 10 8 100 10 10 8 10 8 10 10 5 0 5 0 9 10 8 8 10 8 8 8 8 8 8 10 10 10 10 9 10 10 10 100 100 10 10 10 10 10 5 0 5 0 5 0 5 0 5 0 10 10 10 8 10 9 7 100 7 1 1 1 1 1 1 5 0 1 1 1 1 1 1 1 3 1 3 1 5 0 1 1 1 1 1 100 1 1 1 1 1 1 1 1 1 1 1 1 1 1 1 1 100 1 1 1 1 1 1 1 1 100 100 1 1 1 1 1 1 1 1 1 1 1 1 1 1 1 1 1 1 1 1 1 1 100 1 1 1 1 1 1 1 1 1 1 1 1 1 1 1 1 1 1 1 1 1 1 1 1 1 1 1 1 1 1 1 1 12 12 1 12 12 12 12 12 1 12 12 12 12 12 12 100 12 12 12 12 12 12 7 12 12 12 1 12 12 12 1 12 12 1 1 12 1 12 1 1 12 12 12 12 12 1 1 12 12 1 12 1 12 12 12 12 1 1 12 1 1 1 1 1 1 12 12 12 12 12 12 100 12 1 1 12 12 12 12 12 12 12 1 7 12 12 1 1 1 1 1 1 1 1 1 1 1 1 1 1 1 1 1 1 1 1 1 1 1 1 1 1 1 1 1 1 1 1 1 1 1 1 1 1 1 1 1 1 1 1 1 1 1
staticfield java/lang/Long TYPE Ljava/lang/Class; java/lang/Class
ciInstanceKlass java/lang/NullPointerException 1 1 21 10 10 100 7 1 1 1 5 0 1 1 1 1 1 1 1 12 12 1 1
ciInstanceKlass java/lang/ArithmeticException 1 1 21 10 10 100 100 1 1 1 5 0 1 1 1 1 1 1 1 12 12 1 1
ciInstanceKlass java/util/List 1 1 116 10 11 11 11 11 11 11 10 100 10 100 100 100 1 1 1 1 1 1 1 1 1 1 1 1 1 1 1 1 1 1 1 1 1 1 1 1 1 1 1 1 1 1 1 100 1 1 1 100 100 100 1 1 1 1 1 1 1 1 1 1 1 1 1 1 1 1 1 1 1 1 1 1 1 1 1 1 1 1 1 1 100 12 12 100 12 12 100 12 12 12 100 12 1 100 12 1 1 1 1 1 1 1 1 1 1 1 1 1 1 1 1 1 1 1
instanceKlass scala/collection/convert/Wrappers$IterableWrapper
instanceKlass java/util/concurrent/ConcurrentLinkedDeque
instanceKlass org/sparkproject/guava/collect/AbstractMultiset
instanceKlass org/apache/commons/collections/map/AbstractHashedMap$Values
instanceKlass com/google/common/collect/ImmutableCollection
instanceKlass java/util/AbstractMap$2
instanceKlass org/eclipse/sisu/inject/MildElements
instanceKlass org/eclipse/sisu/inject/MildValues$1
instanceKlass com/google/common/collect/AbstractMapBasedMultimap$WrappedCollection
instanceKlass com/google/common/collect/Maps$Values
instanceKlass com/google/common/collect/AbstractMultimap$Values
instanceKlass java/util/TreeMap$Values
instanceKlass com/google/common/collect/ImmutableCollection
instanceKlass java/util/AbstractQueue
instanceKlass java/util/LinkedHashMap$LinkedValues
instanceKlass java/util/HashMap$Values
instanceKlass java/util/concurrent/ConcurrentSkipListMap$Values
instanceKlass java/util/ArrayDeque
instanceKlass java/util/AbstractSet
instanceKlass java/util/AbstractList
ciInstanceKlass java/util/AbstractCollection 1 1 149 100 10 10 10 11 11 10 7 10 10 10 10 10 7 10 7 3 10 100 8 10 3 100 10 11 11 10 10 10 11 8 7 10 10 8 10 10 7 1 1 1 1 1 1 1 1 1 1 1 1 1 1 1 1 1 1 100 1 1 1 1 1 1 1 1 1 1 1 1 1 1 1 1 1 1 1 1 1 1 100 100 100 1 1 1 1 12 12 12 7 12 12 12 1 100 12 12 12 7 12 7 12 1 100 12 1 12 1 1 12 1 12 12 12 100 12 1 1 12 1 12 12 1 1 1 1 1 1 1 1 1 1 1 1 1 1 1 1 1 1 1 1 1 1 1 1 1 1
instanceKlass scala/collection/convert/Wrappers$SeqWrapper
instanceKlass org/sparkproject/jetty/util/BlockingArrayQueue
instanceKlass scala/collection/convert/Wrappers$MutableBufferWrapper
instanceKlass com/google/common/collect/Lists$Partition
instanceKlass com/google/common/collect/Lists$TransformingRandomAccessList
instanceKlass org/sparkproject/guava/collect/Lists$Partition
instanceKlass org/sparkproject/guava/collect/Lists$TransformingRandomAccessList
instanceKlass org/eclipse/aether/util/graph/visitor/Stack
instanceKlass org/apache/maven/model/merge/ModelMerger$MergingList
instanceKlass java/util/Collections$SingletonList
instanceKlass java/util/ArrayList$SubList
instanceKlass sun/security/jca/ProviderList$3
instanceKlass com/google/common/collect/Lists$TransformingRandomAccessList
instanceKlass java/util/AbstractSequentialList
instanceKlass java/util/SubList
instanceKlass java/util/Arrays$ArrayList
instanceKlass java/util/Collections$EmptyList
instanceKlass java/util/ArrayList
instanceKlass java/util/Vector
ciInstanceKlass java/util/AbstractList 1 1 172 10 9 10 10 100 10 10 11 11 11 10 10 11 11 11 10 10 11 11 11 7 10 7 10 7 7 10 100 10 7 11 10 10 11 100 10 10 100 10 8 10 10 8 10 7 7 100 1 1 1 1 1 1 1 1 1 1 1 1 1 1 1 1 1 1 1 1 1 1 1 1 1 100 1 1 1 1 100 1 1 1 1 1 1 1 1 1 1 1 100 1 1 100 1 1 100 1 1 1 1 1 1 1 1 1 12 12 12 12 1 12 7 12 12 12 7 12 12 12 12 12 12 12 100 12 7 1 12 1 12 1 1 12 1 1 12 12 1 12 12 1 1 12 12 1 12 1 1 1 1 1 1 1 1 1 1 1 1 1 1 1 1 1 1 1 1 1 1 1 1 1
instanceKlass org/apache/maven/artifact/versioning/ComparableVersion$ListItem
instanceKlass org/eclipse/sisu/bean/BeanScheduler$Pending
ciInstanceKlass java/util/ArrayList 1 1 365 100 9 10 7 9 9 100 100 10 8 10 10 10 10 9 11 10 7 7 10 9 10 10 10 10 10 3 10 100 10 3 10 10 10 100 100 10 10 10 10 10 10 10 100 10 10 8 8 10 10 11 10 10 10 100 10 10 10 10 11 10 7 10 7 10 10 7 10 8 8 8 8 8 11 7 10 7 10 11 10 10 11 10 7 100 100 100 100 1 1 1 1 1 1 1 1 5 0 1 1 3 1 1 1 1 1 1 1 1 1 1 1 100 1 1 100 1 1 1 1 1 1 1 1 1 1 1 1 1 1 1 1 1 1 1 1 1 100 1 1 1 1 1 1 1 1 1 1 1 1 1 1 1 100 1 1 1 1 1 1 1 1 1 1 1 1 1 1 1 1 1 1 100 1 1 1 1 100 1 1 100 1 1 1 1 1 1 1 1 1 1 1 1 1 1 1 100 1 1 1 1 1 1 100 100 1 1 1 1 1 1 1 1 1 1 1 1 1 1 12 12 1 12 12 1 1 1 12 12 12 12 12 7 12 12 1 7 12 12 12 12 7 12 12 12 12 1 12 12 12 1 1 12 7 12 12 12 12 12 12 1 12 1 1 7 12 12 12 100 12 12 12 1 100 12 12 100 12 100 12 12 1 12 1 12 12 1 12 1 1 1 1 1 7 12 1 12 1 12 7 12 12 12 100 12 12 1 1 1 1 1 1 1 1 1 1 1 1 1 1 1 1 1 1 1 1 1 1 1 1 1 1 1 1 1 1 1 1 1 1 1 1 1 1 1 1 1 1 1 1 1 1 1 1 1 1 1 1 1 1 1 1 1 1
staticfield java/util/ArrayList EMPTY_ELEMENTDATA [Ljava/lang/Object; 0 [Ljava/lang/Object;
staticfield java/util/ArrayList DEFAULTCAPACITY_EMPTY_ELEMENTDATA [Ljava/lang/Object; 0 [Ljava/lang/Object;
ciInstanceKlass java/util/Set 1 1 50 100 10 100 100 100 1 1 1 1 1 1 1 1 1 1 1 1 1 1 1 1 1 1 1 1 1 1 1 1 1 1 1 1 1 1 1 1 1 1 1 1 1 7 12 1 1 1 1 1
instanceKlass scala/collection/convert/Wrappers$MapWrapper$$anon$2
instanceKlass org/sparkproject/jetty/http/pathmap/PathSpecSet
instanceKlass org/sparkproject/jetty/util/RegexSet
instanceKlass java/util/concurrent/CopyOnWriteArraySet
instanceKlass org/apache/commons/collections/map/AbstractHashedMap$EntrySet
instanceKlass org/apache/commons/collections/map/AbstractHashedMap$KeySet
instanceKlass io/netty/channel/nio/SelectedSelectionKeySet
instanceKlass javax/security/auth/Subject$ClassSet
instanceKlass javax/security/auth/Subject$SecureSet
instanceKlass com/google/common/cache/LocalCache$AbstractCacheSet
instanceKlass scala/collection/convert/Wrappers$SetWrapper
instanceKlass java/util/Hashtable$KeySet
instanceKlass org/eclipse/aether/graph/Dependency$Exclusions
instanceKlass java/util/Collections$SingletonSet
instanceKlass java/lang/ProcessEnvironment$CheckedKeySet
instanceKlass java/util/AbstractMap$1
instanceKlass org/eclipse/sisu/wire/EntrySetAdapter
instanceKlass java/util/TreeMap$EntrySet
instanceKlass org/eclipse/sisu/wire/EntryMapAdapter$EntrySet
instanceKlass com/google/common/collect/Sets$ImprovedAbstractSet
instanceKlass com/google/common/collect/Sets$SetView
instanceKlass sun/util/resources/ParallelListResourceBundle$KeySet
instanceKlass java/util/LinkedHashMap$LinkedEntrySet
instanceKlass java/util/EnumSet
instanceKlass java/util/LinkedHashMap$LinkedKeySet
instanceKlass java/lang/ProcessEnvironment$CheckedEntrySet
instanceKlass java/util/TreeMap$KeySet
instanceKlass java/util/HashMap$EntrySet
instanceKlass java/util/TreeSet
instanceKlass java/util/concurrent/ConcurrentSkipListMap$EntrySet
instanceKlass java/util/concurrent/ConcurrentSkipListMap$KeySet
instanceKlass java/util/concurrent/ConcurrentSkipListSet
instanceKlass java/util/IdentityHashMap$KeySet
instanceKlass java/util/HashMap$KeySet
instanceKlass java/util/WeakHashMap$KeySet
instanceKlass java/util/Collections$SetFromMap
instanceKlass java/util/HashSet
instanceKlass java/util/Hashtable$EntrySet
instanceKlass java/util/Collections$EmptySet
ciInstanceKlass java/util/AbstractSet 1 1 75 10 7 7 11 10 10 100 100 10 11 11 10 10 11 10 11 11 7 7 1 1 1 1 1 1 1 100 100 100 1 1 100 1 1 1 1 1 1 1 12 1 1 12 12 1 1 12 7 12 12 7 12 7 12 12 12 12 1 1 1 1 1 1 1 1 1 1 1 1 1 1 1 1 1
instanceKlass org/sparkproject/guava/cache/LocalCache
instanceKlass org/apache/commons/collections/map/AbstractHashedMap
instanceKlass com/google/common/cache/LocalCache
instanceKlass com/google/common/collect/MapMaker$NullConcurrentMap
instanceKlass com/google/common/collect/MapMakerInternalMap
instanceKlass org/sparkproject/guava/collect/MapMaker$NullConcurrentMap
instanceKlass org/sparkproject/guava/collect/MapMakerInternalMap
instanceKlass scala/collection/convert/Wrappers$MapWrapper
instanceKlass java/util/Collections$SingletonMap
instanceKlass org/eclipse/sisu/wire/EntryMapAdapter
instanceKlass com/google/common/collect/Maps$ViewCachingAbstractMap
instanceKlass com/google/common/collect/MapMakerInternalMap
instanceKlass org/eclipse/sisu/wire/MergedProperties
instanceKlass com/google/common/cache/LocalCache
instanceKlass java/util/EnumMap
instanceKlass java/util/TreeMap
instanceKlass java/util/concurrent/ConcurrentSkipListMap
instanceKlass java/util/IdentityHashMap
instanceKlass java/util/concurrent/ConcurrentHashMap
instanceKlass sun/util/PreHashedMap
instanceKlass java/util/WeakHashMap
instanceKlass java/util/HashMap
instanceKlass java/util/Collections$EmptyMap
ciInstanceKlass java/util/AbstractMap 1 1 161 10 10 10 11 10 11 11 11 7 11 10 11 100 10 11 11 10 11 9 7 10 9 7 10 7 11 11 11 100 100 11 8 100 10 10 8 10 10 10 7 7 100 1 1 100 1 1 1 1 1 1 1 1 1 1 1 1 1 1 1 1 1 1 1 100 1 1 1 1 1 1 1 1 100 100 1 1 1 1 1 100 1 1 100 1 1 1 1 1 100 100 100 1 1 1 100 100 1 1 1 7 1 1 1 1 1 1 12 12 12 7 12 12 7 12 12 1 12 12 12 1 12 12 12 12 1 12 12 1 1 12 12 1 1 12 1 1 12 1 12 12 12 1 1 1 1 1 1 1 1 1 1 1 1 1 1 1 1 1 1
instanceKlass com/thoughtworks/paranamer/BytecodeReadingParanamer$1
instanceKlass org/antlr/v4/runtime/atn/Transition$1
instanceKlass org/sparkproject/jetty/util/MultiMap$1
instanceKlass org/sparkproject/jetty/util/MultiMap
instanceKlass sun/nio/ch/WindowsSelectorImpl$FdMap
instanceKlass org/apache/maven/artifact/versioning/ManagedVersionMap
instanceKlass java/lang/ProcessEnvironment
instanceKlass java/util/LinkedHashMap
ciInstanceKlass java/util/HashMap 1 1 511 10 100 10 100 10 100 11 11 11 7 3 10 100 100 10 8 10 10 10 10 10 8 10 9 10 9 4 10 10 11 9 4 10 11 11 11 11 7 11 11 10 10 9 10 9 9 9 10 9 7 10 10 10 10 10 9 10 100 3 7 7 10 10 9 9 10 10 10 10 9 7 10 9 7 10 9 7 10 100 10 11 11 11 100 10 10 100 100 10 10 10 10 10 10 10 8 10 100 10 4 10 4 10 10 10 8 4 10 100 11 10 10 10 10 7 7 100 100 1 1 100 1 100 1 100 1 100 1 100 1 100 1 100 1 100 1 100 1 1 1 1 1 1 1 1 5 0 1 1 3 1 1 1 1 3 1 3 1 3 1 1 1 1 1 1 1 1 1 1 1 1 1 1 1 1 1 1 1 100 100 100 100 1 1 1 1 1 1 1 1 100 1 1 1 1 1 1 100 1 1 1 1 1 1 100 1 1 1 1 1 1 1 1 1 1 1 1 1 1 1 1 1 100 1 1 1 1 1 1 1 1 1 1 100 1 1 1 100 1 1 1 1 1 1 1 1 1 1 1 100 1 1 1 100 1 1 1 1 1 1 1 1 1 1 1 1 1 100 1 1 1 1 1 100 1 1 100 100 100 1 1 1 1 1 1 1 1 1 1 1 1 1 1 1 1 1 1 1 1 1 1 1 7 12 1 12 1 100 12 1 12 12 12 1 12 1 1 1 12 12 12 12 7 12 1 12 12 12 12 12 12 12 12 12 12 7 12 7 12 12 1 12 12 12 12 12 12 12 12 12 12 12 1 12 12 12 12 12 12 12 1 1 12 12 12 12 12 12 12 12 1 12 12 1 12 1 1 7 12 100 12 100 12 1 12 1 1 12 12 12 100 12 12 12 100 12 100 12 1 100 12 12 12 12 1 100 12 1 100 12 12 12 12 1 1 1 1 1 1 1 1 1 1 1 1 1 1 1 1 1 1 1 1 1 1 1 1 1 1 1 1 1 1 1 1 1 1 1 1 1 1 1 1 1 1 1 1 1 1 1 1 1 1 1 1 1 1 1 1 1 1 1 1 1 1 1 1 1 1 1 1 1 1 1 1 1 1 1 1 1 1 1 1 1 1 1 1 1 1 1 1 1 1 1 1 1 1 1 1 1
ciInstanceKlass java/util/Map$Entry 1 0 156 18 100 100 18 10 18 18 10 10 8 10 8 8 8 10 10 8 10 10 8 10 8 10 8 10 8 8 10 100 8 10 11 11 11 100 11 100 100 1 1 1 1 1 1 1 1 1 1 1 1 1 1 1 1 1 1 1 1 1 1 1 1 1 1 1 1 100 1 1 1 1 1 1 1 1 1 1 15 16 15 16 3 3 12 1 1 15 100 12 15 12 15 100 12 100 12 12 12 12 12 1 12 1 12 1 12 12 1 1 12 12 12 12 1 12 100 1 1 10 11 11 1 1 11 11 1 1 1 1 1 1 1 1 1 1 1 1 1 1 1 1 100 12 12 12 12 12 1 1 100 1 1 100 1 1
instanceKlass java/util/LinkedHashMap$Entry
ciInstanceKlass java/util/HashMap$Node 1 1 85 10 9 9 9 9 100 10 10 8 10 10 10 100 11 10 11 7 7 1 1 1 1 1 1 1 1 1 1 1 1 1 1 1 1 1 1 1 1 1 1 1 1 1 1 1 1 1 1 1 1 1 1 1 1 1 12 12 12 12 12 1 12 1 12 12 7 12 100 1 12 12 12 100 1 1 1 1 1 1 1 1 1 1 1
ciInstanceKlass java/lang/Math 1 1 289 10 10 10 10 10 10 10 6 0 7 6 0 10 10 10 10 10 10 10 10 10 10 10 10 100 3 3 3 10 100 5 0 5 0 5 0 5 0 5 0 9 10 100 8 10 8 10 100 5 0 5 0 100 3 5 0 3 10 10 9 9 10 10 7 6 0 9 100 10 10 10 10 10 4 10 10 10 10 10 10 10 10 10 10 10 10 5 0 5 0 3 6 0 4 6 0 6 0 7 4 4 6 0 10 9 10 9 10 4 6 0 100 7 1 1 1 1 1 6 0 1 1 1 1 1 1 1 1 1 1 1 1 1 1 1 1 1 1 1 1 1 1 1 1 1 1 1 1 1 1 1 1 1 1 1 1 1 1 1 1 1 1 1 1 1 1 1 1 1 1 1 1 1 1 1 1 1 1 1 1 1 1 1 1 1 1 1 1 1 1 1 1 1 1 1 1 1 1 1 1 1 1 1 12 7 12 12 12 12 12 12 1 12 12 12 12 12 12 12 12 12 12 12 12 1 12 1 12 7 12 1 1 12 1 12 1 1 12 12 12 12 12 12 1 12 1 12 12 12 12 12 12 12 12 12 12 12 12 12 12 12 12 1 12 12 12 12 7 12 1 1 1 1 1 1 1 1 1 1 1 1 1 1 1 1 1 1 1
staticfield java/lang/Math $assertionsDisabled Z 1
ciInstanceKlass java/util/Arrays 1 1 810 10 100 7 10 8 10 10 8 8 10 10 100 10 10 10 10 10 10 10 10 10 7 10 100 10 10 100 10 10 100 10 10 100 10 10 100 10 10 100 10 10 100 10 10 9 10 100 10 10 10 100 10 10 7 10 10 10 10 10 10 10 7 11 10 10 10 10 10 10 10 10 11 10 100 10 10 100 10 10 100 10 10 100 10 10 10 10 10 10 10 10 10 10 10 10 10 10 10 7 10 10 8 7 10 10 10 100 10 100 10 100 10 100 10 100 10 100 10 100 10 100 10 10 9 100 10 10 10 10 10 10 10 10 10 10 8 8 10 10 8 10 10 10 10 100 3 10 100 10 10 11 10 10 10 10 10 10 10 10 10 11 8 10 11 11 11 11 18 11 11 18 11 18 11 18 100 10 10 10 10 10 10 10 10 10 10 10 10 10 10 10 10 10 10 10 10 10 1 1 7 1 100 1 1 1 1 3 1 3 1 1 1 1 1 1 1 1 1 1 1 1 1 1 1 1 1 1 1 1 1 1 1 1 1 1 1 1 1 1 1 100 1 1 1 1 1 1 1 1 1 1 1 1 1 1 1 1 1 1 1 1 1 1 1 1 1 1 1 1 1 1 1 1 1 1 1 1 1 1 1 100 1 1 1 1 100 1 1 1 1 1 1 1 1 1 1 1 1 1 1 1 1 1 1 1 1 1 1 1 1 1 1 1 1 1 1 1 1 1 1 1 1 1 1 1 1 1 1 1 1 1 1 1 1 1 1 1 1 1 1 1 1 1 1 1 1 1 1 1 1 1 1 1 1 1 1 1 1 1 1 1 1 100 1 1 1 1 1 1 1 1 1 1 100 1 1 1 1 1 1 1 1 1 1 1 1 1 100 1 1 1 100 1 1 1 100 1 1 1 1 1 1 1 1 1 1 1 1 1 1 1 1 1 1 1 1 1 1 1 1 1 12 1 1 1 12 12 1 1 12 12 1 12 100 12 12 12 12 12 12 12 12 1 100 12 100 1 1 1 12 12 100 1 1 12 100 1 1 12 100 1 1 12 100 1 1 12 100 1 1 12 100 1 1 12 12 7 12 100 1 1 12 7 12 7 12 1 12 1 12 12 7 12 100 12 12 12 12 1 12 12 7 12 12 12 100 12 12 12 7 12 7 12 100 1 1 12 1 1 12 1 1 12 1 1 12 12 12 12 12 12 12 100 12 12 100 12 12 12 12 12 1 7 12 12 1 1 12 12 12 1 12 1 12 1 12 1 12 1 12 1 12 1 12 1 12 12 12 1 12 12 12 12 12 12 12 12 12 1 1 12 12 1 12 12 12 7 12 1 1 12 100 12 12 12 12 12 12 12 12 12 12 12 1 12 7 12 100 12 12 1 15 16 15 12 12 100 12 15 12 100 12 15 12 100 12 15 12 1 7 12 12 12 12 12 12 12 12 12 12 7 12 12 12 12 12 12 12 12 12 12 12 1 1 1 1 1 1 1 1 1 1 1 1 1 1 1 1 1 1 1 1 1 1 1 100 1 1 1 1 1 1 1 1 1 1 1 1 1 1 1 1 1 1 1 1 1 1 1 1 1 1 1 1 1 1 1 1 1 1 1 1 1 1 1 1 1 1 1 1 1 1 1 1 1 1 1 1 1 1 1 1 1 1 1 1 1 1 1 1 1 1 1 1 1 1 1 1 1 1 1 1 1 1 1 10 10 1 1 1 1 1 1 1 10 1 1 1 1 10 1 1 1 1 10 1 1 1 1 1 1 1 1 1 1 1 1 1 1 1 1 1 1 1 1 100 12 12 12 12 12 1 1 100 1 1 100 1 1
staticfield java/util/Arrays $assertionsDisabled Z 1
instanceKlass java/util/LinkedHashSet
ciInstanceKlass java/util/HashSet 1 1 255 10 7 10 9 11 4 10 10 10 10 7 10 10 11 10 10 10 9 10 10 10 10 7 10 100 100 10 10 10 10 10 10 11 11 10 10 10 100 100 10 8 10 10 10 10 10 10 8 10 4 10 4 10 8 4 10 100 10 11 100 10 7 10 7 10 7 7 100 100 1 1 1 5 0 1 1 1 1 1 1 1 1 1 1 1 1 1 1 1 1 1 1 1 1 1 1 1 1 1 1 1 1 1 1 1 100 1 1 100 1 100 1 1 100 100 100 100 1 1 1 1 1 1 1 12 1 12 7 12 7 12 12 12 12 1 12 12 12 12 12 12 12 12 12 1 1 1 12 100 12 12 12 12 12 100 12 12 12 100 12 12 1 1 1 12 12 12 12 12 100 12 1 12 12 12 1 100 12 100 1 1 1 12 100 12 1 12 1 1 12 1 1 1 1 1 1 1 1 1 1 1 1 1 1 1 1 1 1 1 1 1 1 1 1 1 1 1 1 1 1 1 1 1 1 100 1 1 1 1 1 1 1 1 1 1 1 1 1 1 1 1 1 1 1 100 1 1 1 1 1 1 1 1 1
staticfield java/util/HashSet PRESENT Ljava/lang/Object; java/lang/Object
instanceKlass com/mysql/cj/util/LRUCache
instanceKlass org/apache/hadoop/metrics2/lib/Interns$CacheWith2Keys$2
instanceKlass org/apache/hadoop/metrics2/lib/Interns$CacheWith2Keys$1
instanceKlass java/io/ExpiringCache$1
ciInstanceKlass java/util/LinkedHashMap 1 1 234 9 9 9 9 10 7 10 10 9 9 9 10 100 10 10 10 10 9 9 10 10 10 10 10 10 10 10 9 10 9 7 10 9 7 10 9 7 10 100 10 11 100 10 11 7 7 100 100 1 1 100 1 100 1 100 1 1 1 1 1 1 1 1 5 0 1 1 1 1 1 1 1 1 1 1 1 1 100 1 1 1 1 1 1 1 7 1 1 1 1 1 1 1 1 1 1 1 1 1 1 1 1 1 1 1 100 100 1 1 1 100 1 1 1 1 1 1 1 1 100 1 1 1 1 1 1 1 1 100 1 1 1 1 100 1 1 1 100 1 1 1 1 1 1 1 1 1 1 1 1 12 12 12 12 12 1 12 12 12 12 12 12 1 12 12 12 12 12 100 12 12 12 12 12 100 12 12 12 12 12 1 12 12 1 12 1 1 100 12 1 100 12 1 1 1 1 1 1 1 1 1 1 1 1 1 1 1 1 1 1 1 1 1 1 1 1 1 1 1 1 1 1 1 1 1 1 1 1 1 1 1 1 1
ciInstanceKlass java/io/ExpiringCache$1 1 1 45 9 10 10 10 7 7 1 1 1 1 1 1 1 100 1 1 1 1 1 100 1 1 1 1 1 7 12 12 12 12 12 1 1 100 1 1 1 1 1 1 1 1 1 1
instanceKlass java/util/HashMap$TreeNode
ciInstanceKlass java/util/LinkedHashMap$Entry 1 1 27 10 100 7 1 1 1 1 1 1 1 1 1 1 1 1 1 1 1 1 12 100 1 100 1 1 1
ciInstanceKlass java/util/HashMap$TreeNode 0 0 182 100 10 9 9 100 9 9 9 10 100 10 9 9 9 10 10 10 10 10 10 10 10 10 9 10 10 10 10 9 10 10 10 10 10 10 10 100 1 1 1 1 1 1 1 1 1 1 1 1 1 100 1 1 1 1 1 1 1 1 100 1 1 1 100 100 1 1 1 100 100 1 1 1 1 1 1 1 1 1 1 1 1 1 1 100 1 1 1 1 1 1 1 1 1 1 1 1 1 1 1 1 1 1 1 1 1 1 1 12 12 12 1 12 12 12 12 1 12 12 12 12 100 12 12 12 12 12 12 100 12 100 12 100 12 12 12 12 12 12 12 12 12 12 12 12 12 100 1 1 1 1 1 1 1 1 1 1 1 1 1 1 1 1 1 1 1 1 1 1 1 1 1 1 1 1 1 1 1 1 1 1
ciInstanceKlass sun/misc/URLClassPath$JarLoader 1 1 549 7 9 9 9 9 9 10 9 9 7 8 8 7 10 10 8 10 10 10 10 9 10 10 10 10 7 10 10 10 10 8 10 10 7 10 10 7 10 100 10 10 9 11 8 10 10 7 10 10 7 10 10 7 10 10 10 10 8 9 10 100 10 100 10 10 10 10 100 100 7 10 8 10 10 10 11 11 7 10 10 10 10 10 10 7 10 10 10 10 7 10 7 10 10 7 100 10 10 10 10 11 10 100 8 10 10 10 11 10 10 9 10 10 10 7 10 10 10 10 10 10 10 9 8 8 10 10 100 10 10 10 10 9 10 10 10 10 10 10 8 10 10 10 100 10 7 1 1 1 1 1 1 1 1 1 1 1 1 1 1 1 1 1 1 1 1 1 1 1 1 1 1 1 1 100 100 100 100 100 100 1 1 1 1 1 1 1 1 1 100 1 1 100 100 1 100 1 1 1 1 100 100 100 1 1 100 100 1 1 100 1 1 1 100 100 100 1 1 1 1 1 1 100 1 1 1 1 1 100 1 1 1 1 1 1 1 1 1 1 1 1 1 1 1 1 1 1 1 1 1 1 1 1 12 12 12 12 12 12 12 12 1 1 1 12 12 1 12 12 12 12 12 12 12 12 7 12 1 12 7 12 12 12 1 12 12 1 12 7 12 1 12 1 7 12 12 12 100 12 1 12 1 1 12 1 12 12 12 1 12 100 12 1 12 1 12 12 12 12 1 1 1 12 1 12 12 12 7 12 12 1 12 12 7 12 12 12 12 1 12 7 12 7 12 1 12 1 7 12 7 12 1 1 12 12 12 12 7 12 12 1 1 12 7 12 7 12 12 7 12 7 12 7 12 12 7 12 1 12 12 12 12 12 12 12 1 1 100 12 100 12 1 12 12 12 12 12 12 12 12 12 12 1 12 100 12 12 1 12 1 1 1 1 1 1 1 1 1 1 1 1 1 1 1 1 1 1 1 1 1 1 1 1 1 1 1 1 1 1 1 1 1 1 1 1 1 1 1 1 1 1 1 1 1 1 1 1 1 1 1 1 1 1 1 1 1 1 1 1 1 1 1 1 1 1 1 1 1 1 1 1 1 1 1 1 1 1 1 1 1 1 1 1 1 1 1 1 1 1 1 1 1 1 1 1 1 1 1 1 1 1 1 1 1 1 1 1 1 1 1 1 1 1 1 1 1 1 1 1 1 1 1 1 1 1 1 1 1 1 1 1 1 1 1 1 1 1 1
staticfield sun/misc/URLClassPath$JarLoader zipAccess Lsun/misc/JavaUtilZipFileAccess; java/util/zip/ZipFile$1
ciInstanceKlass java/util/jar/Attributes$Name 1 1 175 10 9 100 8 10 10 100 10 10 9 10 10 10 10 10 7 9 11 10 8 10 9 8 9 8 9 8 9 8 9 8 9 8 9 8 9 8 9 8 9 8 9 8 9 8 9 8 9 8 9 8 9 8 9 7 1 1 1 1 1 1 1 1 1 1 1 1 1 1 1 1 1 1 1 1 1 1 1 1 1 1 1 1 1 1 1 1 100 100 1 1 1 1 1 1 1 100 1 1 1 1 1 1 1 12 12 1 12 12 1 7 12 12 12 12 12 12 12 100 1 7 12 7 12 12 1 12 1 12 1 12 1 12 1 12 1 12 1 12 1 12 1 12 1 12 1 12 1 12 1 12 1 12 1 12 1 12 1 12 1 1 1 1 1 1 1 1 1 1 1 1 1 1 1
staticfield java/util/jar/Attributes$Name MANIFEST_VERSION Ljava/util/jar/Attributes$Name; java/util/jar/Attributes$Name
staticfield java/util/jar/Attributes$Name SIGNATURE_VERSION Ljava/util/jar/Attributes$Name; java/util/jar/Attributes$Name
staticfield java/util/jar/Attributes$Name CONTENT_TYPE Ljava/util/jar/Attributes$Name; java/util/jar/Attributes$Name
staticfield java/util/jar/Attributes$Name CLASS_PATH Ljava/util/jar/Attributes$Name; java/util/jar/Attributes$Name
staticfield java/util/jar/Attributes$Name MAIN_CLASS Ljava/util/jar/Attributes$Name; java/util/jar/Attributes$Name
staticfield java/util/jar/Attributes$Name SEALED Ljava/util/jar/Attributes$Name; java/util/jar/Attributes$Name
staticfield java/util/jar/Attributes$Name EXTENSION_LIST Ljava/util/jar/Attributes$Name; java/util/jar/Attributes$Name
staticfield java/util/jar/Attributes$Name EXTENSION_NAME Ljava/util/jar/Attributes$Name; java/util/jar/Attributes$Name
staticfield java/util/jar/Attributes$Name EXTENSION_INSTALLATION Ljava/util/jar/Attributes$Name; java/util/jar/Attributes$Name
staticfield java/util/jar/Attributes$Name IMPLEMENTATION_TITLE Ljava/util/jar/Attributes$Name; java/util/jar/Attributes$Name
staticfield java/util/jar/Attributes$Name IMPLEMENTATION_VERSION Ljava/util/jar/Attributes$Name; java/util/jar/Attributes$Name
staticfield java/util/jar/Attributes$Name IMPLEMENTATION_VENDOR Ljava/util/jar/Attributes$Name; java/util/jar/Attributes$Name
staticfield java/util/jar/Attributes$Name IMPLEMENTATION_VENDOR_ID Ljava/util/jar/Attributes$Name; java/util/jar/Attributes$Name
staticfield java/util/jar/Attributes$Name IMPLEMENTATION_URL Ljava/util/jar/Attributes$Name; java/util/jar/Attributes$Name
staticfield java/util/jar/Attributes$Name SPECIFICATION_TITLE Ljava/util/jar/Attributes$Name; java/util/jar/Attributes$Name
staticfield java/util/jar/Attributes$Name SPECIFICATION_VERSION Ljava/util/jar/Attributes$Name; java/util/jar/Attributes$Name
staticfield java/util/jar/Attributes$Name SPECIFICATION_VENDOR Ljava/util/jar/Attributes$Name; java/util/jar/Attributes$Name
instanceKlass java/nio/channels/WritePendingException
instanceKlass java/nio/channels/ClosedSelectorException
instanceKlass java/nio/channels/ConnectionPendingException
instanceKlass java/nio/channels/NotYetConnectedException
instanceKlass java/nio/channels/CancelledKeyException
instanceKlass io/netty/util/concurrent/BlockingOperationException
instanceKlass org/apache/spark/rpc/RpcEnvStoppedException
instanceKlass org/eclipse/aether/SyncContext$FailedToAcquireLockException
instanceKlass java/nio/channels/OverlappingFileLockException
instanceKlass org/apache/http/conn/ssl/SSLInitializationException
instanceKlass java/util/concurrent/CancellationException
ciInstanceKlass java/lang/IllegalStateException 1 1 27 10 10 10 10 100 7 1 1 1 5 0 1 1 1 1 1 1 1 1 1 12 12 12 12 1 1
ciInstanceKlass java/lang/ProcessEnvironment 1 1 276 9 10 10 10 10 100 7 10 8 10 8 10 10 8 100 10 7 10 10 10 10 10 10 7 10 10 100 10 10 7 10 10 10 10 9 11 9 9 10 7 7 10 7 10 10 9 10 10 10 11 11 11 7 11 11 8 10 10 10 10 10 10 10 10 10 10 7 10 7 10 10 10 10 10 7 10 11 7 100 1 1 1 1 1 1 100 1 1 1 1 5 0 1 1 3 1 1 1 1 1 1 1 1 1 1 1 1 1 1 1 1 1 1 1 1 1 1 1 1 1 1 1 1 1 1 1 1 1 1 1 1 1 1 1 1 1 1 1 1 1 1 1 1 100 100 100 100 100 100 1 1 1 1 1 1 1 1 1 1 1 1 1 1 1 1 12 12 12 12 12 1 1 12 1 12 1 12 12 1 1 1 12 12 12 12 12 12 1 12 12 1 12 12 1 12 12 12 12 12 12 1 1 1 12 7 12 12 7 12 7 12 12 1 12 12 1 12 12 12 12 12 12 12 12 12 12 1 12 1 12 12 12 1 12 12 1 1 1 1 1 1 1 1 1 1 1 1 1 1 1 1 1 1 1 1 1 1 1 1 1 1 1 1 1 1 1 1 1 1 1 1 1 1 1 1
staticfield java/lang/ProcessEnvironment nameComparator Ljava/lang/ProcessEnvironment$NameComparator; java/lang/ProcessEnvironment$NameComparator
staticfield java/lang/ProcessEnvironment entryComparator Ljava/lang/ProcessEnvironment$EntryComparator; java/lang/ProcessEnvironment$EntryComparator
staticfield java/lang/ProcessEnvironment theEnvironment Ljava/lang/ProcessEnvironment; java/lang/ProcessEnvironment
staticfield java/lang/ProcessEnvironment theUnmodifiableEnvironment Ljava/util/Map; java/util/Collections$UnmodifiableMap
staticfield java/lang/ProcessEnvironment theCaseInsensitiveEnvironment Ljava/util/Map; java/util/TreeMap
ciInstanceKlass java/lang/AssertionError 0 0 66 10 10 10 10 100 10 10 10 10 10 10 10 10 100 100 1 1 1 5 0 1 1 1 1 1 1 1 100 100 1 1 1 1 1 1 1 1 1 12 12 100 12 1 12 12 12 12 12 12 12 12 1 1 1 1 1 1 1 1 1 1 1 1 1 1
instanceKlass org/objectweb/asm/MethodTooLargeException
instanceKlass org/objectweb/asm/ClassTooLargeException
instanceKlass java/lang/ArrayIndexOutOfBoundsException
instanceKlass java/lang/StringIndexOutOfBoundsException
ciInstanceKlass java/lang/IndexOutOfBoundsException 0 0 21 10 10 100 100 1 1 1 5 0 1 1 1 1 1 1 1 12 12 1 1
ciInstanceKlass sun/misc/ProxyGenerator$ConstantPool$IndirectEntry 1 1 55 100 10 9 9 9 10 10 7 7 1 1 1 1 1 1 1 1 1 1 1 1 1 1 100 1 1 1 1 1 1 1 12 12 12 12 7 12 12 100 1 1 1 1 1 1 1 100 1 1 1 1 1 1 1
ciInstanceKlass org/antlr/v4/runtime/IntStream 1 0 28 100 100 1 1 1 3 1 1 8 1 1 1 1 1 1 1 1 1 1 1 1 1 1 1 1 1 1
ciInstanceKlass org/antlr/v4/runtime/TokenStream 1 0 19 100 100 100 1 1 1 1 1 1 1 1 1 1 1 1 1 1 1
instanceKlass org/apache/spark/sql/catalyst/parser/SqlBaseParser$IntervalUnitContext
instanceKlass org/apache/spark/sql/catalyst/parser/SqlBaseParser$AssignmentContext
instanceKlass org/apache/spark/sql/catalyst/parser/SqlBaseParser$FunctionNameContext
instanceKlass org/apache/spark/sql/catalyst/parser/SqlBaseParser$NonReservedContext
instanceKlass org/apache/spark/sql/catalyst/parser/SqlBaseParser$AnsiNonReservedContext
instanceKlass org/apache/spark/sql/catalyst/parser/SqlBaseParser$QuotedIdentifierContext
instanceKlass org/apache/spark/sql/catalyst/parser/SqlBaseParser$JoinTypeContext
instanceKlass org/apache/spark/sql/catalyst/parser/SqlBaseParser$ErrorCapturingIdentifierExtraContext
instanceKlass org/apache/spark/sql/catalyst/parser/SqlBaseParser$QualifiedNameListContext
instanceKlass org/apache/spark/sql/catalyst/parser/SqlBaseParser$PredicateOperatorContext
instanceKlass org/apache/spark/sql/catalyst/parser/SqlBaseParser$ArithmeticOperatorContext
instanceKlass org/apache/spark/sql/catalyst/parser/SqlBaseParser$TablePropertyValueContext
instanceKlass org/apache/spark/sql/catalyst/parser/SqlBaseParser$StrictNonReservedContext
instanceKlass org/apache/spark/sql/catalyst/parser/SqlBaseParser$MultipartIdentifierListContext
instanceKlass org/apache/spark/sql/catalyst/parser/SqlBaseParser$QualifiedColTypeWithPositionListContext
instanceKlass org/apache/spark/sql/catalyst/parser/SqlBaseParser$UnsupportedHiveNativeCommandsContext
instanceKlass org/apache/spark/sql/catalyst/parser/SqlBaseParser$PartitionSpecLocationContext
instanceKlass org/apache/spark/sql/catalyst/parser/SqlBaseParser$IdentifierCommentListContext
instanceKlass org/apache/spark/sql/catalyst/parser/SqlBaseParser$IdentifierCommentContext
instanceKlass org/apache/spark/sql/catalyst/parser/SqlBaseParser$AlterColumnActionContext
instanceKlass org/apache/spark/sql/catalyst/parser/SqlBaseParser$ErrorCapturingMultiUnitsIntervalContext
instanceKlass org/apache/spark/sql/catalyst/parser/SqlBaseParser$OrderedIdentifierContext
instanceKlass org/apache/spark/sql/catalyst/parser/SqlBaseParser$OrderedIdentifierListContext
instanceKlass org/apache/spark/sql/catalyst/parser/SqlBaseParser$ErrorCapturingUnitToUnitIntervalContext
instanceKlass org/apache/spark/sql/catalyst/parser/SqlBaseParser$ComparisonOperatorContext
instanceKlass org/apache/spark/sql/catalyst/parser/SqlBaseParser$MultiInsertQueryBodyContext
instanceKlass org/apache/spark/sql/catalyst/parser/SqlBaseParser$NamedExpressionSeqContext
instanceKlass org/apache/spark/sql/catalyst/parser/SqlBaseParser$ErrorCapturingIdentifierContext
instanceKlass org/apache/spark/sql/catalyst/parser/SqlBaseParser$TablePropertyKeyContext
instanceKlass org/apache/spark/sql/catalyst/parser/SqlBaseParser$HintStatementContext
instanceKlass org/apache/spark/sql/catalyst/parser/SqlBaseParser$SkewSpecContext
instanceKlass org/apache/spark/sql/catalyst/parser/SqlBaseParser$StorageHandlerContext
instanceKlass org/apache/spark/sql/catalyst/parser/SqlBaseParser$DescribeFuncNameContext
instanceKlass org/apache/spark/sql/catalyst/parser/SqlBaseParser$DescribeColNameContext
instanceKlass org/apache/spark/sql/catalyst/parser/SqlBaseParser$TablePropertyContext
instanceKlass org/apache/spark/sql/catalyst/parser/SqlBaseParser$TableProviderContext
instanceKlass org/apache/spark/sql/catalyst/parser/SqlBaseParser$ColPositionContext
instanceKlass org/apache/spark/sql/catalyst/parser/SqlBaseParser$WhenClauseContext
instanceKlass org/apache/spark/sql/catalyst/parser/SqlBaseParser$WindowFrameContext
instanceKlass org/apache/spark/sql/catalyst/parser/SqlBaseParser$JoinCriteriaContext
instanceKlass org/apache/spark/sql/catalyst/parser/SqlBaseParser$GroupingSetContext
instanceKlass org/apache/spark/sql/catalyst/parser/SqlBaseParser$NamedWindowContext
instanceKlass org/apache/spark/sql/catalyst/parser/SqlBaseParser$FunctionTableContext
instanceKlass org/apache/spark/sql/catalyst/parser/SqlBaseParser$PivotColumnContext
instanceKlass org/apache/spark/sql/catalyst/parser/SqlBaseParser$MatchedClauseContext
instanceKlass org/apache/spark/sql/catalyst/parser/SqlBaseParser$NotMatchedClauseContext
instanceKlass org/apache/spark/sql/catalyst/parser/SqlBaseParser$SetClauseContext
instanceKlass org/apache/spark/sql/catalyst/parser/SqlBaseParser$SetQuantifierContext
instanceKlass org/apache/spark/sql/catalyst/parser/SqlBaseParser$PartitionValContext
instanceKlass org/apache/spark/sql/catalyst/parser/SqlBaseParser$TableAliasContext
instanceKlass org/apache/spark/sql/catalyst/parser/SqlBaseParser$HavingClauseContext
instanceKlass org/apache/spark/sql/catalyst/parser/SqlBaseParser$TransformClauseContext
instanceKlass org/apache/spark/sql/catalyst/parser/SqlBaseParser$SelectClauseContext
instanceKlass org/apache/spark/sql/catalyst/parser/SqlBaseParser$WhereClauseContext
instanceKlass org/apache/spark/sql/catalyst/parser/SqlBaseParser$StrictIdentifierContext
instanceKlass org/apache/spark/sql/catalyst/parser/SqlBaseParser$NamespaceContext
instanceKlass org/apache/spark/sql/catalyst/parser/SqlBaseParser$ResourceContext
instanceKlass org/apache/spark/sql/catalyst/parser/SqlBaseParser$BooleanValueContext
instanceKlass org/apache/spark/sql/catalyst/parser/SqlBaseParser$NestedConstantListContext
instanceKlass org/apache/spark/sql/catalyst/parser/SqlBaseParser$ConstantListContext
instanceKlass org/apache/spark/sql/catalyst/parser/SqlBaseParser$CreateFileFormatContext
instanceKlass org/apache/spark/sql/catalyst/parser/SqlBaseParser$FileFormatContext
instanceKlass org/apache/spark/sql/catalyst/parser/SqlBaseParser$RowFormatContext
instanceKlass org/apache/spark/sql/catalyst/parser/SqlBaseParser$QualifiedColTypeWithPositionContext
instanceKlass org/apache/spark/sql/catalyst/parser/SqlBaseParser$IntervalValueContext
instanceKlass org/apache/spark/sql/catalyst/parser/SqlBaseParser$TransformContext
instanceKlass org/apache/spark/sql/catalyst/parser/SqlBaseParser$NotMatchedActionContext
instanceKlass org/apache/spark/sql/catalyst/parser/SqlBaseParser$MatchedActionContext
instanceKlass org/apache/spark/sql/catalyst/parser/SqlBaseParser$IdentifierContext
instanceKlass org/apache/spark/sql/catalyst/parser/SqlBaseParser$CommentSpecContext
instanceKlass org/apache/spark/sql/catalyst/parser/SqlBaseParser$ColTypeContext
instanceKlass org/apache/spark/sql/catalyst/parser/SqlBaseParser$ColTypeListContext
instanceKlass org/apache/spark/sql/catalyst/parser/SqlBaseParser$BucketSpecContext
instanceKlass org/apache/spark/sql/catalyst/parser/SqlBaseParser$SortItemContext
instanceKlass org/apache/spark/sql/catalyst/parser/SqlBaseParser$PredicateContext
instanceKlass org/apache/spark/sql/catalyst/parser/SqlBaseParser$PivotValueContext
instanceKlass org/apache/spark/sql/catalyst/parser/SqlBaseParser$InlineTableContext
instanceKlass org/apache/spark/sql/catalyst/parser/SqlBaseParser$LateralViewContext
instanceKlass org/apache/spark/sql/catalyst/parser/SqlBaseParser$CtesContext
instanceKlass org/apache/spark/sql/catalyst/parser/SqlBaseParser$FrameBoundContext
instanceKlass org/apache/spark/sql/catalyst/parser/SqlBaseParser$NamedQueryContext
instanceKlass org/apache/spark/sql/catalyst/parser/SqlBaseParser$HintContext
instanceKlass org/apache/spark/sql/catalyst/parser/SqlBaseParser$WindowSpecContext
instanceKlass org/apache/spark/sql/catalyst/parser/SqlBaseParser$QueryPrimaryContext
instanceKlass org/apache/spark/sql/catalyst/parser/SqlBaseParser$WindowClauseContext
instanceKlass org/apache/spark/sql/catalyst/parser/SqlBaseParser$PivotClauseContext
instanceKlass org/apache/spark/sql/catalyst/parser/SqlBaseParser$AssignmentListContext
instanceKlass org/apache/spark/sql/catalyst/parser/SqlBaseParser$FromStatementContext
instanceKlass org/apache/spark/sql/catalyst/parser/SqlBaseParser$FromStatementBodyContext
instanceKlass org/apache/spark/sql/catalyst/parser/SqlBaseParser$SingleMultipartIdentifierContext
instanceKlass org/apache/spark/sql/catalyst/parser/SqlBaseParser$SingleExpressionContext
instanceKlass org/apache/spark/sql/catalyst/parser/SqlBaseParser$SingleDataTypeContext
instanceKlass org/apache/spark/sql/catalyst/parser/SqlBaseParser$SingleTableSchemaContext
instanceKlass org/apache/spark/sql/catalyst/parser/SqlBaseParser$SingleStatementContext
instanceKlass org/apache/spark/sql/catalyst/parser/SqlBaseParser$SingleTableIdentifierContext
instanceKlass org/apache/spark/sql/catalyst/parser/SqlBaseParser$SingleFunctionIdentifierContext
instanceKlass org/apache/spark/sql/catalyst/parser/SqlBaseParser$CreateTableClausesContext
instanceKlass org/apache/spark/sql/catalyst/parser/SqlBaseParser$CreateTableHeaderContext
instanceKlass org/apache/spark/sql/catalyst/parser/SqlBaseParser$TransformListContext
instanceKlass org/apache/spark/sql/catalyst/parser/SqlBaseParser$ComplexColTypeContext
instanceKlass org/apache/spark/sql/catalyst/parser/SqlBaseParser$ComplexColTypeListContext
instanceKlass org/apache/spark/sql/catalyst/parser/SqlBaseParser$DataTypeContext
instanceKlass org/apache/spark/sql/catalyst/parser/SqlBaseParser$ReplaceTableHeaderContext
instanceKlass org/apache/spark/sql/catalyst/parser/SqlBaseParser$IntervalContext
instanceKlass org/apache/spark/sql/catalyst/parser/SqlBaseParser$MultiUnitsIntervalContext
instanceKlass org/apache/spark/sql/catalyst/parser/SqlBaseParser$UnitToUnitIntervalContext
instanceKlass org/apache/spark/sql/catalyst/parser/SqlBaseParser$StatementContext
instanceKlass org/apache/spark/sql/catalyst/parser/SqlBaseParser$TransformArgumentContext
instanceKlass org/apache/spark/sql/catalyst/parser/SqlBaseParser$TablePropertyListContext
instanceKlass org/apache/spark/sql/catalyst/parser/SqlBaseParser$LocationSpecContext
instanceKlass org/apache/spark/sql/catalyst/parser/SqlBaseParser$FunctionIdentifierContext
instanceKlass org/apache/spark/sql/catalyst/parser/SqlBaseParser$QualifiedNameContext
instanceKlass org/apache/spark/sql/catalyst/parser/SqlBaseParser$NamedExpressionContext
instanceKlass org/apache/spark/sql/catalyst/parser/SqlBaseParser$NumberContext
instanceKlass org/apache/spark/sql/catalyst/parser/SqlBaseParser$ValueExpressionContext
instanceKlass org/apache/spark/sql/catalyst/parser/SqlBaseParser$PrimaryExpressionContext
instanceKlass org/apache/spark/sql/catalyst/parser/SqlBaseParser$ConstantContext
instanceKlass org/apache/spark/sql/catalyst/parser/SqlBaseParser$JoinRelationContext
instanceKlass org/apache/spark/sql/catalyst/parser/SqlBaseParser$IdentifierListContext
instanceKlass org/apache/spark/sql/catalyst/parser/SqlBaseParser$SampleMethodContext
instanceKlass org/apache/spark/sql/catalyst/parser/SqlBaseParser$SampleContext
instanceKlass org/apache/spark/sql/catalyst/parser/SqlBaseParser$ExpressionContext
instanceKlass org/apache/spark/sql/catalyst/parser/SqlBaseParser$AggregationClauseContext
instanceKlass org/apache/spark/sql/catalyst/parser/SqlBaseParser$QueryOrganizationContext
instanceKlass org/apache/spark/sql/catalyst/parser/SqlBaseParser$PartitionSpecContext
instanceKlass org/apache/spark/sql/catalyst/parser/SqlBaseParser$TableIdentifierContext
instanceKlass org/apache/spark/sql/catalyst/parser/SqlBaseParser$IdentifierSeqContext
instanceKlass org/apache/spark/sql/catalyst/parser/SqlBaseParser$RelationContext
instanceKlass org/apache/spark/sql/catalyst/parser/SqlBaseParser$QueryContext
instanceKlass org/apache/spark/sql/catalyst/parser/SqlBaseParser$QuerySpecificationContext
instanceKlass org/apache/spark/sql/catalyst/parser/SqlBaseParser$RelationPrimaryContext
instanceKlass org/apache/spark/sql/catalyst/parser/SqlBaseParser$MultipartIdentifierContext
instanceKlass org/apache/spark/sql/catalyst/parser/SqlBaseParser$BooleanExpressionContext
instanceKlass org/apache/spark/sql/catalyst/parser/SqlBaseParser$QueryTermContext
instanceKlass org/apache/spark/sql/catalyst/parser/SqlBaseParser$InsertIntoContext
instanceKlass org/apache/spark/sql/catalyst/parser/SqlBaseParser$DmlStatementNoWithContext
instanceKlass org/apache/spark/sql/catalyst/parser/SqlBaseParser$FromClauseContext
ciInstanceKlass org/antlr/v4/runtime/ParserRuleContext 1 1 267 10 9 9 9 9 9 7 10 11 11 11 7 100 10 10 11 10 7 11 7 11 100 10 10 100 10 10 11 11 10 7 11 10 10 11 11 10 10 9 11 10 10 10 100 10 8 10 10 8 8 10 10 10 10 1 1 1 1 1 1 1 1 1 1 1 1 1 1 1 1 1 1 1 1 1 1 100 1 1 1 1 1 1 1 1 1 1 1 1 1 1 1 1 1 1 1 1 1 1 1 1 1 1 1 1 1 1 1 1 1 1 1 1 1 1 1 1 100 1 1 1 1 1 1 1 1 1 1 1 1 1 1 1 1 100 100 100 1 1 1 1 1 1 1 1 1 1 1 1 1 1 1 1 1 1 1 1 1 1 1 1 1 1 1 1 12 12 12 12 12 12 1 7 12 7 12 12 1 1 12 12 12 12 1 12 1 1 12 1 12 12 12 1 12 7 12 12 12 100 12 7 12 12 100 12 12 12 100 12 12 1 1 12 12 1 1 12 12 12 12 1 1 1 1 1 1 1 1 1 1 1 1 1 1 1 1 1 1 1 1 1 1 1 1 1 1 1 1 1 1 1 1 1 1 1 1 1 1 1 1 1 1 1 1 1 1
instanceKlass org/antlr/v4/runtime/atn/ParserATNSimulator
instanceKlass org/antlr/v4/runtime/atn/LexerATNSimulator
ciInstanceKlass org/antlr/v4/runtime/atn/ATNSimulator 1 1 149 10 9 9 100 8 10 7 10 10 7 10 10 10 10 10 10 10 10 10 10 9 9 9 9 7 7 10 10 9 100 3 9 7 7 1 1 1 1 1 1 1 1 1 1 1 1 1 1 1 1 1 1 1 1 1 1 1 1 1 1 1 1 1 1 1 1 1 1 100 100 100 100 1 1 1 1 1 1 1 1 1 1 1 1 1 1 1 1 1 1 1 1 1 1 1 1 1 1 1 1 1 1 1 1 1 1 1 1 1 1 1 1 1 12 12 12 1 1 12 1 7 12 1 12 12 12 12 12 12 12 12 12 12 12 1 1 12 12 1 12 1 1 1 1 1 1 1 1
staticfield org/antlr/v4/runtime/atn/ATNSimulator SERIALIZED_VERSION I 3
staticfield org/antlr/v4/runtime/atn/ATNSimulator SERIALIZED_UUID Ljava/util/UUID; java/util/UUID
staticfield org/antlr/v4/runtime/atn/ATNSimulator ERROR Lorg/antlr/v4/runtime/dfa/DFAState; org/antlr/v4/runtime/dfa/DFAState
instanceKlass org/antlr/v4/runtime/atn/ArrayPredictionContext
instanceKlass org/antlr/v4/runtime/atn/SingletonPredictionContext
ciInstanceKlass org/antlr/v4/runtime/atn/PredictionContext 1 1 453 100 10 9 9 9 9 9 9 10 9 9 11 100 10 100 9 9 10 10 10 7 3 10 10 10 10 9 100 10 10 7 10 7 7 10 10 10 10 10 9 9 10 10 9 9 10 7 10 10 7 10 11 11 11 8 100 10 8 10 8 10 100 10 10 11 11 11 10 8 8 8 8 9 10 8 8 8 8 10 8 8 8 8 10 8 8 10 10 10 10 10 10 100 10 7 10 10 11 10 10 10 10 10 10 9 11 100 11 100 10 10 7 1 1 1 1 1 1 1 3 1 1 1 1 1 1 1 1 1 1 1 1 1 1 1 1 1 1 1 1 1 1 1 1 1 1 1 1 1 1 1 1 1 1 1 1 1 1 1 1 1 1 1 1 1 1 100 1 1 1 1 1 1 1 1 1 1 1 1 1 1 1 1 1 1 1 100 1 1 1 1 1 1 1 1 1 1 1 1 1 1 1 1 1 1 1 1 100 100 1 1 1 1 1 1 100 1 1 1 1 1 1 1 1 1 1 1 1 1 1 100 100 100 100 1 1 1 1 1 1 1 1 1 1 1 1 1 1 1 1 1 1 1 1 1 1 1 1 1 1 1 1 1 1 1 1 1 1 1 1 1 1 1 1 1 1 100 1 1 1 1 1 1 12 12 12 12 7 12 12 12 12 100 12 12 100 12 1 12 1 12 12 12 12 12 1 7 12 12 12 12 12 1 12 1 12 1 1 12 12 7 12 12 12 12 12 12 12 12 12 7 12 12 12 1 7 12 12 12 1 1 1 12 1 12 1 100 12 12 100 12 12 12 1 1 1 1 12 1 1 1 1 12 1 1 1 12 1 1 12 7 12 12 12 1 1 12 12 12 12 12 100 12 12 12 1 12 1 7 12 1 1 1 1 1 1 1 1 1 1 1 1 1 1 1 1 1 1 1 1 1 1 1 1 1 1 1 1 1 1 1 1 1 1 1 1 1 1 1 1 1 1 1 1 1 1 1 1 1 1 1 1 1 1 1 1 1 1 1 1 1 1
staticfield org/antlr/v4/runtime/atn/PredictionContext EMPTY Lorg/antlr/v4/runtime/atn/EmptyPredictionContext; org/antlr/v4/runtime/atn/EmptyPredictionContext
staticfield org/antlr/v4/runtime/atn/PredictionContext $assertionsDisabled Z 1
instanceKlass org/antlr/v4/runtime/atn/EmptyPredictionContext
ciInstanceKlass org/antlr/v4/runtime/atn/SingletonPredictionContext 1 1 112 10 10 10 9 100 100 10 9 9 7 3 9 7 10 10 10 10 10 8 10 8 10 100 10 10 8 10 10 1 1 1 1 1 1 1 1 1 1 1 1 1 1 100 100 1 1 1 1 1 1 1 1 1 1 1 1 1 1 1 1 1 1 100 1 1 1 1 12 12 12 12 1 1 12 12 12 1 12 1 12 12 7 12 12 1 100 12 1 12 1 12 1 7 12 1 1 1 1 1 1 1 1 1 1 1 1 1 1 1 1 1
staticfield org/antlr/v4/runtime/atn/SingletonPredictionContext $assertionsDisabled Z 1
ciInstanceKlass org/antlr/v4/runtime/atn/EmptyPredictionContext 1 1 42 100 3 10 9 8 7 7 1 1 1 1 1 1 1 1 1 1 1 1 1 1 1 1 1 1 1 1 1 1 1 1 1 1 1 12 12 1 1 1 1 1
ciInstanceKlass org/antlr/v4/runtime/atn/LexerAction 1 0 13 100 100 1 1 1 1 1 1 1 1 1 1
instanceKlass org/antlr/v4/runtime/atn/WildcardTransition
instanceKlass org/antlr/v4/runtime/atn/SetTransition
instanceKlass org/antlr/v4/runtime/atn/AbstractPredicateTransition
instanceKlass org/antlr/v4/runtime/atn/RuleTransition
instanceKlass org/antlr/v4/runtime/atn/RangeTransition
instanceKlass org/antlr/v4/runtime/atn/AtomTransition
instanceKlass org/antlr/v4/runtime/atn/ActionTransition
instanceKlass org/antlr/v4/runtime/atn/EpsilonTransition
ciInstanceKlass org/antlr/v4/runtime/atn/Transition 1 1 108 10 100 8 10 9 7 8 8 8 8 8 8 8 8 8 8 8 10 10 9 7 10 10 9 7 7 1 1 1 1 3 1 3 1 3 1 3 1 3 1 3 1 3 1 3 1 3 1 3 1 1 1 1 1 1 1 1 1 1 1 1 1 1 1 1 1 100 100 1 1 1 1 1 1 1 1 1 1 1 1 12 1 1 12 12 1 1 7 12 7 12 12 1 12 12 1 1 1 1 1 1 1 1 1 1 1 1
staticfield org/antlr/v4/runtime/atn/Transition serializationNames Ljava/util/List; java/util/Collections$UnmodifiableRandomAccessList
staticfield org/antlr/v4/runtime/atn/Transition serializationTypes Ljava/util/Map; java/util/Collections$UnmodifiableMap
ciInstanceKlass org/antlr/v4/runtime/atn/EpsilonTransition 1 1 38 10 10 9 7 8 7 1 1 1 1 1 1 1 1 1 1 1 1 1 1 1 1 1 1 1 1 1 1 1 1 1 12 12 12 1 1 1
ciInstanceKlass org/antlr/v4/runtime/atn/ActionTransition 1 1 62 10 10 9 9 9 7 100 10 8 10 10 8 10 7 1 1 1 1 1 1 1 1 1 1 1 1 1 1 1 1 1 1 1 1 1 1 1 1 1 1 1 1 12 12 12 12 12 1 1 12 1 12 12 1 12 1 1 1 1 1 1
instanceKlass org/antlr/v4/runtime/atn/LoopEndState
instanceKlass org/antlr/v4/runtime/atn/StarLoopbackState
instanceKlass org/antlr/v4/runtime/atn/RuleStartState
instanceKlass org/antlr/v4/runtime/atn/BasicState
instanceKlass org/antlr/v4/runtime/atn/RuleStopState
instanceKlass org/antlr/v4/runtime/atn/BlockEndState
instanceKlass org/antlr/v4/runtime/atn/DecisionState
ciInstanceKlass org/antlr/v4/runtime/atn/ATNState 1 1 228 10 9 7 9 9 7 10 9 10 11 7 11 100 10 11 10 9 10 8 7 10 10 11 11 11 9 10 10 11 11 11 11 9 7 8 8 8 8 8 8 8 8 8 8 8 8 8 10 10 9 1 1 1 3 1 3 1 3 1 3 1 3 1 1 3 1 3 1 3 1 3 1 3 1 3 1 3 1 3 1 1 1 1 1 3 1 1 1 1 1 1 1 1 1 1 1 1 1 1 1 1 1 1 1 1 1 1 1 1 1 1 1 1 1 1 1 1 1 1 1 1 1 1 1 100 100 1 1 1 1 1 1 1 1 1 1 1 1 12 12 1 12 12 1 12 12 12 7 12 1 12 1 12 12 12 100 12 100 12 1 1 100 12 100 12 12 7 12 12 12 12 100 12 12 12 12 12 12 1 1 7 12 7 12 12 1 1 1 1 1 1 1 1 1 1 1 1 1 1 1 1 1 1 1 1 1 1 1 1 1 1 1 1 1 1 1 1 1 1 1 1 1 1 1 1 1 1
staticfield org/antlr/v4/runtime/atn/ATNState serializationNames Ljava/util/List; java/util/Collections$UnmodifiableRandomAccessList
instanceKlass org/antlr/v4/runtime/atn/PlusLoopbackState
instanceKlass org/antlr/v4/runtime/atn/StarLoopEntryState
instanceKlass org/antlr/v4/runtime/atn/TokensStartState
instanceKlass org/antlr/v4/runtime/atn/BlockStartState
ciInstanceKlass org/antlr/v4/runtime/atn/DecisionState 1 1 22 10 9 7 7 1 1 1 1 1 1 1 1 1 1 1 1 1 12 12 1 1
instanceKlass org/antlr/v4/runtime/atn/StarBlockStartState
instanceKlass org/antlr/v4/runtime/atn/PlusBlockStartState
instanceKlass org/antlr/v4/runtime/atn/BasicBlockStartState
ciInstanceKlass org/antlr/v4/runtime/atn/BlockStartState 1 1 18 10 100 7 1 1 1 1 1 1 1 1 1 1 1 12 1 1
ciInstanceKlass org/antlr/v4/runtime/atn/AtomTransition 1 1 46 10 9 7 10 10 7 1 1 1 1 1 1 1 1 1 1 1 1 1 1 1 1 1 1 1 1 1 1 1 1 12 12 1 7 12 100 12 1 1 1 1 1 1 1 1
ciInstanceKlass org/antlr/v4/runtime/atn/BasicBlockStartState 1 1 20 10 100 100 7 1 1 1 1 1 1 1 1 1 1 1 12 1 1 1
ciInstanceKlass org/antlr/v4/runtime/atn/BlockEndState 1 1 20 10 7 100 1 1 1 1 1 1 1 1 1 1 1 1 1 12 1 1
ciInstanceKlass org/antlr/v4/runtime/atn/RuleStopState 1 1 18 10 7 100 1 1 1 1 1 1 1 1 1 1 1 12 1 1
ciInstanceKlass org/antlr/v4/runtime/atn/BasicState 1 1 18 10 7 100 1 1 1 1 1 1 1 1 1 1 1 12 1 1
ciInstanceKlass org/antlr/v4/runtime/atn/RuleTransition 1 1 45 10 10 9 9 9 7 7 1 1 1 1 1 1 1 1 1 1 1 1 1 1 1 1 1 1 1 1 1 1 1 1 1 1 1 1 1 12 12 12 12 12 1 1 1
instanceKlass org/antlr/v4/runtime/atn/PrecedencePredicateTransition
instanceKlass org/antlr/v4/runtime/atn/PredicateTransition
ciInstanceKlass org/antlr/v4/runtime/atn/AbstractPredicateTransition 1 1 18 10 100 7 1 1 1 1 1 1 1 1 1 1 1 12 1 1
ciInstanceKlass org/antlr/v4/runtime/atn/PredicateTransition 1 1 72 10 9 9 9 100 7 10 100 10 8 10 10 8 10 7 7 1 1 1 1 1 1 1 1 1 1 1 1 1 1 1 1 1 1 1 1 1 1 1 1 1 1 1 1 1 1 1 12 12 12 12 1 100 1 12 1 12 1 12 12 1 12 1 1 1 1 1 1 1 1 1
ciInstanceKlass org/antlr/v4/runtime/atn/PrecedencePredicateTransition 1 1 63 10 9 100 7 10 100 10 10 8 10 10 7 7 1 1 1 1 1 1 1 1 1 1 1 1 1 1 1 1 1 1 1 1 1 1 1 1 1 1 1 1 12 12 1 100 1 12 1 12 12 1 12 12 1 1 1 1 1 1 1 1 1
ciInstanceKlass org/antlr/v4/runtime/atn/RuleStartState 1 1 22 10 7 100 1 1 1 1 1 1 1 1 1 1 1 1 1 1 1 12 1 1
ciInstanceKlass org/antlr/v4/runtime/atn/StarLoopEntryState 1 1 24 10 100 100 7 1 1 1 1 1 1 1 1 1 1 1 1 1 1 1 12 1 1 1
ciInstanceKlass org/antlr/v4/runtime/atn/ATN 1 1 192 10 7 10 9 9 7 10 9 9 9 9 7 10 10 9 10 10 9 11 9 11 11 9 11 11 7 100 8 10 7 10 100 10 7 10 10 10 9 10 100 9 9 10 7 7 1 1 1 3 1 1 1 1 1 1 1 1 1 1 1 1 1 1 1 1 1 1 1 1 1 1 1 1 1 1 1 1 1 1 1 1 1 1 1 1 1 1 1 1 1 1 1 1 1 1 1 1 1 1 1 1 1 1 1 1 1 1 1 1 1 1 100 100 100 1 1 12 1 12 12 1 12 12 12 12 1 12 12 12 12 12 12 7 12 12 12 12 12 12 12 1 1 1 12 1 12 1 12 1 12 12 12 100 12 12 1 12 12 12 1 1 1 1 1 1 1 1 1 1 1 1 1 1 1 1 1 1 1 1 1 1 1 1 1 1 1 1 1 1 1 1
ciInstanceKlass org/antlr/v4/runtime/dfa/DFA 1 1 174 10 10 7 10 9 9 9 7 9 7 7 10 10 9 9 9 9 9 10 100 8 10 10 7 100 8 10 100 11 10 100 10 10 9 10 8 100 10 10 10 100 10 7 7 1 1 1 1 1 1 1 1 1 1 1 1 1 1 1 1 1 1 1 1 1 1 1 100 100 1 1 1 1 1 1 1 1 100 100 1 1 1 1 1 1 1 1 1 1 1 1 1 1 1 1 1 1 1 1 1 1 1 1 1 12 12 1 12 12 12 1 12 1 1 12 12 12 12 12 12 12 1 1 12 7 12 1 1 1 1 100 12 12 1 12 100 12 100 12 12 1 1 12 12 12 1 1 1 1 1 1 1 1 1 1 1 1 1 1 1 1 1 1 1 1 1 1 1 1 1 1 1 1
instanceKlass org/antlr/v4/runtime/atn/LexerATNConfig
ciInstanceKlass org/antlr/v4/runtime/atn/ATNConfig 1 1 148 10 9 9 9 9 9 9 10 10 7 3 3 10 9 10 10 10 10 10 10 10 10 100 10 10 10 8 10 10 8 10 8 10 8 10 7 1 1 1 1 1 1 1 1 1 1 1 1 1 1 1 1 1 1 1 1 1 1 1 1 1 1 1 1 1 1 1 1 1 1 1 1 1 1 1 1 1 1 1 1 1 1 1 1 1 1 1 1 1 100 1 1 1 1 12 12 12 12 12 12 7 12 12 12 1 12 7 12 7 12 12 7 12 12 12 12 12 1 12 12 1 12 12 1 12 1 12 1 1 1 1 1 1 1 1 1 1 1 1 1 1 1 1 1 1 1 1
ciInstanceKlass org/antlr/v4/runtime/atn/LexerATNConfig 1 1 110 9 10 9 9 9 9 10 10 10 9 9 10 9 10 10 7 9 10 10 7 9 7 1 1 1 1 1 1 1 1 1 1 1 1 1 1 1 1 1 1 1 1 1 1 1 1 1 1 1 1 1 100 1 1 1 1 1 1 1 1 1 1 1 7 12 12 12 12 12 12 12 12 7 12 12 7 12 12 12 12 12 1 7 12 12 12 1 12 1 1 1 1 1 1 1 1 1 1 1 1 1 1 1 1 1 1 1 1 1
instanceKlass org/antlr/v4/runtime/atn/OrderedATNConfigSet
ciInstanceKlass org/antlr/v4/runtime/atn/ATNConfigSet 1 1 328 10 9 7 10 9 9 7 10 9 9 10 10 9 9 9 9 10 100 8 10 9 9 10 10 7 10 9 10 9 10 10 10 100 10 10 11 11 9 11 100 10 9 10 10 11 10 10 10 11 10 7 10 10 10 10 10 100 8 10 10 10 10 10 100 10 10 10 10 8 10 8 10 8 10 8 10 10 100 10 10 10 7 100 7 1 1 100 1 1 1 1 1 1 1 1 1 1 1 1 1 1 1 1 1 1 1 1 1 1 1 1 1 1 1 1 1 1 1 1 1 1 1 1 1 1 1 1 1 1 100 100 1 1 1 1 1 1 1 1 1 1 100 100 1 1 1 1 100 1 1 1 1 100 1 1 1 1 1 1 1 1 1 1 1 1 1 1 1 1 1 1 1 1 100 1 1 1 1 1 1 1 1 1 1 1 1 1 1 1 1 1 1 100 1 1 1 1 1 1 1 1 1 1 1 1 1 1 1 1 1 12 12 1 12 12 12 1 12 12 12 12 12 12 12 12 12 1 1 12 12 7 12 12 12 1 12 12 7 12 12 7 12 12 12 1 12 7 12 12 12 1 12 12 100 12 12 7 12 100 12 1 12 12 12 12 1 1 12 12 12 1 12 12 12 1 12 1 12 1 12 1 12 1 12 12 1 1 1 1 1 1 1 1 1 1 1 1 1 1 1 1 1 1 1 1 1 1 1 1 1 1 1 1 1 1 1 1 1 1 1 1 1 1 1 1 1 1
instanceKlass org/antlr/v4/runtime/atn/ATNConfigSet$AbstractConfigHashSet
ciInstanceKlass org/antlr/v4/runtime/misc/Array2DHashSet 1 1 293 7 10 10 9 6 0 10 9 9 9 9 9 10 9 10 10 10 10 10 10 10 10 10 10 10 10 6 0 9 100 10 10 10 10 10 100 10 10 10 10 11 11 11 11 8 100 10 10 8 10 10 10 8 8 8 8 100 100 7 10 100 1 1 1 1 1 3 1 3 1 1 1 1 1 1 1 1 1 1 1 1 1 1 1 1 1 1 1 1 1 1 1 1 1 1 1 1 1 100 100 1 1 1 1 1 1 1 1 1 1 1 1 1 1 1 100 1 1 1 1 1 1 1 1 1 1 1 1 1 1 1 1 1 1 1 1 1 1 100 1 1 1 1 1 1 1 1 1 1 1 1 1 1 1 1 1 1 1 1 1 1 1 1 1 1 1 1 1 100 100 1 1 1 1 1 1 1 1 1 1 1 1 1 1 1 1 100 1 1 1 1 1 1 1 1 1 1 1 1 1 1 1 12 12 12 7 12 12 12 12 100 12 12 12 12 12 12 12 12 7 12 7 12 12 100 12 12 12 12 12 12 1 12 12 12 12 1 12 12 12 100 12 100 12 100 12 12 12 1 1 12 1 12 12 1 1 1 1 1 7 12 1 1 1 1 1 1 1 1 1 1 1 1 1 1 1 1 1 1 1 1 1 1 1 1 1 1 1 1 1 1 1
staticfield org/antlr/v4/runtime/misc/Array2DHashSet $assertionsDisabled Z 1
instanceKlass org/antlr/v4/runtime/atn/OrderedATNConfigSet$LexerConfigHashSet
instanceKlass org/antlr/v4/runtime/atn/ATNConfigSet$ConfigHashSet
ciInstanceKlass org/antlr/v4/runtime/atn/ATNConfigSet$AbstractConfigHashSet 1 1 56 10 10 7 7 10 10 10 7 7 1 1 1 1 1 1 1 1 1 1 1 1 1 1 1 1 1 1 1 1 1 1 1 1 1 1 1 1 1 1 1 1 1 1 1 1 12 1 1 12 12 12 100 1 1 1
ciInstanceKlass org/antlr/v4/runtime/atn/ATNConfigSet$ConfigHashSet 1 1 29 9 10 100 7 1 1 1 1 1 1 1 1 1 1 1 7 12 12 100 1 1 1 1 1 1 1 1 1
ciInstanceKlass org/antlr/v4/runtime/misc/EqualityComparator 1 0 15 100 100 1 1 1 1 1 1 1 1 1 1 1 1
instanceKlass org/antlr/v4/runtime/atn/PredictionMode$AltAndContextConfigEqualityComparator
instanceKlass org/antlr/v4/runtime/atn/ATNConfigSet$ConfigEqualityComparator
instanceKlass org/antlr/v4/runtime/misc/ObjectEqualityComparator
ciInstanceKlass org/antlr/v4/runtime/misc/AbstractEqualityComparator 1 1 22 10 100 7 100 1 1 1 1 1 1 1 1 1 1 1 1 1 12 1 1 1
ciInstanceKlass org/antlr/v4/runtime/misc/ObjectEqualityComparator 1 1 40 10 10 10 7 10 9 7 1 1 1 1 1 1 1 1 1 1 1 1 1 1 1 1 1 1 1 1 1 1 12 7 12 12 1 12 1 1 1 1
staticfield org/antlr/v4/runtime/misc/ObjectEqualityComparator INSTANCE Lorg/antlr/v4/runtime/misc/ObjectEqualityComparator; org/antlr/v4/runtime/misc/ObjectEqualityComparator
ciInstanceKlass org/antlr/v4/runtime/atn/ATNConfigSet$ConfigEqualityComparator 1 1 69 10 9 9 9 9 10 10 7 10 10 7 10 9 7 1 1 1 1 1 1 1 1 1 1 1 1 1 1 1 1 1 1 1 1 1 1 1 1 1 1 1 12 12 7 12 12 12 7 12 12 1 12 12 100 1 12 1 1 1 1 1 1 1 1 1 1 1 1
staticfield org/antlr/v4/runtime/atn/ATNConfigSet$ConfigEqualityComparator INSTANCE Lorg/antlr/v4/runtime/atn/ATNConfigSet$ConfigEqualityComparator; org/antlr/v4/runtime/atn/ATNConfigSet$ConfigEqualityComparator
instanceKlass org/antlr/v4/runtime/atn/ProfilingATNSimulator
ciInstanceKlass org/antlr/v4/runtime/atn/ParserATNSimulator 1 1 1039 7 7 10 10 9 9 9 9 7 9 10 10 9 11 9 9 9 11 10 10 10 9 9 9 10 9 10 7 10 10 10 10 9 11 11 11 10 10 9 10 10 9 9 9 9 10 10 10 10 10 9 9 10 100 11 9 10 10 10 9 10 10 9 9 10 7 10 10 10 10 10 9 10 10 10 10 10 10 7 10 7 10 10 11 11 7 9 7 9 9 10 100 10 7 10 11 10 10 10 10 10 100 10 7 10 10 10 10 11 11 10 10 9 10 10 10 9 9 10 9 10 7 10 9 9 10 9 10 11 10 10 11 7 10 9 10 7 10 10 9 7 10 11 11 7 10 9 9 10 100 10 10 10 10 10 10 10 10 100 10 7 10 9 9 10 10 10 9 10 10 3 9 10 10 9 11 10 10 9 7 3 10 7 10 100 10 9 10 11 10 7 9 10 7 9 100 9 9 100 10 100 10 8 10 10 8 10 10 10 7 10 7 10 10 9 10 9 10 10 9 10 9 9 10 9 10 8 10 9 11 10 10 8 10 9 8 10 10 8 100 8 9 100 100 8 8 8 9 10 10 8 100 11 11 10 9 11 9 10 10 10 10 11 11 11 10 100 10 8 10 10 7 1 1 1 3 1 1 1 1 1 1 1 1 1 1 1 1 1 1 1 1 1 1 1 1 1 1 1 1 1 1 1 1 1 1 1 1 1 1 1 1 1 1 1 1 1 1 1 1 1 1 1 1 1 1 1 1 1 1 100 100 100 100 100 100 100 1 1 1 1 1 1 1 1 1 1 1 1 1 100 100 1 1 1 1 100 1 1 1 1 1 1 1 1 1 1 1 1 1 100 1 1 1 1 1 1 1 1 100 1 1 1 1 1 1 1 1 1 1 1 1 1 1 1 1 1 1 1 100 100 100 100 1 1 1 1 1 1 1 1 1 1 1 1 1 1 1 1 1 100 1 1 1 1 1 1 1 1 1 100 100 1 1 1 1 1 1 1 1 1 1 1 1 1 1 1 1 1 1 1 1 1 1 100 1 1 100 1 1 1 1 1 1 1 1 1 1 1 1 1 1 100 1 1 1 1 1 1 1 1 1 1 1 100 1 1 1 1 1 100 1 1 1 1 1 1 1 1 1 1 100 100 1 1 1 1 1 1 1 1 1 1 1 1 1 1 1 1 1 1 1 1 1 1 1 1 1 1 1 1 1 1 100 100 1 1 1 1 1 1 1 1 1 1 100 100 1 1 1 1 1 1 1 100 1 1 1 1 1 1 1 1 1 1 1 1 1 1 1 1 1 1 1 1 100 1 1 1 1 1 12 12 7 12 12 12 12 1 12 12 12 12 7 12 12 12 12 12 12 7 12 12 12 7 12 12 12 12 12 1 12 12 12 12 12 12 12 12 12 12 12 12 12 12 12 12 12 12 12 12 12 12 12 12 12 1 12 12 12 12 12 12 12 12 12 12 12 1 7 12 12 12 12 12 12 12 12 12 12 12 12 1 12 1 12 12 7 12 12 1 12 1 12 12 12 1 1 7 12 12 12 12 12 1 12 1 12 12 12 12 12 12 12 12 12 12 12 7 12 12 1 12 12 12 12 12 7 12 12 12 12 1 12 12 12 1 12 12 12 1 12 12 12 12 12 12 1 12 12 12 12 12 12 12 1 12 1 12 12 12 12 12 12 12 12 12 12 12 12 12 12 1 12 1 12 1 12 12 7 12 1 12 12 1 12 1 12 1 12 1 1 12 12 1 12 12 12 1 12 1 12 12 12 12 12 12 12 12 7 12 12 1 12 100 12 100 12 12 100 1 12 7 12 1 100 12 12 1 1 1 12 1 1 1 1 1 12 12 1 1 12 12 12 12 12 12 12 12 7 12 12 12 12 1 7 12 12 7 12 1 1 1 1 1 1 1 1 1 1 1 1 1 1 1 1 1 1 1 1 1 1 1 1 1 1 1 1 1 1 1 1 1 1 1 1 1 1 1 1 1 1 1 1 1 1 1 1 1 1 1 1 1 1 1 1 1 1 1 1 1 1 1 1 1 1 1 1 1 1 1 1 1 1 1 1 1 1 1 1 1 1 1 1 1 1 1 1 1 1 1 1 1 1 1 1 1 1 1 1 1 1 1 1 1 1 1 1 1 1 1 1 1 1 1 1 1 1 1 1 1 1 1 1 1 1 1 1 1 1 1 1 1 1 1 1 1 1 1 1 1 1 1 1 1 1 1 100 1 1 1 1 1 100 1 1 1 1 1 1 1 1 1 1 1 1 1 1 1 1 1 1 1 1 1 1 1 1 1 1 1 1 1 1 1 1 1 1 1 1 1 1 1 1 1 1 1 1
staticfield org/antlr/v4/runtime/atn/ParserATNSimulator TURN_OFF_LR_LOOP_ENTRY_BRANCH_OPT Z 0
staticfield org/antlr/v4/runtime/atn/ParserATNSimulator $assertionsDisabled Z 1
instanceKlass org/antlr/v4/runtime/atn/SemanticContext$Operator
instanceKlass org/antlr/v4/runtime/atn/SemanticContext$Predicate
instanceKlass org/antlr/v4/runtime/atn/SemanticContext$PrecedencePredicate
ciInstanceKlass org/antlr/v4/runtime/atn/SemanticContext 1 1 120 10 10 9 100 10 9 7 10 9 11 11 11 7 7 100 10 10 11 10 7 10 7 1 1 1 100 1 1 1 1 1 1 1 1 1 1 1 1 1 1 1 1 1 1 1 1 1 1 1 1 1 1 1 1 1 1 1 100 1 1 100 1 1 1 1 1 1 1 1 1 1 1 100 100 100 1 1 1 1 1 1 12 12 12 1 12 12 1 7 12 7 12 12 1 1 1 12 12 7 12 1 1 1 1 1 1 1 1 1 1 1 1 1 1 1 1 1 1 1
staticfield org/antlr/v4/runtime/atn/SemanticContext NONE Lorg/antlr/v4/runtime/atn/SemanticContext; org/antlr/v4/runtime/atn/SemanticContext$Predicate
ciInstanceKlass org/antlr/v4/runtime/atn/SemanticContext$PrecedencePredicate 1 1 82 10 9 10 9 7 100 10 8 10 10 8 10 10 7 100 1 1 1 1 1 1 1 1 1 1 1 1 1 1 1 1 1 1 1 1 1 1 1 1 1 1 1 1 1 1 1 1 1 1 1 1 100 1 1 1 1 1 1 12 12 7 12 12 1 1 1 12 12 1 12 12 1 1 1 1 1 1 1 1 1 1
ciInstanceKlass org/antlr/v4/runtime/atn/SemanticContext$Predicate 1 1 90 10 9 9 9 10 10 10 10 7 100 10 8 10 10 8 8 10 7 1 1 1 1 1 1 1 1 1 1 1 1 1 1 1 1 1 1 1 1 1 1 1 1 1 100 1 1 1 1 100 1 1 1 1 1 1 1 1 1 12 12 12 12 7 12 7 12 12 12 1 1 1 12 12 1 1 12 1 1 1 1 1 1 1 1 1 1 1 1 1
ciInstanceKlass org/antlr/v4/runtime/atn/ArrayPredictionContext 1 1 127 7 9 9 10 10 10 9 100 10 9 9 3 7 10 10 10 10 10 8 100 10 8 10 8 8 10 10 10 8 8 10 10 1 1 1 1 1 1 1 1 1 1 1 1 1 1 1 1 1 100 100 100 1 1 1 1 1 1 1 1 1 1 1 1 1 1 1 1 1 1 1 100 1 1 1 1 1 7 12 12 12 12 12 12 1 12 12 12 1 12 7 7 12 12 12 1 1 1 12 1 1 12 12 12 1 1 7 12 1 1 1 1 1 1 1 1 1 1 1 1 1 1 1 1 1 1
staticfield org/antlr/v4/runtime/atn/ArrayPredictionContext $assertionsDisabled Z 1
ciInstanceKlass org/antlr/v4/runtime/misc/MurmurHash 1 1 66 7 10 3 3 3 10 10 3 3 10 10 10 7 1 1 1 3 1 1 1 1 1 1 1 1 1 1 1 1 1 1 1 1 1 1 1 1 1 100 1 1 1 1 1 1 1 1 1 100 1 1 1 1 1 1 1 1 1 12 12 12 12 12 12 1
ciInstanceKlass org/antlr/v4/runtime/atn/OrderedATNConfigSet$LexerConfigHashSet 1 1 30 9 10 100 7 1 1 1 1 1 1 1 1 1 1 1 7 12 12 100 1 100 1 1 1 1 1 1 1 1
ciInstanceKlass org/antlr/v4/runtime/atn/SemanticContext$AND 0 0 169 10 100 10 100 9 10 11 11 10 11 10 100 11 100 11 100 10 10 10 10 100 10 10 9 11 11 11 10 11 8 10 100 1 1 1 1 1 1 1 1 1 1 1 1 1 1 1 1 1 1 1 1 1 1 1 1 1 100 100 100 100 1 1 1 1 1 1 1 1 1 1 1 1 1 1 1 1 1 1 1 1 1 1 1 1 1 1 1 1 1 1 100 100 1 1 1 1 1 12 1 1 12 100 12 100 12 12 12 100 12 100 12 1 12 1 12 12 100 12 100 12 12 1 12 12 12 12 12 1 100 12 1 1 1 1 1 1 1 1 1 1 1 1 1 1 1 1 1 1 1 1 1 1 1 1 1 1 1 1 1 1 1 1 1 1 1 1 1
ciInstanceKlass org/antlr/v4/runtime/misc/DoubleKeyMap 1 1 69 10 7 10 9 11 7 11 11 11 7 7 1 1 1 1 1 1 1 1 1 1 1 1 1 1 1 1 1 1 1 1 1 1 1 1 1 1 100 100 1 1 1 1 1 1 1 1 1 1 1 1 1 1 1 1 1 12 1 12 12 1 12 12 12 1 1 1 1
ciInstanceKlass org/antlr/v4/runtime/atn/LexerActionExecutor 1 1 122 10 9 10 10 10 9 7 7 10 10 100 11 7 10 10 11 10 11 10 11 10 7 1 1 1 1 1 1 1 1 1 1 1 1 1 1 1 100 1 1 1 1 1 1 1 1 1 1 1 1 1 1 1 1 1 1 1 1 100 100 100 100 1 1 1 1 1 1 1 1 12 12 7 12 12 12 12 1 1 12 100 12 12 1 100 12 12 7 12 12 12 12 12 12 1 1 1 1 1 1 1 1 1 1 1 1 1 1 1 1 1 1 1 1 1 1 1 1 1 1 1
ciMethod java/lang/Object <init> ()V 4097 1 1252142 0 0
ciMethod java/lang/Object getClass ()Ljava/lang/Class; 3073 1 384 0 -1
ciMethod java/lang/Object hashCode ()I 2049 1 256 0 -1
ciMethod java/lang/Object equals (Ljava/lang/Object;)Z 4097 1 52633 0 -1
ciMethod java/util/List size ()I 0 0 1 0 -1
ciMethod java/util/List get (I)Ljava/lang/Object; 0 0 1 0 -1
ciMethod java/util/ArrayList calculateCapacity ([Ljava/lang/Object;I)I 2145 1 54712 0 64
ciMethod java/util/ArrayList ensureCapacityInternal (I)V 2145 1 54698 0 576
ciMethod java/util/ArrayList ensureExplicitCapacity (I)V 2145 1 54276 0 544
ciMethod java/util/ArrayList grow (I)V 521 1 5280 0 544
ciMethod java/util/ArrayList hugeCapacity (I)I 0 0 1 0 -1
ciMethod java/util/ArrayList size ()I 1121 1 140 0 0
ciMethod java/util/ArrayList elementData (I)Ljava/lang/Object; 2305 1 33958 0 0
ciMethod java/util/ArrayList get (I)Ljava/lang/Object; 2121 1 25445 0 128
ciMethod java/util/ArrayList add (Ljava/lang/Object;)Z 2801 1 40454 0 736
ciMethod java/util/ArrayList rangeCheck (I)V 2121 1 33829 0 64
ciMethod java/util/Set add (Ljava/lang/Object;)Z 0 0 1 0 -1
ciMethod java/util/HashMap hash (Ljava/lang/Object;)I 2169 1 141976 0 160
ciMethod java/util/HashMap put (Ljava/lang/Object;Ljava/lang/Object;)Ljava/lang/Object; 1393 1 34362 0 1664
ciMethod java/util/HashMap putVal (ILjava/lang/Object;Ljava/lang/Object;ZZ)Ljava/lang/Object; 1417 49 6509 0 1280
ciMethod java/util/HashMap resize ()[Ljava/util/HashMap$Node; 425 1905 1568 0 -1
ciMethod java/util/HashMap treeifyBin ([Ljava/util/HashMap$Node;I)V 0 0 1 0 -1
ciMethod java/util/HashMap removeNode (ILjava/lang/Object;Ljava/lang/Object;ZZ)Ljava/util/HashMap$Node; 49 1 1958 0 -1
ciMethod java/util/HashMap newNode (ILjava/lang/Object;Ljava/lang/Object;Ljava/util/HashMap$Node;)Ljava/util/HashMap$Node; 3225 1 5637 0 224
ciMethod java/util/HashMap afterNodeAccess (Ljava/util/HashMap$Node;)V 585 1 73 0 0
ciMethod java/util/HashMap afterNodeInsertion (Z)V 3225 1 1428 0 0
ciMethod java/util/HashMap$Node <init> (ILjava/lang/Object;Ljava/lang/Object;Ljava/util/HashMap$Node;)V 2097 1 12060 0 0
ciMethod java/lang/Math max (II)I 1801 1 93169 0 -1
ciMethod java/util/Arrays equals ([Ljava/lang/Object;[Ljava/lang/Object;)Z 2257 8265 5297 0 -1
ciMethod java/util/Arrays copyOf ([Ljava/lang/Object;I)[Ljava/lang/Object; 1369 1 14545 0 0
ciMethod java/util/Arrays copyOf ([Ljava/lang/Object;ILjava/lang/Class;)[Ljava/lang/Object; 2089 1 6505 0 -1
ciMethod java/util/Arrays copyOf ([II)[I 9 1 476 0 -1
ciMethod java/util/HashSet add (Ljava/lang/Object;)Z 2185 1 6732 0 480
ciMethod java/util/LinkedHashMap linkNodeLast (Ljava/util/LinkedHashMap$Entry;)V 2049 1 6423 0 0
ciMethod java/util/LinkedHashMap newNode (ILjava/lang/Object;Ljava/lang/Object;Ljava/util/HashMap$Node;)Ljava/util/HashMap$Node; 2049 1 6423 0 320
ciMethod java/util/LinkedHashMap afterNodeInsertion (Z)V 3105 1 5657 0 128
ciMethod java/util/LinkedHashMap afterNodeAccess (Ljava/util/HashMap$Node;)V 177 1 2637 0 0
ciMethod java/util/LinkedHashMap removeEldestEntry (Ljava/util/Map$Entry;)Z 1649 1 206 0 0
ciMethod java/util/LinkedHashMap$Entry <init> (ILjava/lang/Object;Ljava/lang/Object;Ljava/util/HashMap$Node;)V 2049 1 6423 0 0
ciMethodData java/lang/Object <init> ()V 2 1252212 orig 264 64 144 169 93 0 0 0 0 128 4 94 207 218 2 0 0 32 1 0 0 0 0 0 0 0 0 0 0 0 0 0 0 0 0 0 0 0 0 0 0 0 0 0 0 0 0 0 0 0 0 0 0 0 0 0 0 0 0 0 0 0 0 0 0 0 0 0 0 0 0 0 0 0 0 0 0 0 0 0 0 77 68 79 32 101 120 116 114 97 32 100 97 116 97 32 108 111 99 107 0 0 0 0 0 0 0 0 0 0 0 0 0 0 0 0 0 0 0 0 0 0 0 0 0 0 0 0 0 0 0 0 0 0 0 0 0 0 0 0 0 0 0 0 0 0 0 0 0 0 0 0 0 0 0 0 0 0 0 0 0 0 0 0 0 0 0 0 0 0 0 0 0 0 0 0 0 0 0 0 0 0 0 0 0 1 0 0 0 0 0 0 0 1 0 0 0 0 0 0 0 1 0 0 0 0 0 0 0 0 0 0 0 0 0 0 0 0 2 0 0 161 203 152 0 1 0 0 0 0 0 0 0 0 0 0 0 2 0 0 0 0 0 3 0 1 0 0 0 0 0 0 0 255 255 255 255 0 0 0 0 0 0 0 0 data 0 oops 0
ciMethod java/util/HashMap$TreeNode putTreeVal (Ljava/util/HashMap;[Ljava/util/HashMap$Node;ILjava/lang/Object;Ljava/lang/Object;)Ljava/util/HashMap$TreeNode; 0 0 1 0 -1
ciMethod java/util/HashMap$TreeNode split (Ljava/util/HashMap;[Ljava/util/HashMap$Node;II)V 0 0 1 0 -1
ciMethodData java/util/HashMap hash (Ljava/lang/Object;)I 2 141976 orig 264 64 144 169 93 0 0 0 0 96 168 108 207 218 2 0 0 176 1 0 0 0 0 0 0 0 0 0 0 0 0 0 0 0 0 0 0 0 0 0 0 0 0 0 0 0 0 0 0 0 0 0 0 0 0 0 0 0 0 0 0 0 0 0 0 0 0 0 0 0 0 0 0 0 0 0 0 0 0 0 0 77 68 79 32 101 120 116 114 97 32 100 97 116 97 32 108 111 99 107 0 0 0 0 0 0 0 0 0 0 0 0 0 0 0 0 0 0 0 0 0 0 0 0 0 0 0 0 0 0 0 0 0 0 0 0 0 0 0 0 0 0 0 0 0 1 0 0 0 0 0 0 0 0 0 0 0 0 0 0 0 0 0 0 0 0 0 0 0 0 0 0 0 0 0 0 0 0 0 0 3 0 0 0 0 17 0 0 0 0 0 0 0 0 0 0 0 0 0 0 0 0 0 0 0 0 0 0 0 0 0 0 0 0 0 0 0 15 1 0 0 73 76 17 0 1 0 0 0 152 38 2 0 0 0 0 0 2 0 0 0 0 0 6 0 2 0 0 0 104 0 0 0 255 255 255 255 7 224 1 0 0 0 0 0 data 13 0x1e007 0x228e3 0x38 0xa9 0x50003 0xa9 0x48 0x90005 0xc3bc 0x2dad00c6340 0x15cbe 0x2dad6656a10 0x869 oops 2 9 java/lang/String 11 java/util/jar/Attributes$Name
ciMethodData java/util/ArrayList ensureCapacityInternal (I)V 2 54717 orig 264 64 144 169 93 0 0 0 0 184 15 107 207 218 2 0 0 112 1 0 0 0 0 0 0 0 0 0 0 0 0 0 0 0 0 0 0 0 0 0 0 0 0 0 0 0 0 0 0 0 0 0 0 0 0 0 0 0 0 0 0 0 0 0 0 0 0 0 0 0 0 0 0 0 0 0 0 0 0 0 0 77 68 79 32 101 120 116 114 97 32 100 97 116 97 32 108 111 99 107 0 0 0 0 0 0 0 0 0 0 0 0 0 0 0 0 0 0 0 0 0 0 0 0 0 0 0 0 0 0 0 0 0 0 0 0 0 0 0 0 0 0 0 0 0 0 0 0 0 0 0 0 0 0 0 0 0 0 0 0 0 0 0 0 0 0 0 0 0 0 0 0 0 0 0 0 0 0 0 0 0 0 0 0 0 17 0 0 0 0 0 0 0 0 0 0 0 0 0 0 0 1 0 0 0 0 0 0 0 0 0 0 0 0 0 0 0 12 1 0 0 129 165 6 0 1 0 0 0 0 0 0 0 0 0 0 0 2 0 0 0 0 0 14 0 2 0 0 0 32 0 0 0 255 255 255 255 2 0 6 0 0 0 0 0 data 4 0x60002 0xd4b0 0x90002 0xd4b0 oops 0
ciMethodData java/util/ArrayList calculateCapacity ([Ljava/lang/Object;I)I 2 54723 orig 264 64 144 169 93 0 0 0 0 24 15 107 207 218 2 0 0 128 1 0 0 0 0 0 0 0 0 0 0 0 0 0 0 0 0 0 0 0 0 0 0 0 0 0 0 0 0 0 0 0 0 0 0 0 0 0 0 0 0 0 0 0 0 0 0 0 0 0 0 0 0 0 0 0 0 0 0 0 0 0 0 77 68 79 32 101 120 116 114 97 32 100 97 116 97 32 108 111 99 107 0 0 0 0 0 0 0 0 0 0 0 0 0 0 0 0 0 0 0 0 0 0 0 0 0 0 0 0 0 0 0 0 0 0 0 0 0 0 0 0 0 0 0 0 0 0 0 0 0 0 0 0 0 0 0 0 0 0 0 0 0 0 0 0 0 0 0 0 0 0 0 0 0 0 0 0 0 0 0 0 0 0 0 0 0 0 0 0 0 0 0 0 0 0 0 0 0 0 0 0 0 0 0 0 0 0 0 0 0 0 0 0 0 0 0 0 0 12 1 0 0 185 165 6 0 1 0 0 0 0 0 0 0 0 0 0 0 2 0 0 0 0 0 0 0 0 0 0 0 48 0 0 0 255 255 255 255 7 0 4 0 0 0 0 0 data 6 0x40007 0xacc0 0x30 0x27f7 0xa0002 0x27f7 oops 0
ciMethodData java/util/ArrayList ensureExplicitCapacity (I)V 2 54297 orig 264 64 144 169 93 0 0 0 0 104 16 107 207 218 2 0 0 88 1 0 0 0 0 0 0 0 0 0 0 0 0 0 0 0 0 0 0 0 0 0 0 0 0 0 0 0 0 0 0 0 0 0 0 0 0 0 0 0 0 0 0 0 0 0 0 0 0 0 0 0 0 0 0 0 0 0 0 0 0 0 0 77 68 79 32 101 120 116 114 97 32 100 97 116 97 32 108 111 99 107 0 0 0 0 0 0 0 0 0 0 0 0 0 0 0 0 0 0 0 0 0 0 0 0 0 0 0 0 0 0 0 0 0 0 0 0 0 0 0 0 0 0 0 0 0 0 0 0 0 0 0 0 0 0 0 0 0 0 0 0 0 0 0 0 0 0 0 0 0 0 0 0 0 0 0 0 0 0 0 0 0 0 0 0 0 17 0 0 0 0 0 0 0 0 0 0 0 0 0 0 0 1 0 0 0 0 0 0 0 0 0 0 0 0 0 0 0 12 1 0 0 105 152 6 0 1 0 0 0 0 0 0 0 0 0 0 0 2 0 0 0 0 0 0 0 0 0 0 0 48 0 0 0 255 255 255 255 7 0 17 0 0 0 0 0 data 6 0x110007 0xa4f3 0x30 0x2e1a 0x160002 0x2e1a oops 0
ciMethodData java/util/ArrayList grow (I)V 2 5280 orig 264 64 144 169 93 0 0 0 0 48 17 107 207 218 2 0 0 176 1 0 0 64 0 0 0 0 0 0 0 0 0 0 0 0 0 0 0 0 0 0 0 0 0 0 0 0 0 0 0 0 0 0 0 0 0 0 0 0 0 0 0 0 0 0 0 0 0 0 0 0 0 0 0 0 0 0 0 0 0 0 0 77 68 79 32 101 120 116 114 97 32 100 97 116 97 32 108 111 99 107 0 0 0 0 0 0 0 0 0 0 0 0 0 0 0 0 0 0 0 0 0 0 0 0 0 0 0 0 0 0 0 0 0 0 0 0 0 0 0 0 0 0 0 0 0 0 0 0 0 0 0 0 0 0 0 0 0 0 0 0 0 0 0 0 0 0 0 0 0 0 0 0 0 0 0 0 0 0 0 0 0 0 0 0 0 17 0 0 0 0 0 0 0 0 0 0 0 0 0 0 0 1 0 0 0 0 0 0 0 0 0 0 0 0 0 0 0 65 0 0 0 249 162 0 0 1 0 0 0 0 0 0 0 0 0 0 0 2 0 0 0 0 0 15 0 2 0 0 0 96 0 0 0 255 255 255 255 7 0 15 0 0 0 0 0 data 12 0xf0007 0x82 0x20 0x13dd 0x180007 0x145f 0x30 0x0 0x1c0002 0x0 0x260002 0x145f oops 0
ciMethodData java/util/ArrayList rangeCheck (I)V 2 33910 orig 264 64 144 169 93 0 0 0 0 200 33 107 207 218 2 0 0 104 1 0 0 0 0 0 0 0 0 0 0 0 0 0 0 0 0 0 0 0 0 0 0 0 0 0 0 0 0 0 0 0 0 0 0 0 0 0 0 0 0 0 0 0 0 0 0 0 0 0 0 0 0 0 0 0 0 0 0 0 0 0 0 77 68 79 32 101 120 116 114 97 32 100 97 116 97 32 108 111 99 107 0 0 0 0 0 0 0 0 0 0 0 0 0 0 0 0 0 0 0 0 0 0 0 0 0 0 0 0 0 0 0 0 0 0 0 0 0 0 0 0 0 0 0 0 0 0 0 0 0 0 0 0 0 0 0 0 0 0 0 0 0 0 0 0 0 0 0 0 0 0 0 0 0 0 0 0 0 0 0 0 0 0 0 0 0 25 0 0 0 0 0 0 0 0 0 0 0 0 0 0 0 1 0 0 0 0 0 0 0 0 0 0 0 0 0 0 0 9 1 0 0 105 27 4 0 1 0 0 0 0 0 0 0 0 0 0 0 2 0 0 0 0 0 5 0 2 0 0 0 64 0 0 0 255 255 255 255 7 0 5 0 0 0 0 0 data 8 0x50007 0x836d 0x40 0x0 0xe0002 0x0 0x110002 0x0 oops 0
ciMethodData java/util/ArrayList elementData (I)Ljava/lang/Object; 2 34039 orig 264 64 144 169 93 0 0 0 0 72 24 107 207 218 2 0 0 40 1 0 0 0 0 0 0 0 0 0 0 0 0 0 0 0 0 0 0 0 0 0 0 0 0 0 0 0 0 0 0 0 0 0 0 0 0 0 0 0 0 0 0 0 0 0 0 0 0 0 0 0 0 0 0 0 0 0 0 0 0 0 0 77 68 79 32 101 120 116 114 97 32 100 97 116 97 32 108 111 99 107 0 0 0 0 0 0 0 0 0 0 0 0 0 0 0 0 0 0 0 0 0 0 0 0 0 0 0 0 0 0 0 0 0 0 0 0 0 0 0 0 0 0 0 0 0 0 0 0 0 0 0 0 0 0 0 0 0 0 0 0 0 0 0 0 0 0 0 0 0 0 0 0 0 0 0 0 0 0 0 0 0 0 0 0 0 1 0 0 0 0 0 0 0 0 0 0 0 0 0 0 0 1 0 0 0 0 0 0 0 0 0 0 0 0 0 0 0 32 1 0 0 185 30 4 0 1 0 0 0 0 0 0 0 0 0 0 0 2 0 0 0 0 0 3 0 1 0 0 0 0 0 0 0 255 255 255 255 0 0 0 0 0 0 0 0 data 0 oops 0
ciMethodData java/util/ArrayList get (I)Ljava/lang/Object; 2 25445 orig 264 64 144 169 93 0 0 0 0 232 24 107 207 218 2 0 0 144 1 0 0 0 0 0 0 0 0 0 0 0 0 0 0 0 0 0 0 0 0 0 0 0 0 0 0 0 0 0 0 0 0 0 0 0 0 0 0 0 0 0 0 0 0 0 0 0 0 0 0 0 0 0 0 0 0 0 0 0 0 0 0 77 68 79 32 101 120 116 114 97 32 100 97 116 97 32 108 111 99 107 0 0 0 0 0 0 0 0 0 0 0 0 0 0 0 0 0 0 0 0 0 0 0 0 0 0 0 0 0 0 0 0 0 0 0 0 0 0 0 0 0 0 0 0 0 0 0 0 0 0 0 0 0 0 0 0 0 0 0 0 0 0 0 0 0 0 0 0 0 0 0 0 0 0 0 0 0 0 0 0 0 0 0 0 0 0 0 0 0 0 0 0 0 0 0 0 0 0 0 0 0 0 0 0 0 0 0 0 0 0 0 0 0 0 0 0 0 9 1 0 0 225 18 3 0 1 0 0 0 0 0 0 0 0 0 0 0 2 0 0 0 0 0 6 0 2 0 0 0 64 0 0 0 255 255 255 255 2 0 2 0 0 0 0 0 data 8 0x20002 0x625c 0x70005 0x0 0x2dad37edd40 0x625c 0x0 0x0 oops 1 4 java/util/ArrayList
ciMethodData java/util/ArrayList add (Ljava/lang/Object;)Z 2 41079 orig 264 64 144 169 93 0 0 0 0 64 26 107 207 218 2 0 0 144 1 0 0 0 0 0 0 0 0 0 0 0 0 0 0 0 0 0 0 0 0 0 0 0 0 0 0 0 0 0 0 0 0 0 0 0 0 0 0 0 0 0 0 0 0 0 0 0 0 0 0 0 0 0 0 0 0 0 0 0 0 0 0 77 68 79 32 101 120 116 114 97 32 100 97 116 97 32 108 111 99 107 0 0 0 0 0 0 0 0 0 0 0 0 0 0 0 0 0 0 0 0 0 0 0 0 0 0 0 0 0 0 0 0 0 0 0 0 0 0 0 0 0 0 0 0 0 0 0 0 0 0 0 0 0 0 0 0 0 0 0 0 0 0 0 0 0 0 0 0 0 0 0 0 0 0 0 0 0 0 0 0 0 0 0 0 0 17 0 0 0 0 0 0 0 0 0 0 0 0 0 0 0 1 0 0 0 0 0 0 0 0 0 0 0 0 0 0 0 94 1 0 0 201 248 4 0 1 0 0 0 0 0 0 0 0 0 0 0 2 0 0 0 0 0 15 0 2 0 0 0 64 0 0 0 255 255 255 255 2 0 7 0 0 0 0 0 data 8 0x70002 0x9f19 0x1a0104 0x0 0x2dad00a1f70 0x11 0x2dadd038180 0x1f oops 2 4 [B 6 sun/misc/URLClassPath$JarLoader
ciMethodData java/util/HashMap put (Ljava/lang/Object;Ljava/lang/Object;)Ljava/lang/Object; 2 34362 orig 264 64 144 169 93 0 0 0 0 80 179 108 207 218 2 0 0 152 1 0 0 0 0 0 0 0 0 0 0 0 0 0 0 0 0 0 0 0 0 0 0 0 0 0 0 0 0 0 0 0 0 0 0 0 0 0 0 0 0 0 0 0 0 0 0 0 0 0 0 0 0 0 0 0 0 0 0 0 0 0 0 77 68 79 32 101 120 116 114 97 32 100 97 116 97 32 108 111 99 107 0 0 0 0 0 0 0 0 0 0 0 0 0 0 0 0 0 0 0 0 0 0 0 0 0 0 0 0 0 0 0 0 0 0 0 0 0 0 0 0 0 0 0 0 0 1 0 0 0 0 0 0 0 0 0 0 0 0 0 0 0 0 0 0 0 0 0 0 0 0 0 0 0 0 0 0 0 0 0 0 0 0 0 0 0 17 0 0 0 0 0 0 0 0 0 0 0 0 0 0 0 0 0 0 0 0 0 0 0 0 0 0 0 0 0 0 0 174 0 0 0 97 44 4 0 1 0 0 0 65 22 0 0 0 0 0 0 2 0 0 0 0 0 7 0 2 0 0 0 64 0 0 0 255 255 255 255 2 0 2 0 0 0 0 0 data 8 0x20002 0x858c 0x90005 0x6387 0x2dad6653450 0x21db 0x2dad66557d0 0x2b oops 2 4 java/util/HashMap 6 java/io/ExpiringCache$1
ciMethodData java/util/HashMap putVal (ILjava/lang/Object;Ljava/lang/Object;ZZ)Ljava/lang/Object; 2 6509 orig 264 64 144 169 93 0 0 0 0 48 181 108 207 218 2 0 0 176 6 0 0 176 3 0 0 0 0 0 0 0 0 0 0 0 0 0 0 0 0 0 0 0 0 0 0 0 0 0 0 0 0 0 0 0 0 0 0 0 0 0 0 0 0 0 0 0 0 0 0 0 0 0 0 0 0 0 0 0 0 0 0 77 68 79 32 101 120 116 114 97 32 100 97 116 97 32 108 111 99 107 0 0 0 0 0 0 0 0 0 0 0 0 0 0 0 0 0 0 0 0 0 0 0 0 0 0 0 0 0 0 0 0 0 0 0 0 0 0 0 0 0 0 0 0 0 2 0 0 0 0 0 0 0 0 0 0 0 0 0 0 0 0 0 0 0 0 0 0 4 0 0 0 0 0 0 0 0 0 0 0 0 0 0 0 0 0 0 0 0 0 0 0 0 0 0 0 0 0 0 0 0 0 0 0 0 0 0 0 0 0 0 0 0 0 0 0 0 177 0 0 0 225 197 0 0 89 15 0 0 0 0 0 0 0 0 0 0 2 0 0 0 1 0 50 0 2 0 0 0 64 5 0 0 255 255 255 255 7 0 7 0 0 0 0 0 data 168 0x70007 0x326 0x40 0x1596 0x100007 0x1596 0x50 0x0 0x140005 0x23e 0x2dad6653450 0xe7 0x2dad3d6d840 0x1 0x2c0007 0x7e4 0x98 0x10d8 0x380005 0x4df 0x2dad6653450 0xbe0 0x2dad66557d0 0x19 0x3b0004 0x0 0x2dad6658e80 0xc0f 0x2dad3d6d8f0 0x4c9 0x3c0003 0x10d8 0x3d0 0x450007 0x71a 0xc8 0xca 0x510007 0x18 0x90 0xb2 0x550007 0x0 0x88 0xb2 0x5b0005 0x9a 0x2dad00c8f50 0x6 0x2dad00c9070 0x12 0x5e0007 0x3c 0x38 0x76 0x650003 0x8e 0x278 0x6a0004 0xfffffffffffff8aa 0x2dad6658e80 0x9e 0x2dad3d6d8f0 0x56 0x6d0007 0x756 0x98 0x0 0x720004 0x0 0x0 0x0 0x0 0x0 0x7b0005 0x0 0x0 0x0 0x0 0x0 0x800003 0x0 0x1b0 0x8e0007 0x1fa 0xb8 0x747 0x980005 0x107 0x2dad6653450 0x62b 0x2dad66557d0 0x15 0xa20007 0x747 0x148 0x0 0xa90005 0x0 0x0 0x0 0x0 0x0 0xac0003 0x0 0xf8 0xb50007 0x1ea 0xc8 0x10 0xc10007 0x2 0xc0 0xe 0xc50007 0x0 0x88 0xe 0xcbf005 0xd 0x2dad00c9070 0x4 0x2dad3d6d9a0 0x1 0xce0007 0x1 0x38 0x11 0xd10003 0x11 0x30 0xdb0003 0x1eb 0xfffffffffffffe80 0xe00007 0x747 0x90 0xa1 0xec0007 0xa1 0x40 0x0 0xf10007 0x0 0x20 0x0 0xfd0005 0x0 0x2dad6653450 0x49 0x2dad6653f20 0x58 0x11c0007 0x1775 0x50 0xaa 0x1200005 0x2e 0x2dad6653450 0x79 0x2dad3d6d840 0x3 0x1270005 0x5e6 0x2dad6653450 0x120b 0x2dad66557d0 0x2e oops 20 10 java/util/HashMap 12 java/lang/ProcessEnvironment 20 java/util/HashMap 22 java/io/ExpiringCache$1 26 java/util/HashMap$Node 28 java/util/LinkedHashMap$Entry 47 java/io/File 49 java/net/URL 60 java/util/HashMap$Node 62 java/util/LinkedHashMap$Entry 89 java/util/HashMap 91 java/io/ExpiringCache$1 120 java/net/URL 122 sun/misc/ProxyGenerator$ConstantPool$IndirectEntry 148 java/util/HashMap 150 java/util/LinkedHashMap 158 java/util/HashMap 160 java/lang/ProcessEnvironment 164 java/util/HashMap 166 java/io/ExpiringCache$1
ciMethodData java/util/HashMap$Node <init> (ILjava/lang/Object;Ljava/lang/Object;Ljava/util/HashMap$Node;)V 2 12060 orig 264 64 144 169 93 0 0 0 0 208 247 108 207 218 2 0 0 80 1 0 0 0 0 0 0 0 0 0 0 0 0 0 0 0 0 0 0 0 0 0 0 0 0 0 0 0 0 0 0 0 0 0 0 0 0 0 0 0 0 0 0 0 0 0 0 0 0 0 0 0 0 0 0 0 0 0 0 0 0 0 0 77 68 79 32 101 120 116 114 97 32 100 97 116 97 32 108 111 99 107 0 0 0 0 0 0 0 0 0 0 0 0 0 0 0 0 0 0 0 0 0 0 0 0 0 0 0 0 0 0 0 0 0 0 0 0 0 0 0 0 0 0 0 0 0 0 0 0 0 0 0 0 0 0 0 0 0 0 0 0 0 0 0 0 0 0 0 0 0 0 0 0 0 0 0 0 0 0 0 0 0 0 0 0 0 1 0 0 0 0 0 0 0 0 0 0 0 0 0 0 0 1 0 0 0 0 0 0 0 0 0 0 0 0 0 0 0 6 1 0 0 177 112 1 0 1 0 0 0 0 0 0 0 0 0 0 0 2 0 0 0 0 0 3 0 2 0 0 0 16 0 0 0 255 255 255 255 2 0 1 0 0 0 0 0 data 2 0x10002 0x2e16 oops 0
ciMethodData java/util/HashMap resize ()[Ljava/util/HashMap$Node; 2 16721 orig 264 64 144 169 93 0 0 0 0 96 183 108 207 218 2 0 0 56 6 0 0 176 1 0 0 0 0 0 0 0 0 0 0 0 0 0 0 0 0 0 0 0 0 0 0 0 0 0 0 0 0 0 0 0 0 0 0 0 0 0 0 0 0 0 0 0 0 0 0 0 0 0 0 0 0 0 0 0 0 0 0 77 68 79 32 101 120 116 114 97 32 100 97 116 97 32 108 111 99 107 0 0 0 0 0 0 0 0 0 0 0 0 0 0 0 0 0 0 0 0 0 0 0 0 0 0 0 0 0 0 0 0 0 0 0 0 0 0 0 0 0 0 0 0 0 0 0 0 0 0 0 0 0 0 0 0 0 0 0 0 0 0 0 0 0 0 0 0 0 0 0 0 0 0 0 0 0 0 0 0 0 0 0 0 0 0 0 0 0 0 0 0 0 0 0 0 0 0 0 0 0 0 0 0 0 0 0 0 0 0 0 0 0 0 0 0 0 238 0 0 0 89 47 0 0 25 3 2 0 0 0 0 0 0 0 0 0 2 0 0 0 2 0 56 0 2 0 0 0 240 4 0 0 255 255 255 255 7 0 6 0 0 0 0 0 data 158 0x60007 0xe1 0x38 0x50a 0xa0003 0x50a 0x18 0x190007 0x50a 0x98 0xe1 0x1f0007 0xe1 0x20 0x0 0x320007 0x0 0x90 0xe1 0x380007 0x13 0x70 0xce 0x400003 0xce 0x50 0x440007 0x30a 0x38 0x200 0x4a0003 0x200 0x18 0x570007 0x3d8 0x78 0x213 0x680007 0x0 0x58 0x213 0x700007 0x0 0x38 0x213 0x760003 0x213 0x18 0x880004 0x0 0x2dad6658f30 0x5e 0x0 0x0 0x940007 0x50a 0x340 0xe1 0x9d0007 0xe1 0x320 0x2e7f 0xa70007 0x1567 0x2e8 0x1918 0xae0104 0x0 0x0 0x0 0x0 0x0 0xb40007 0x87b 0x68 0x109d 0xc50004 0x0 0x2dad3d6d8f0 0xf7 0x2dad6658e80 0xfa6 0xc60003 0x109d 0x248 0xcb0004 0xfffffffffffff785 0x2dad3d6d8f0 0x34 0x2dad6658e80 0x102 0xce0007 0x87b 0x98 0x0 0xd30004 0x0 0x0 0x0 0x0 0x0 0xdc0005 0x0 0x0 0x0 0x0 0x0 0xdf0003 0x0 0x180 0xfc0007 0x76c 0x70 0xbae 0x1010007 0x423 0x38 0x78b 0x1080003 0x78b 0x18 0x1160003 0xbae 0x50 0x11b0007 0x1e1 0x38 0x58b 0x1220003 0x58b 0x18 0x1350007 0xa9f 0xffffffffffffff58 0x87b 0x13a0007 0xf0 0x50 0x78b 0x1490004 0x0 0x2dad3d6d8f0 0x58 0x2dad6658e80 0x733 0x14c0007 0x2f0 0x50 0x58b 0x15d0004 0x0 0x2dad3d6d8f0 0x55 0x2dad6658e80 0x536 0x1610003 0x2e7f 0xfffffffffffffcf8 oops 9 50 [Ljava/util/HashMap$Node; 78 java/util/LinkedHashMap$Entry 80 java/util/HashMap$Node 87 java/util/LinkedHashMap$Entry 89 java/util/HashMap$Node 141 java/util/LinkedHashMap$Entry 143 java/util/HashMap$Node 151 java/util/LinkedHashMap$Entry 153 java/util/HashMap$Node
ciMethodData java/util/HashMap newNode (ILjava/lang/Object;Ljava/lang/Object;Ljava/util/HashMap$Node;)Ljava/util/HashMap$Node; 2 5637 orig 264 64 144 169 93 0 0 0 0 224 208 108 207 218 2 0 0 80 1 0 0 0 0 0 0 0 0 0 0 0 0 0 0 0 0 0 0 0 0 0 0 0 0 0 0 0 0 0 0 0 0 0 0 0 0 0 0 0 0 0 0 0 0 0 0 0 0 0 0 0 0 0 0 0 0 0 0 0 0 0 0 77 68 79 32 101 120 116 114 97 32 100 97 116 97 32 108 111 99 107 0 0 0 0 0 0 0 0 0 0 0 0 0 0 0 0 0 0 0 0 0 0 0 0 0 0 0 0 0 0 0 0 0 0 0 0 0 0 0 0 0 0 0 0 0 0 0 0 0 0 0 0 0 0 0 0 0 0 0 0 0 0 0 0 0 0 0 0 0 0 0 0 0 0 0 0 0 0 0 0 0 0 0 0 0 0 0 0 0 0 0 0 0 0 0 0 0 0 0 0 0 0 0 0 0 0 0 0 0 0 0 0 0 0 0 0 0 147 1 0 0 145 163 0 0 1 0 0 0 0 0 0 0 0 0 0 0 2 0 0 0 0 0 3 0 2 0 0 0 16 0 0 0 255 255 255 255 2 0 9 0 0 0 0 0 data 2 0x90002 0x1472 oops 0
ciMethodData java/util/HashMap afterNodeInsertion (Z)V 2 1428 orig 264 64 144 169 93 0 0 0 0 168 212 108 207 218 2 0 0 40 1 0 0 0 0 0 0 0 0 0 0 0 0 0 0 0 0 0 0 0 0 0 0 0 0 0 0 0 0 0 0 0 0 0 0 0 0 0 0 0 0 0 0 0 0 0 0 0 0 0 0 0 0 0 0 0 0 0 0 0 0 0 0 77 68 79 32 101 120 116 114 97 32 100 97 116 97 32 108 111 99 107 0 0 0 0 0 0 0 0 0 0 0 0 0 0 0 0 0 0 0 0 0 0 0 0 0 0 0 0 0 0 0 0 0 0 0 0 0 0 0 0 0 0 0 0 0 0 0 0 0 0 0 0 0 0 0 0 0 0 0 0 0 0 0 0 0 0 0 0 0 0 0 0 0 0 0 0 0 0 0 0 0 0 0 0 0 0 0 0 0 0 0 0 0 0 0 0 0 0 0 0 0 0 0 0 0 0 0 0 0 0 0 0 0 0 0 0 0 147 1 0 0 9 32 0 0 1 0 0 0 0 0 0 0 0 0 0 0 2 0 0 0 0 0 3 0 1 0 0 0 0 0 0 0 255 255 255 255 0 0 0 0 0 0 0 0 data 0 oops 0
ciMethodData java/util/Arrays copyOf ([Ljava/lang/Object;I)[Ljava/lang/Object; 2 14569 orig 264 64 144 169 93 0 0 0 0 104 58 112 207 218 2 0 0 192 1 0 0 0 0 0 0 0 0 0 0 0 0 0 0 0 0 0 0 0 0 0 0 0 0 0 0 0 0 0 0 0 0 0 0 0 0 0 0 0 0 0 0 0 0 0 0 0 0 0 0 0 0 0 0 0 0 0 0 0 0 0 0 77 68 79 32 101 120 116 114 97 32 100 97 116 97 32 108 111 99 107 0 0 0 0 0 0 0 0 0 0 0 0 0 0 0 0 0 0 0 0 0 0 0 0 0 0 0 0 0 0 0 0 0 0 0 0 0 0 0 0 0 0 0 0 0 0 0 0 0 0 0 0 0 0 0 0 0 0 0 0 0 0 0 0 0 0 0 0 0 0 0 0 0 0 0 0 0 0 0 0 0 0 0 0 0 0 0 0 0 0 0 0 0 0 0 0 0 0 0 0 0 0 0 0 0 0 0 0 0 0 0 0 0 0 0 0 0 171 0 0 0 241 193 1 0 1 0 0 0 0 0 0 0 0 0 0 0 2 0 0 0 0 0 3 0 2 0 0 0 112 0 0 0 255 255 255 255 5 0 3 0 0 0 0 0 data 14 0x30005 0x648 0x2dad66b9d60 0x302e 0x2dadd0372a0 0x1c8 0x60002 0x383e 0x90004 0x0 0x2dad66b9d60 0x5f 0x2dadd037310 0x18 oops 4 2 [Ljava/lang/Object; 4 [Ljava/lang/reflect/Method; 10 [Ljava/lang/Object; 12 [Ljava/lang/String;
ciMethodData java/util/HashSet add (Ljava/lang/Object;)Z 2 6732 orig 264 64 144 169 93 0 0 0 0 64 233 116 207 218 2 0 0 184 1 0 0 0 0 0 0 0 0 0 0 0 0 0 0 0 0 0 0 0 0 0 0 0 0 0 0 0 0 0 0 0 0 0 0 0 0 0 0 0 0 0 0 0 0 0 0 0 0 0 0 0 0 0 0 0 0 0 0 0 0 0 0 77 68 79 32 101 120 116 114 97 32 100 97 116 97 32 108 111 99 107 0 0 0 0 0 0 0 0 0 0 0 0 0 0 0 0 0 0 0 0 0 0 0 0 0 0 0 0 0 0 0 0 0 0 0 0 0 0 0 0 0 0 0 0 0 0 0 0 0 0 0 0 0 0 0 0 0 0 0 0 0 0 0 0 0 0 0 0 0 0 0 0 0 0 0 0 0 0 0 0 0 0 0 0 0 0 0 0 0 0 0 0 0 0 0 0 0 0 0 0 0 0 0 0 0 0 0 0 0 0 0 0 0 0 0 0 0 17 1 0 0 217 201 0 0 1 0 0 0 0 0 0 0 0 0 0 0 2 0 0 0 0 0 6 0 2 0 0 0 104 0 0 0 255 255 255 255 5 0 8 0 0 0 0 0 data 13 0x80005 0x0 0x2dad6653450 0x1320 0x2dad6653f20 0x61b 0xb0007 0x82 0x38 0x18b9 0xf0003 0x18b9 0x18 oops 2 2 java/util/HashMap 4 java/util/LinkedHashMap
ciMethodData java/util/LinkedHashMap newNode (ILjava/lang/Object;Ljava/lang/Object;Ljava/util/HashMap$Node;)Ljava/util/HashMap$Node; 2 6423 orig 264 64 144 169 93 0 0 0 0 8 136 118 207 218 2 0 0 96 1 0 0 0 0 0 0 0 0 0 0 0 0 0 0 0 0 0 0 0 0 0 0 0 0 0 0 0 0 0 0 0 0 0 0 0 0 0 0 0 0 0 0 0 0 0 0 0 0 0 0 0 0 0 0 0 0 0 0 0 0 0 0 77 68 79 32 101 120 116 114 97 32 100 97 116 97 32 108 111 99 107 0 0 0 0 0 0 0 0 0 0 0 0 0 0 0 0 0 0 0 0 0 0 0 0 0 0 0 0 0 0 0 0 0 0 0 0 0 0 0 0 0 0 0 0 0 0 0 0 0 0 0 0 0 0 0 0 0 0 0 0 0 0 0 0 0 0 0 0 0 0 0 0 0 0 0 0 0 0 0 0 0 0 0 0 0 29 0 0 0 0 0 0 0 0 0 0 0 0 0 0 0 1 0 0 0 0 0 0 0 0 0 0 0 0 0 0 0 0 1 0 0 185 192 0 0 1 0 0 0 0 0 0 0 0 0 0 0 2 0 0 0 0 0 7 0 2 0 0 0 32 0 0 0 255 255 255 255 2 0 9 0 0 0 0 0 data 4 0x90002 0x1817 0x110002 0x1817 oops 0
ciMethodData java/util/LinkedHashMap$Entry <init> (ILjava/lang/Object;Ljava/lang/Object;Ljava/util/HashMap$Node;)V 2 6423 orig 264 64 144 169 93 0 0 0 0 8 208 118 207 218 2 0 0 80 1 0 0 0 0 0 0 0 0 0 0 0 0 0 0 0 0 0 0 0 0 0 0 0 0 0 0 0 0 0 0 0 0 0 0 0 0 0 0 0 0 0 0 0 0 0 0 0 0 0 0 0 0 0 0 0 0 0 0 0 0 0 0 77 68 79 32 101 120 116 114 97 32 100 97 116 97 32 108 111 99 107 0 0 0 0 0 0 0 0 0 0 0 0 0 0 0 0 0 0 0 0 0 0 0 0 0 0 0 0 0 0 0 0 0 0 0 0 0 0 0 0 0 0 0 0 0 0 0 0 0 0 0 0 0 0 0 0 0 0 0 0 0 0 0 0 0 0 0 0 0 0 0 0 0 0 0 0 0 0 0 0 0 0 0 0 0 1 0 0 0 0 0 0 0 0 0 0 0 0 0 0 0 1 0 0 0 0 0 0 0 0 0 0 0 0 0 0 0 0 1 0 0 185 192 0 0 1 0 0 0 0 0 0 0 0 0 0 0 2 0 0 0 0 0 3 0 2 0 0 0 16 0 0 0 255 255 255 255 2 0 6 0 0 0 0 0 data 2 0x60002 0x1817 oops 0
ciMethodData java/util/LinkedHashMap linkNodeLast (Ljava/util/LinkedHashMap$Entry;)V 2 6423 orig 264 64 144 169 93 0 0 0 0 232 133 118 207 218 2 0 0 96 1 0 0 0 0 0 0 0 0 0 0 0 0 0 0 0 0 0 0 0 0 0 0 0 0 0 0 0 0 0 0 0 0 0 0 0 0 0 0 0 0 0 0 0 0 0 0 0 0 0 0 0 0 0 0 0 0 0 0 0 0 0 0 77 68 79 32 101 120 116 114 97 32 100 97 116 97 32 108 111 99 107 0 0 0 0 0 0 0 0 0 0 0 0 0 0 0 0 0 0 0 0 0 0 0 0 0 0 0 0 0 0 0 0 0 0 0 0 0 0 0 0 0 0 0 0 0 0 0 0 0 0 0 0 0 0 0 0 0 0 0 0 0 0 0 0 0 0 0 0 0 0 0 0 0 0 0 0 0 0 0 0 0 0 0 0 0 17 0 0 0 0 0 0 0 0 0 0 0 0 0 0 0 1 0 0 0 0 0 0 0 0 0 0 0 0 0 0 0 0 1 0 0 185 192 0 0 1 0 0 0 0 0 0 0 0 0 0 0 2 0 0 0 0 0 0 0 0 0 0 0 56 0 0 0 255 255 255 255 7 0 11 0 0 0 0 0 data 7 0xb0007 0xf97 0x38 0x880 0x130003 0x880 0x18 oops 0
ciMethodData java/util/LinkedHashMap afterNodeInsertion (Z)V 2 5657 orig 264 64 144 169 93 0 0 0 0 184 139 118 207 218 2 0 0 32 2 0 0 0 0 0 0 0 0 0 0 0 0 0 0 0 0 0 0 0 0 0 0 0 0 0 0 0 0 0 0 0 0 0 0 0 0 0 0 0 0 0 0 0 0 0 0 0 0 0 0 0 0 0 0 0 0 0 0 0 0 0 0 77 68 79 32 101 120 116 114 97 32 100 97 116 97 32 108 111 99 107 0 0 0 0 0 0 0 0 0 0 0 0 0 0 0 0 0 0 0 0 0 0 0 0 0 0 0 0 0 0 0 0 0 0 0 0 0 0 0 0 0 0 0 0 0 0 0 0 0 0 0 0 0 0 0 0 0 0 0 0 0 0 0 0 0 0 0 0 0 0 0 0 0 0 0 0 0 0 0 0 0 0 0 0 0 17 0 0 0 0 0 0 0 0 0 0 0 0 0 0 0 0 0 0 0 0 0 0 0 0 0 0 0 0 0 0 0 132 1 0 0 169 164 0 0 1 0 0 0 0 0 0 0 0 0 0 0 2 0 0 0 0 0 14 0 2 0 0 0 208 0 0 0 255 255 255 255 7 0 1 0 0 0 0 0 data 26 0x10007 0x62b 0xd0 0xe6a 0xa0007 0x0 0xb0 0xe6a 0xf0005 0x0 0x2dad6653f20 0xe55 0x2dad66557d0 0x15 0x120007 0xe6a 0x60 0x0 0x1c0002 0x0 0x230005 0x0 0x0 0x0 0x0 0x0 oops 2 10 java/util/LinkedHashMap 12 java/io/ExpiringCache$1
ciMethodData java/util/LinkedHashMap afterNodeAccess (Ljava/util/HashMap$Node;)V 2 2637 orig 264 64 144 169 93 0 0 0 0 208 140 118 207 218 2 0 0 104 2 0 0 200 0 0 0 0 0 0 0 0 0 0 0 0 0 0 0 0 0 0 0 0 0 0 0 0 0 0 0 0 0 0 0 0 0 0 0 0 0 0 0 0 0 0 0 0 0 0 0 0 0 0 0 0 0 0 0 0 0 0 0 77 68 79 32 101 120 116 114 97 32 100 97 116 97 32 108 111 99 107 0 0 0 0 0 0 0 0 0 0 0 0 0 0 0 0 0 0 0 0 0 0 0 0 0 0 0 0 0 0 0 0 0 0 0 0 0 0 0 0 0 0 0 0 0 0 0 0 0 0 0 0 0 0 0 0 0 0 0 0 0 0 0 0 0 0 0 0 0 0 0 0 0 0 0 0 0 0 0 0 0 0 0 0 0 17 0 0 0 0 0 0 0 0 0 0 0 0 0 0 0 1 0 0 0 0 0 0 0 0 0 0 0 0 0 0 0 22 0 0 0 185 81 0 0 1 0 0 0 0 0 0 0 0 0 0 0 2 0 0 0 0 0 17 0 2 0 0 0 24 1 0 0 255 255 255 255 7 0 4 0 0 0 0 0 data 35 0x40007 0xa37 0x118 0x0 0xe0007 0x0 0xf8 0x0 0x120004 0x0 0x0 0x0 0x0 0x0 0x290007 0x0 0x38 0x0 0x320003 0x0 0x18 0x3e0007 0x0 0x38 0x0 0x480003 0x0 0x18 0x4f0007 0x0 0x38 0x0 0x570003 0x0 0x18 oops 0
ciMethod org/antlr/v4/runtime/IntStream index ()I 0 0 1 0 -1
ciMethod org/antlr/v4/runtime/IntStream seek (I)V 0 0 1 0 -1
ciMethod org/antlr/v4/runtime/atn/PredictionContext <init> (I)V 4097 1 3559 0 0
ciMethod org/antlr/v4/runtime/atn/PredictionContext size ()I 0 0 1 0 -1
ciMethod org/antlr/v4/runtime/atn/PredictionContext getParent (I)Lorg/antlr/v4/runtime/atn/PredictionContext; 0 0 1 0 -1
ciMethod org/antlr/v4/runtime/atn/PredictionContext getReturnState (I)I 0 0 1 0 -1
ciMethod org/antlr/v4/runtime/atn/PredictionContext isEmpty ()Z 4097 1 1063 0 -1
ciMethod org/antlr/v4/runtime/atn/PredictionContext hasEmptyPath ()Z 0 0 129 0 -1
ciMethod org/antlr/v4/runtime/atn/PredictionContext hashCode ()I 5057 1 632 0 0
ciMethod org/antlr/v4/runtime/atn/PredictionContext equals (Ljava/lang/Object;)Z 0 0 1 0 -1
ciMethod org/antlr/v4/runtime/atn/PredictionContext calculateEmptyHashCode ()I 65 1 27 0 0
ciMethod org/antlr/v4/runtime/atn/PredictionContext calculateHashCode (Lorg/antlr/v4/runtime/atn/PredictionContext;I)I 4097 1 1591 0 0
ciMethod org/antlr/v4/runtime/atn/PredictionContext calculateHashCode ([Lorg/antlr/v4/runtime/atn/PredictionContext;[I)I 2401 8225 1941 0 0
ciMethod org/antlr/v4/runtime/atn/PredictionContext merge (Lorg/antlr/v4/runtime/atn/PredictionContext;Lorg/antlr/v4/runtime/atn/PredictionContext;ZLorg/antlr/v4/runtime/misc/DoubleKeyMap;)Lorg/antlr/v4/runtime/atn/PredictionContext; 457 1 2975 0 0
ciMethod org/antlr/v4/runtime/atn/PredictionContext mergeSingletons (Lorg/antlr/v4/runtime/atn/SingletonPredictionContext;Lorg/antlr/v4/runtime/atn/SingletonPredictionContext;ZLorg/antlr/v4/runtime/misc/DoubleKeyMap;)Lorg/antlr/v4/runtime/atn/PredictionContext; 1697 1 917 0 -1
ciMethod org/antlr/v4/runtime/atn/PredictionContext mergeRoot (Lorg/antlr/v4/runtime/atn/SingletonPredictionContext;Lorg/antlr/v4/runtime/atn/SingletonPredictionContext;Z)Lorg/antlr/v4/runtime/atn/PredictionContext; 2481 1 710 0 -1
ciMethod org/antlr/v4/runtime/atn/PredictionContext mergeArrays (Lorg/antlr/v4/runtime/atn/ArrayPredictionContext;Lorg/antlr/v4/runtime/atn/ArrayPredictionContext;ZLorg/antlr/v4/runtime/misc/DoubleKeyMap;)Lorg/antlr/v4/runtime/atn/PredictionContext; 1313 2033 911 0 -1
ciMethod org/antlr/v4/runtime/atn/PredictionContext combineCommonParents ([Lorg/antlr/v4/runtime/atn/PredictionContext;)V 785 4769 407 0 -1
ciMethod org/antlr/v4/runtime/atn/SingletonPredictionContext <init> (Lorg/antlr/v4/runtime/atn/PredictionContext;I)V 209 1 1618 0 0
ciMethod org/antlr/v4/runtime/atn/SingletonPredictionContext create (Lorg/antlr/v4/runtime/atn/PredictionContext;I)Lorg/antlr/v4/runtime/atn/SingletonPredictionContext; 201 1 1617 0 0
ciMethod org/antlr/v4/runtime/atn/SingletonPredictionContext size ()I 1073 1 134 0 0
ciMethod org/antlr/v4/runtime/atn/SingletonPredictionContext getParent (I)Lorg/antlr/v4/runtime/atn/PredictionContext; 2073 1 449 0 0
ciMethod org/antlr/v4/runtime/atn/SingletonPredictionContext getReturnState (I)I 3153 1 503 0 0
ciMethod org/antlr/v4/runtime/atn/SingletonPredictionContext equals (Ljava/lang/Object;)Z 4097 1 6459 0 0
ciMethod org/antlr/v4/runtime/atn/Transition getSerializationType ()I 0 0 1 0 -1
ciMethod org/antlr/v4/runtime/atn/Transition isEpsilon ()Z 4097 1 1688 0 -1
ciMethod org/antlr/v4/runtime/atn/Transition matches (III)Z 0 0 1 0 -1
ciMethod org/antlr/v4/runtime/atn/EpsilonTransition outermostPrecedenceReturn ()I 0 0 1 0 0
ciMethod org/antlr/v4/runtime/atn/ATNState getNumberOfTransitions ()I 4097 1 42191 0 96
ciMethod org/antlr/v4/runtime/atn/ATNState transition (I)Lorg/antlr/v4/runtime/atn/Transition; 4097 1 27358 0 256
ciMethod org/antlr/v4/runtime/atn/ATNState getStateType ()I 0 0 1 0 -1
ciMethod org/antlr/v4/runtime/atn/ATNState onlyHasEpsilonTransitions ()Z 15049 1 1881 0 0
ciMethod org/antlr/v4/runtime/atn/PredicateTransition getPredicate ()Lorg/antlr/v4/runtime/atn/SemanticContext$Predicate; 1217 1 152 0 0
ciMethod org/antlr/v4/runtime/atn/PrecedencePredicateTransition getPredicate ()Lorg/antlr/v4/runtime/atn/SemanticContext$PrecedencePredicate; 97 1 12 0 0
ciMethodData org/antlr/v4/runtime/atn/ATNState getNumberOfTransitions ()I 2 42197 orig 264 64 144 169 93 0 0 0 0 112 74 136 219 218 2 0 0 120 1 0 0 0 0 0 0 0 0 0 0 0 0 0 0 0 0 0 0 0 0 0 0 0 0 0 0 0 0 0 0 0 0 0 0 0 0 0 0 0 0 0 0 0 0 0 0 0 0 0 0 0 0 0 0 0 0 0 0 0 0 0 0 77 68 79 32 101 120 116 114 97 32 100 97 116 97 32 108 111 99 107 0 0 0 0 0 0 0 0 0 0 0 0 0 0 0 0 0 0 0 0 0 0 0 0 0 0 0 0 0 0 0 0 0 0 0 0 0 0 0 0 0 0 0 0 0 0 0 0 0 0 0 0 0 0 0 0 0 0 0 0 0 0 0 0 0 0 0 0 0 0 0 0 0 0 0 0 0 0 0 0 0 0 0 0 0 17 0 0 0 0 0 0 0 0 0 0 0 0 0 0 0 1 0 0 0 0 0 0 0 0 0 0 0 0 0 0 0 0 2 0 0 169 22 5 0 1 0 0 0 0 0 0 0 0 0 0 0 2 0 0 0 0 0 3 0 2 0 0 0 48 0 0 0 255 255 255 255 5 0 4 0 0 0 0 0 data 6 0x40005 0x0 0x2dad37edd40 0xa2d5 0x0 0x0 oops 1 2 java/util/ArrayList
ciMethodData org/antlr/v4/runtime/atn/ATNState transition (I)Lorg/antlr/v4/runtime/atn/Transition; 2 27361 orig 264 64 144 169 93 0 0 0 0 160 77 136 219 218 2 0 0 176 1 0 0 0 0 0 0 0 0 0 0 0 0 0 0 0 0 0 0 0 0 0 0 0 0 0 0 0 0 0 0 0 0 0 0 0 0 0 0 0 0 0 0 0 0 0 0 0 0 0 0 0 0 0 0 0 0 0 0 0 0 0 0 77 68 79 32 101 120 116 114 97 32 100 97 116 97 32 108 111 99 107 0 0 0 0 0 0 0 0 0 0 0 0 0 0 0 0 0 0 0 0 0 0 0 0 0 0 0 0 0 0 0 0 0 0 0 0 0 0 0 0 0 0 0 0 0 0 0 0 0 0 0 0 0 0 0 0 0 0 0 0 0 0 0 0 0 0 0 0 0 0 0 0 0 0 0 0 0 0 0 0 0 0 0 0 0 0 0 0 0 0 0 0 0 0 0 0 0 0 0 0 0 0 0 0 0 0 0 0 0 0 0 0 0 0 0 0 0 0 2 0 0 9 71 3 0 1 0 0 0 0 0 0 0 0 0 0 0 2 0 0 0 0 0 3 0 2 0 0 0 96 0 0 0 255 255 255 255 5 0 5 0 0 0 0 0 data 12 0x50005 0x0 0x2dad37edd40 0x68e1 0x0 0x0 0xa0004 0x0 0x2dad56b71d0 0x43ba 0x2dad72920d0 0x18c7 oops 3 2 java/util/ArrayList 8 org/antlr/v4/runtime/atn/EpsilonTransition 10 org/antlr/v4/runtime/atn/AtomTransition
ciMethod org/antlr/v4/runtime/dfa/DFA isPrecedenceDfa ()Z 1065 1 133 0 0
ciMethod org/antlr/v4/runtime/atn/ATNConfig <init> (Lorg/antlr/v4/runtime/atn/ATNState;ILorg/antlr/v4/runtime/atn/PredictionContext;Lorg/antlr/v4/runtime/atn/SemanticContext;)V 4041 1 1342 0 0
ciMethod org/antlr/v4/runtime/atn/ATNConfig <init> (Lorg/antlr/v4/runtime/atn/ATNConfig;Lorg/antlr/v4/runtime/atn/ATNState;)V 4097 1 11202 0 0
ciMethod org/antlr/v4/runtime/atn/ATNConfig <init> (Lorg/antlr/v4/runtime/atn/ATNConfig;Lorg/antlr/v4/runtime/atn/ATNState;Lorg/antlr/v4/runtime/atn/SemanticContext;)V 793 1 164 0 0
ciMethod org/antlr/v4/runtime/atn/ATNConfig <init> (Lorg/antlr/v4/runtime/atn/ATNConfig;Lorg/antlr/v4/runtime/atn/ATNState;Lorg/antlr/v4/runtime/atn/PredictionContext;)V 1193 1 901 0 0
ciMethod org/antlr/v4/runtime/atn/ATNConfig <init> (Lorg/antlr/v4/runtime/atn/ATNConfig;Lorg/antlr/v4/runtime/atn/ATNState;Lorg/antlr/v4/runtime/atn/PredictionContext;Lorg/antlr/v4/runtime/atn/SemanticContext;)V 2321 1 5610 0 128
ciMethod org/antlr/v4/runtime/atn/ATNConfig getOuterContextDepth ()I 3521 1 6448 0 0
ciMethod org/antlr/v4/runtime/atn/ATNConfig isPrecedenceFilterSuppressed ()Z 161 1 7067 0 0
ciMethod org/antlr/v4/runtime/atn/ATNConfig setPrecedenceFilterSuppressed (Z)V 0 0 863 0 0
ciMethod org/antlr/v4/runtime/atn/ATNConfig equals (Ljava/lang/Object;)Z 4097 1 3002 0 0
ciMethod org/antlr/v4/runtime/atn/ATNConfig equals (Lorg/antlr/v4/runtime/atn/ATNConfig;)Z 4097 1 3002 0 0
ciMethod org/antlr/v4/runtime/atn/ATNConfig hashCode ()I 4097 1 7762 0 448
ciMethod org/antlr/v4/runtime/atn/LexerATNConfig equals (Lorg/antlr/v4/runtime/atn/ATNConfig;)Z 2097 1 325 0 0
ciMethod org/antlr/v4/runtime/atn/ATNConfigSet add (Lorg/antlr/v4/runtime/atn/ATNConfig;Lorg/antlr/v4/runtime/misc/DoubleKeyMap;)Z 2329 1 5495 0 0
ciMethod org/antlr/v4/runtime/atn/ATNConfigSet$AbstractConfigHashSet createBuckets (I)[[Lorg/antlr/v4/runtime/atn/ATNConfig; 2193 1 493 0 0
ciMethod org/antlr/v4/runtime/atn/ATNConfigSet$AbstractConfigHashSet createBucket (I)[Lorg/antlr/v4/runtime/atn/ATNConfig; 4097 1 5794 0 0
ciMethod org/antlr/v4/runtime/atn/ATNConfigSet$AbstractConfigHashSet createBucket (I)[Ljava/lang/Object; 4097 1 5794 0 224
ciMethod org/antlr/v4/runtime/atn/ATNConfigSet$AbstractConfigHashSet createBuckets (I)[[Ljava/lang/Object; 2169 1 493 0 0
ciMethod org/antlr/v4/runtime/misc/Array2DHashSet getOrAdd (Ljava/lang/Object;)Ljava/lang/Object; 3521 1 6484 0 0
ciMethod org/antlr/v4/runtime/misc/Array2DHashSet getOrAddImpl (Ljava/lang/Object;)Ljava/lang/Object; 3273 1561 6931 0 0
ciMethod org/antlr/v4/runtime/misc/Array2DHashSet getBucket (Ljava/lang/Object;)I 4097 1 10729 0 704
ciMethod org/antlr/v4/runtime/misc/Array2DHashSet expand ()V 81 9265 113 0 0
ciMethod org/antlr/v4/runtime/misc/Array2DHashSet size ()I 1041 1 113 0 0
ciMethod org/antlr/v4/runtime/misc/Array2DHashSet createBuckets (I)[[Ljava/lang/Object; 0 0 1 0 -1
ciMethod org/antlr/v4/runtime/misc/Array2DHashSet createBucket (I)[Ljava/lang/Object; 0 0 1 0 -1
ciMethod org/antlr/v4/runtime/misc/EqualityComparator hashCode (Ljava/lang/Object;)I 0 0 1 0 -1
ciMethod org/antlr/v4/runtime/misc/EqualityComparator equals (Ljava/lang/Object;Ljava/lang/Object;)Z 0 0 1 0 -1
ciMethod org/antlr/v4/runtime/misc/ObjectEqualityComparator hashCode (Ljava/lang/Object;)I 4097 1 1120 0 0
ciMethod org/antlr/v4/runtime/misc/ObjectEqualityComparator equals (Ljava/lang/Object;Ljava/lang/Object;)Z 3873 1 586 0 0
ciMethod org/antlr/v4/runtime/atn/ATNConfigSet$ConfigEqualityComparator hashCode (Lorg/antlr/v4/runtime/atn/ATNConfig;)I 4097 1 8108 0 384
ciMethod org/antlr/v4/runtime/atn/ATNConfigSet$ConfigEqualityComparator equals (Lorg/antlr/v4/runtime/atn/ATNConfig;Lorg/antlr/v4/runtime/atn/ATNConfig;)Z 4097 1 5345 0 0
ciMethod org/antlr/v4/runtime/atn/ATNConfigSet$ConfigEqualityComparator equals (Ljava/lang/Object;Ljava/lang/Object;)Z 4097 1 5345 0 0
ciMethod org/antlr/v4/runtime/atn/ATNConfigSet$ConfigEqualityComparator hashCode (Ljava/lang/Object;)I 4097 1 8108 0 416
ciMethod org/antlr/v4/runtime/atn/ParserATNSimulator evalSemanticContext (Lorg/antlr/v4/runtime/atn/SemanticContext;Lorg/antlr/v4/runtime/ParserRuleContext;IZ)Z 9 1 1 0 -1
ciMethod org/antlr/v4/runtime/atn/ParserATNSimulator closureCheckingStopState (Lorg/antlr/v4/runtime/atn/ATNConfig;Lorg/antlr/v4/runtime/atn/ATNConfigSet;Ljava/util/Set;ZZIZ)V 4097 1 14401 0 0
ciMethod org/antlr/v4/runtime/atn/ParserATNSimulator closure_ (Lorg/antlr/v4/runtime/atn/ATNConfig;Lorg/antlr/v4/runtime/atn/ATNConfigSet;Ljava/util/Set;ZZIZ)V 4097 5393 14332 0 0
ciMethod org/antlr/v4/runtime/atn/ParserATNSimulator canDropLoopEntryEdgeInLeftRecursiveRule (Lorg/antlr/v4/runtime/atn/ATNConfig;)Z 4097 1 14103 0 -1
ciMethod org/antlr/v4/runtime/atn/ParserATNSimulator getEpsilonTarget (Lorg/antlr/v4/runtime/atn/ATNConfig;Lorg/antlr/v4/runtime/atn/Transition;ZZZZ)Lorg/antlr/v4/runtime/atn/ATNConfig; 4097 1 14470 0 1280
ciMethod org/antlr/v4/runtime/atn/ParserATNSimulator actionTransition (Lorg/antlr/v4/runtime/atn/ATNConfig;Lorg/antlr/v4/runtime/atn/ActionTransition;)Lorg/antlr/v4/runtime/atn/ATNConfig; 49 1 36 0 0
ciMethod org/antlr/v4/runtime/atn/ParserATNSimulator precedenceTransition (Lorg/antlr/v4/runtime/atn/ATNConfig;Lorg/antlr/v4/runtime/atn/PrecedencePredicateTransition;ZZZ)Lorg/antlr/v4/runtime/atn/ATNConfig; 129 1 510 0 0
ciMethod org/antlr/v4/runtime/atn/ParserATNSimulator predTransition (Lorg/antlr/v4/runtime/atn/ATNConfig;Lorg/antlr/v4/runtime/atn/PredicateTransition;ZZZ)Lorg/antlr/v4/runtime/atn/ATNConfig; 561 1 442 0 0
ciMethod org/antlr/v4/runtime/atn/ParserATNSimulator ruleTransition (Lorg/antlr/v4/runtime/atn/ATNConfig;Lorg/antlr/v4/runtime/atn/RuleTransition;)Lorg/antlr/v4/runtime/atn/ATNConfig; 1697 1 901 0 0
ciMethod org/antlr/v4/runtime/atn/SemanticContext and (Lorg/antlr/v4/runtime/atn/SemanticContext;Lorg/antlr/v4/runtime/atn/SemanticContext;)Lorg/antlr/v4/runtime/atn/SemanticContext; 793 1 164 0 0
ciMethod org/antlr/v4/runtime/atn/SemanticContext$PrecedencePredicate <init> (I)V 97 1 12 0 -1
ciMethod org/antlr/v4/runtime/atn/SemanticContext$PrecedencePredicate hashCode ()I 721 1 62 0 0
ciMethod org/antlr/v4/runtime/atn/SemanticContext$Predicate <init> (IIZ)V 1217 1 152 0 -1
ciMethod org/antlr/v4/runtime/atn/SemanticContext$Predicate hashCode ()I 4097 1 5895 0 256
ciMethod org/antlr/v4/runtime/atn/SemanticContext$Predicate equals (Ljava/lang/Object;)Z 4097 1 4916 0 0
ciMethod org/antlr/v4/runtime/atn/ArrayPredictionContext <init> (Lorg/antlr/v4/runtime/atn/SingletonPredictionContext;)V 1313 1 911 0 0
ciMethod org/antlr/v4/runtime/atn/ArrayPredictionContext <init> ([Lorg/antlr/v4/runtime/atn/PredictionContext;[I)V 1561 1 1922 0 0
ciMethod org/antlr/v4/runtime/atn/ArrayPredictionContext size ()I 1041 1 83 0 0
ciMethod org/antlr/v4/runtime/atn/ArrayPredictionContext getParent (I)Lorg/antlr/v4/runtime/atn/PredictionContext; 3177 1 326 0 0
ciMethod org/antlr/v4/runtime/atn/ArrayPredictionContext getReturnState (I)I 385 1 48 0 0
ciMethod org/antlr/v4/runtime/misc/MurmurHash initialize ()I 4097 1 5897 0 0
ciMethod org/antlr/v4/runtime/misc/MurmurHash initialize (I)I 4097 1 18903 0 0
ciMethod org/antlr/v4/runtime/misc/MurmurHash update (II)I 4097 1 5754 0 64
ciMethod org/antlr/v4/runtime/misc/MurmurHash update (ILjava/lang/Object;)I 4097 1 27532 0 192
ciMethod org/antlr/v4/runtime/misc/MurmurHash finish (II)I 4097 1 2667 0 96
ciMethodData org/antlr/v4/runtime/misc/MurmurHash update (II)I 2 5754 orig 264 64 144 169 93 0 0 0 0 216 92 150 219 218 2 0 0 48 1 0 0 0 0 0 0 0 0 0 0 0 0 0 0 0 0 0 0 0 0 0 0 0 0 0 0 0 0 0 0 0 0 0 0 0 0 0 0 0 0 0 0 0 0 0 0 0 0 0 0 0 0 0 0 0 0 0 0 0 0 0 0 77 68 79 32 101 120 116 114 97 32 100 97 116 97 32 108 111 99 107 0 0 0 0 0 0 0 0 0 0 0 0 0 0 0 0 0 0 0 0 0 0 0 0 0 0 0 0 0 0 0 0 0 0 0 0 0 0 0 0 0 0 0 0 0 0 0 0 0 0 0 0 0 0 0 0 0 0 0 0 0 0 0 0 0 0 0 0 0 0 0 0 0 0 0 0 0 0 0 0 0 0 0 0 0 25 0 0 0 0 0 0 0 0 0 0 0 0 0 0 0 0 0 0 0 0 0 0 0 0 0 0 0 0 0 0 0 0 2 0 0 209 163 0 0 1 0 0 0 0 0 0 0 0 0 0 0 2 0 0 0 0 0 3 0 1 0 0 0 0 0 0 0 255 255 255 255 0 0 0 0 0 0 0 0 data 0 oops 0
ciMethodData org/antlr/v4/runtime/misc/MurmurHash update (ILjava/lang/Object;)I 2 28217 orig 264 64 144 169 93 0 0 0 0 144 93 150 219 218 2 0 0 200 1 0 0 104 0 0 0 0 0 0 0 0 0 0 0 0 0 0 0 0 0 0 0 0 0 0 0 0 0 0 0 0 0 0 0 0 0 0 0 0 0 0 0 0 0 0 0 0 0 0 0 0 0 0 0 0 0 0 0 0 0 0 0 77 68 79 32 101 120 116 114 97 32 100 97 116 97 32 108 111 99 107 0 0 0 0 0 0 0 0 0 0 0 0 0 0 0 0 0 0 0 0 0 0 0 0 0 0 0 0 0 0 0 0 0 0 0 0 0 0 0 0 0 0 0 0 0 0 0 0 0 0 0 0 0 0 0 0 0 0 0 0 0 0 0 0 0 0 0 0 0 0 0 0 0 0 0 0 0 0 0 0 0 0 0 0 0 0 0 0 0 0 0 0 0 0 0 0 0 0 0 0 0 0 0 0 0 0 0 0 0 0 0 0 0 0 0 0 0 0 2 0 0 201 97 3 0 1 0 0 0 0 0 0 0 0 0 0 0 2 0 0 0 0 0 6 0 2 0 0 0 120 0 0 0 255 255 255 255 7 0 2 0 0 0 0 0 data 15 0x20007 0x921 0x68 0x6318 0x60005 0x172b 0x2dad37edbe0 0x2786 0x2dad578c330 0x2467 0x90003 0x6318 0x18 0xd0002 0x6c39 oops 2 6 org/antlr/v4/runtime/atn/EmptyPredictionContext 8 org/antlr/v4/runtime/atn/SemanticContext$Predicate
ciMethodData org/antlr/v4/runtime/misc/MurmurHash initialize (I)I 2 19562 orig 264 64 144 169 93 0 0 0 0 128 91 150 219 218 2 0 0 32 1 0 0 0 0 0 0 0 0 0 0 0 0 0 0 0 0 0 0 0 0 0 0 0 0 0 0 0 0 0 0 0 0 0 0 0 0 0 0 0 0 0 0 0 0 0 0 0 0 0 0 0 0 0 0 0 0 0 0 0 0 0 0 77 68 79 32 101 120 116 114 97 32 100 97 116 97 32 108 111 99 107 0 0 0 0 0 0 0 0 0 0 0 0 0 0 0 0 0 0 0 0 0 0 0 0 0 0 0 0 0 0 0 0 0 0 0 0 0 0 0 0 0 0 0 0 0 0 0 0 0 0 0 0 0 0 0 0 0 0 0 0 0 0 0 0 0 0 0 0 0 0 0 0 0 0 0 0 0 0 0 0 0 0 0 0 0 25 0 0 0 0 0 0 0 0 0 0 0 0 0 0 0 0 0 0 0 0 0 0 0 0 0 0 0 0 0 0 0 0 2 0 0 81 83 2 0 1 0 0 0 0 0 0 0 0 0 0 0 2 0 0 0 0 0 3 0 1 0 0 0 0 0 0 0 255 255 255 255 0 0 0 0 0 0 0 0 data 0 oops 0
ciMethodData org/antlr/v4/runtime/misc/MurmurHash finish (II)I 2 2667 orig 264 64 144 169 93 0 0 0 0 128 94 150 219 218 2 0 0 40 1 0 0 0 0 0 0 0 0 0 0 0 0 0 0 0 0 0 0 0 0 0 0 0 0 0 0 0 0 0 0 0 0 0 0 0 0 0 0 0 0 0 0 0 0 0 0 0 0 0 0 0 0 0 0 0 0 0 0 0 0 0 0 77 68 79 32 101 120 116 114 97 32 100 97 116 97 32 108 111 99 107 0 0 0 0 0 0 0 0 0 0 0 0 0 0 0 0 0 0 0 0 0 0 0 0 0 0 0 0 0 0 0 0 0 0 0 0 0 0 0 0 0 0 0 0 0 0 0 0 0 0 0 0 0 0 0 0 0 0 0 0 0 0 0 0 0 0 0 0 0 0 0 0 0 0 0 0 0 0 0 0 0 0 0 0 0 25 0 0 0 0 0 0 0 0 0 0 0 0 0 0 0 0 0 0 0 0 0 0 0 0 0 0 0 0 0 0 0 0 2 0 0 89 67 0 0 1 0 0 0 0 0 0 0 0 0 0 0 2 0 0 0 0 0 3 0 1 0 0 0 0 0 0 0 255 255 255 255 0 0 0 0 0 0 0 0 data 0 oops 0
ciMethodData org/antlr/v4/runtime/misc/Array2DHashSet getBucket (Ljava/lang/Object;)I 2 10746 orig 264 64 144 169 93 0 0 0 0 16 145 139 219 218 2 0 0 128 1 0 0 0 0 0 0 0 0 0 0 0 0 0 0 0 0 0 0 0 0 0 0 0 0 0 0 0 0 0 0 0 0 0 0 0 0 0 0 0 0 0 0 0 0 0 0 0 0 0 0 0 0 0 0 0 0 0 0 0 0 0 0 77 68 79 32 101 120 116 114 97 32 100 97 116 97 32 108 111 99 107 0 0 0 0 0 0 0 0 0 0 0 0 0 0 0 0 0 0 0 0 0 0 0 0 0 0 0 0 0 0 0 0 0 0 0 0 0 0 0 0 0 0 0 0 0 0 0 0 0 0 0 0 0 0 0 0 0 0 0 0 0 0 0 0 0 0 0 0 0 0 0 0 0 0 0 0 0 0 0 0 0 0 0 0 0 0 0 0 0 0 0 0 0 0 0 0 0 0 0 0 0 0 0 0 0 0 0 0 0 0 0 0 0 0 0 0 0 0 2 0 0 209 63 1 0 1 0 0 0 0 0 0 0 0 0 0 0 2 0 0 0 0 0 3 0 2 0 0 0 48 0 0 0 255 255 255 255 5 0 5 0 0 0 0 0 data 6 0x50005 0x0 0x2dad4250bc0 0x260 0x2dad4250b10 0x259a oops 2 2 org/antlr/v4/runtime/misc/ObjectEqualityComparator 4 org/antlr/v4/runtime/atn/ATNConfigSet$ConfigEqualityComparator
ciMethodData org/antlr/v4/runtime/misc/ObjectEqualityComparator hashCode (Ljava/lang/Object;)I 1 1120 orig 264 64 144 169 93 0 0 0 0 200 192 139 219 218 2 0 0 160 1 0 0 0 0 0 0 0 0 0 0 0 0 0 0 0 0 0 0 0 0 0 0 0 0 0 0 0 0 0 0 0 0 0 0 0 0 0 0 0 0 0 0 0 0 0 0 0 0 0 0 0 0 0 0 0 0 0 0 0 0 0 0 77 68 79 32 101 120 116 114 97 32 100 97 116 97 32 108 111 99 107 0 0 0 0 0 0 0 0 0 0 0 0 0 0 0 0 0 0 0 0 0 0 0 0 0 0 0 0 0 0 0 0 0 0 0 0 0 0 0 0 0 0 0 0 0 0 0 0 0 0 0 0 0 0 0 0 0 0 0 0 0 0 0 0 0 0 0 0 0 0 0 0 0 0 0 0 0 0 0 0 0 0 0 0 0 0 0 0 0 0 0 0 0 0 0 0 0 0 0 0 0 0 0 0 0 0 0 0 0 0 0 0 0 0 0 0 0 0 2 0 0 1 19 0 0 1 0 0 0 0 0 0 0 0 0 0 0 2 0 0 0 0 0 5 0 2 0 0 0 80 0 0 0 255 255 255 255 7 0 1 0 0 0 0 0 data 10 0x10007 0x260 0x20 0x0 0x70005 0x0 0x2dadf61edf0 0x260 0x0 0x0 oops 1 6 org/antlr/v4/runtime/atn/LexerATNConfig
ciMethodData org/antlr/v4/runtime/atn/SemanticContext$Predicate hashCode ()I 2 5895 orig 264 64 144 169 93 0 0 0 0 32 54 146 219 218 2 0 0 208 1 0 0 104 0 0 0 0 0 0 0 0 0 0 0 0 0 0 0 0 0 0 0 0 0 0 0 0 0 0 0 0 0 0 0 0 0 0 0 0 0 0 0 0 0 0 0 0 0 0 0 0 0 0 0 0 0 0 0 0 0 0 0 77 68 79 32 101 120 116 114 97 32 100 97 116 97 32 108 111 99 107 0 0 0 0 0 0 0 0 0 0 0 0 0 0 0 0 0 0 0 0 0 0 0 0 0 0 0 0 0 0 0 0 0 0 0 0 0 0 0 0 0 0 0 0 0 0 0 0 0 0 0 0 0 0 0 0 0 0 0 0 0 0 0 0 0 0 0 0 0 0 0 0 0 0 0 0 0 0 0 0 0 0 0 0 0 0 0 0 0 0 0 0 0 0 0 0 0 0 0 0 0 0 0 0 0 0 0 0 0 0 0 0 0 0 0 0 0 0 2 0 0 57 168 0 0 1 0 0 0 0 0 0 0 0 0 0 0 2 0 0 0 0 0 6 0 2 0 0 0 136 0 0 0 255 255 255 255 2 0 0 0 0 0 0 0 data 17 0x2 0x1507 0x90002 0x1507 0x120002 0x1507 0x1b0007 0x1507 0x38 0x0 0x1f0003 0x0 0x18 0x230002 0x1507 0x290002 0x1507 oops 0
ciMethodData org/antlr/v4/runtime/misc/MurmurHash initialize ()I 2 5897 orig 264 64 144 169 93 0 0 0 0 224 90 150 219 218 2 0 0 80 1 0 0 0 0 0 0 0 0 0 0 0 0 0 0 0 0 0 0 0 0 0 0 0 0 0 0 0 0 0 0 0 0 0 0 0 0 0 0 0 0 0 0 0 0 0 0 0 0 0 0 0 0 0 0 0 0 0 0 0 0 0 0 77 68 79 32 101 120 116 114 97 32 100 97 116 97 32 108 111 99 107 0 0 0 0 0 0 0 0 0 0 0 0 0 0 0 0 0 0 0 0 0 0 0 0 0 0 0 0 0 0 0 0 0 0 0 0 0 0 0 0 0 0 0 0 0 0 0 0 0 0 0 0 0 0 0 0 0 0 0 0 0 0 0 0 0 0 0 0 0 0 0 0 0 0 0 0 0 0 0 0 0 0 0 0 0 25 0 0 0 0 0 0 0 0 0 0 0 0 0 0 0 0 0 0 0 0 0 0 0 0 0 0 0 0 0 0 0 0 2 0 0 73 168 0 0 1 0 0 0 0 0 0 0 0 0 0 0 2 0 0 0 0 0 3 0 2 0 0 0 16 0 0 0 255 255 255 255 2 0 1 0 0 0 0 0 data 2 0x10002 0x1509 oops 0
ciMethodData org/antlr/v4/runtime/atn/ATNConfig <init> (Lorg/antlr/v4/runtime/atn/ATNConfig;Lorg/antlr/v4/runtime/atn/ATNState;Lorg/antlr/v4/runtime/atn/PredictionContext;Lorg/antlr/v4/runtime/atn/SemanticContext;)V 2 5610 orig 264 64 144 169 93 0 0 0 0 72 23 139 219 218 2 0 0 80 1 0 0 0 0 0 0 0 0 0 0 0 0 0 0 0 0 0 0 0 0 0 0 0 0 0 0 0 0 0 0 0 0 0 0 0 0 0 0 0 0 0 0 0 0 0 0 0 0 0 0 0 0 0 0 0 0 0 0 0 0 0 0 77 68 79 32 101 120 116 114 97 32 100 97 116 97 32 108 111 99 107 0 0 0 0 0 0 0 0 0 0 0 0 0 0 0 0 0 0 0 0 0 0 0 0 0 0 0 0 0 0 0 0 0 0 0 0 0 0 0 0 0 0 0 0 0 0 0 0 0 0 0 0 0 0 0 0 0 0 0 0 0 0 0 0 0 0 0 0 0 0 0 0 0 0 0 0 0 0 0 0 0 0 0 0 0 1 0 0 0 0 0 0 0 0 0 0 0 0 0 0 0 3 0 0 0 0 0 0 0 0 0 0 0 0 0 0 0 34 1 0 0 65 166 0 0 1 0 0 0 0 0 0 0 0 0 0 0 2 0 0 0 0 0 3 0 2 0 0 0 16 0 0 0 255 255 255 255 2 0 1 0 0 0 0 0 data 2 0x10002 0x14c8 oops 0
ciMethodData org/antlr/v4/runtime/atn/ATNConfigSet add (Lorg/antlr/v4/runtime/atn/ATNConfig;Lorg/antlr/v4/runtime/misc/DoubleKeyMap;)Z 2 6550 orig 264 64 144 169 93 0 0 0 0 24 62 139 219 218 2 0 0 128 3 0 0 160 0 0 0 0 0 0 0 0 0 0 0 0 0 0 0 0 0 0 0 0 0 0 0 0 0 0 0 0 0 0 0 0 0 0 0 0 0 0 0 0 0 0 0 0 0 0 0 0 0 0 0 0 0 0 0 0 0 0 0 77 68 79 32 101 120 116 114 97 32 100 97 116 97 32 108 111 99 107 0 0 0 0 0 0 0 0 0 0 0 0 0 0 0 0 0 0 0 0 0 0 0 0 0 0 0 0 0 0 0 0 0 0 0 0 0 0 0 0 0 0 0 0 0 0 0 0 0 0 0 0 0 0 0 0 0 0 0 0 0 0 0 0 0 0 0 0 0 0 0 0 0 0 0 0 0 0 0 0 0 0 0 0 0 0 0 0 0 0 0 0 0 0 0 0 0 0 0 0 0 0 0 0 0 0 0 0 0 0 0 0 0 0 0 0 0 35 1 0 0 121 195 0 0 1 0 0 0 0 0 0 0 0 0 0 0 2 0 0 0 0 0 46 0 2 0 0 0 40 2 0 0 255 255 255 255 7 0 4 0 0 0 0 0 data 69 0x40007 0x1871 0x30 0x0 0xd0002 0x0 0x180007 0x125c 0x20 0x615 0x210005 0x99 0x2dad37ed1a0 0x16be 0x2dadf61edf0 0x11a 0x240007 0x578 0x20 0x12f9 0x310005 0x99 0x2dadf61eea0 0x16be 0x2dadf61ef50 0x11a 0x340004 0x0 0x2dadf61edf0 0x16b 0x2dad37ed1a0 0x170b 0x3a0007 0x999 0x50 0xedd 0x470005 0x0 0x2dad37edd40 0xedd 0x0 0x0 0x510007 0x0 0x38 0x999 0x550003 0x999 0x18 0x660002 0x999 0x740002 0x999 0x7b0005 0x14 0x2dad37ed1a0 0x985 0x0 0x0 0x7e0007 0x6f9 0x50 0x2a0 0x830005 0x0 0x2dad37ed1a0 0x2a0 0x0 0x0 oops 9 12 org/antlr/v4/runtime/atn/ATNConfig 14 org/antlr/v4/runtime/atn/LexerATNConfig 22 org/antlr/v4/runtime/atn/ATNConfigSet$ConfigHashSet 24 org/antlr/v4/runtime/atn/OrderedATNConfigSet$LexerConfigHashSet 28 org/antlr/v4/runtime/atn/LexerATNConfig 30 org/antlr/v4/runtime/atn/ATNConfig 38 java/util/ArrayList 55 org/antlr/v4/runtime/atn/ATNConfig 65 org/antlr/v4/runtime/atn/ATNConfig
ciMethodData org/antlr/v4/runtime/atn/ATNConfigSet$AbstractConfigHashSet createBucket (I)[Ljava/lang/Object; 2 5794 orig 264 64 144 169 93 0 0 0 0 40 124 139 219 218 2 0 0 128 1 0 0 0 0 0 0 0 0 0 0 0 0 0 0 0 0 0 0 0 0 0 0 0 0 0 0 0 0 0 0 0 0 0 0 0 0 0 0 0 0 0 0 0 0 0 0 0 0 0 0 0 0 0 0 0 0 0 0 0 0 0 0 77 68 79 32 101 120 116 114 97 32 100 97 116 97 32 108 111 99 107 0 0 0 0 0 0 0 0 0 0 0 0 0 0 0 0 0 0 0 0 0 0 0 0 0 0 0 0 0 0 0 0 0 0 0 0 0 0 0 0 0 0 0 0 0 0 0 0 0 0 0 0 0 0 0 0 0 0 0 0 0 0 0 0 0 0 0 0 0 0 0 0 0 0 0 0 0 0 0 0 0 0 0 0 0 0 0 0 0 0 0 0 0 0 0 0 0 0 0 0 0 0 0 0 0 0 0 0 0 0 0 0 0 0 0 0 0 0 2 0 0 17 165 0 0 1 0 0 0 0 0 0 0 0 0 0 0 2 0 0 0 0 0 3 0 2 0 0 0 48 0 0 0 255 255 255 255 5 0 2 0 0 0 0 0 data 6 0x20005 0x4e 0x2dadf61eea0 0x1334 0x2dadf61ef50 0x120 oops 2 2 org/antlr/v4/runtime/atn/ATNConfigSet$ConfigHashSet 4 org/antlr/v4/runtime/atn/OrderedATNConfigSet$LexerConfigHashSet
ciMethodData org/antlr/v4/runtime/atn/ATNConfigSet$AbstractConfigHashSet createBucket (I)[Lorg/antlr/v4/runtime/atn/ATNConfig; 2 5794 orig 264 64 144 169 93 0 0 0 0 128 123 139 219 218 2 0 0 40 1 0 0 0 0 0 0 0 0 0 0 0 0 0 0 0 0 0 0 0 0 0 0 0 0 0 0 0 0 0 0 0 0 0 0 0 0 0 0 0 0 0 0 0 0 0 0 0 0 0 0 0 0 0 0 0 0 0 0 0 0 0 0 77 68 79 32 101 120 116 114 97 32 100 97 116 97 32 108 111 99 107 0 0 0 0 0 0 0 0 0 0 0 0 0 0 0 0 0 0 0 0 0 0 0 0 0 0 0 0 0 0 0 0 0 0 0 0 0 0 0 0 0 0 0 0 0 0 0 0 0 0 0 0 0 0 0 0 0 0 0 0 0 0 0 0 0 0 0 0 0 0 0 0 0 0 0 0 0 0 0 0 0 0 0 0 0 0 0 0 0 0 0 0 0 0 0 0 0 0 0 0 0 0 0 0 0 0 0 0 0 0 0 0 0 0 0 0 0 0 2 0 0 17 165 0 0 1 0 0 0 0 0 0 0 0 0 0 0 2 0 0 0 0 0 0 0 0 0 0 0 0 0 0 0 255 255 255 255 0 0 0 0 0 0 0 0 data 0 oops 0
ciMethodData org/antlr/v4/runtime/atn/SingletonPredictionContext create (Lorg/antlr/v4/runtime/atn/PredictionContext;I)Lorg/antlr/v4/runtime/atn/SingletonPredictionContext; 2 1617 orig 264 64 144 169 93 0 0 0 0 8 161 135 219 218 2 0 0 120 1 0 0 32 0 0 0 0 0 0 0 0 0 0 0 0 0 0 0 0 0 0 0 0 0 0 0 0 0 0 0 0 0 0 0 0 0 0 0 0 0 0 0 0 0 0 0 0 0 0 0 0 0 0 0 0 0 0 0 0 0 0 0 77 68 79 32 101 120 116 114 97 32 100 97 116 97 32 108 111 99 107 0 0 0 0 0 0 0 0 0 0 0 0 0 0 0 0 0 0 0 0 0 0 0 0 0 0 0 0 0 0 0 0 0 0 0 0 0 0 0 0 0 0 0 0 0 0 0 0 0 0 0 0 0 0 0 0 0 0 0 0 0 0 0 0 0 0 0 0 0 0 0 0 0 0 0 0 0 0 0 0 0 0 0 0 0 0 0 0 0 0 0 0 0 0 0 0 0 0 0 0 0 0 0 0 0 0 0 0 0 0 0 0 0 0 0 0 0 25 0 0 0 193 49 0 0 1 0 0 0 0 0 0 0 0 0 0 0 2 0 0 0 0 0 8 0 2 0 0 0 80 0 0 0 255 255 255 255 7 0 3 0 0 0 0 0 data 10 0x30007 0x638 0x40 0x0 0x70007 0x0 0x20 0x0 0x140002 0x638 oops 0
ciMethodData org/antlr/v4/runtime/atn/SingletonPredictionContext <init> (Lorg/antlr/v4/runtime/atn/PredictionContext;I)V 2 1618 orig 264 64 144 169 93 0 0 0 0 32 160 135 219 218 2 0 0 16 2 0 0 88 0 0 0 0 0 0 0 0 0 0 0 0 0 0 0 0 0 0 0 0 0 0 0 0 0 0 0 0 0 0 0 0 0 0 0 0 0 0 0 0 0 0 0 0 0 0 0 0 0 0 0 0 0 0 0 0 0 0 0 77 68 79 32 101 120 116 114 97 32 100 97 116 97 32 108 111 99 107 0 0 0 0 0 0 0 0 0 0 0 0 0 0 0 0 0 0 0 0 0 0 0 0 0 0 0 0 0 0 0 0 0 0 0 0 0 0 0 0 0 0 0 0 0 0 0 0 0 0 0 0 0 0 0 0 0 0 0 0 0 0 0 0 0 0 0 0 0 0 0 0 0 0 0 0 0 0 0 0 0 0 0 0 0 0 0 0 0 0 0 0 0 0 0 0 0 0 0 0 0 0 0 0 0 0 0 0 0 0 0 0 0 0 0 0 0 26 0 0 0 193 49 0 0 1 0 0 0 0 0 0 0 0 0 0 0 2 0 0 0 0 0 12 0 2 0 0 0 184 0 0 0 255 255 255 255 7 0 2 0 0 0 0 0 data 23 0x20007 0x1a 0x48 0x61e 0x70002 0x61e 0xa0003 0x61e 0x28 0xd0002 0x1a 0x100002 0x638 0x160007 0x638 0x50 0x0 0x1b0007 0x0 0x30 0x0 0x220002 0x0 oops 0
ciMethodData org/antlr/v4/runtime/misc/Array2DHashSet getOrAddImpl (Ljava/lang/Object;)Ljava/lang/Object; 2 6936 orig 264 64 144 169 93 0 0 0 0 200 142 139 219 218 2 0 0 120 3 0 0 176 0 0 0 0 0 0 0 0 0 0 0 0 0 0 0 0 0 0 0 0 0 0 0 0 0 0 0 0 0 0 0 0 0 0 0 0 0 0 0 0 0 0 0 0 0 0 0 0 0 0 0 0 0 0 0 0 0 0 0 77 68 79 32 101 120 116 114 97 32 100 97 116 97 32 108 111 99 107 0 0 0 0 0 0 0 0 0 0 0 0 0 0 0 0 0 0 0 0 0 0 0 0 0 0 0 0 0 0 0 0 0 0 0 0 0 0 0 0 0 0 0 0 0 0 0 0 0 0 0 0 0 0 0 0 0 0 0 0 0 0 0 0 0 0 5 0 0 0 0 0 0 0 0 0 0 0 0 0 0 0 0 0 0 0 0 0 0 0 0 0 0 0 0 0 0 0 0 0 0 0 0 0 0 0 0 0 0 0 0 0 0 0 0 0 0 153 1 0 0 249 203 0 0 97 77 0 0 0 0 0 0 0 0 0 0 2 0 0 0 1 0 12 0 2 0 0 0 40 2 0 0 255 255 255 255 5 0 2 0 0 0 0 0 data 69 0x20005 0x17 0x2dadf61eea0 0x184c 0x2dadf61ef50 0x11c 0xe0007 0xf63 0xb0 0xa1c 0x160005 0x0 0x2dadf61eea0 0x948 0x2dadf61ef50 0xd4 0x1d0004 0x0 0x2dad37ed1a0 0x948 0x2dadf61edf0 0xd4 0x24d004 0x0 0x2dad4250aa0 0xa21 0x0 0x0 0x380007 0xe2 0xd8 0x182d 0x430007 0x1404 0x50 0x429 0x4a0004 0x0 0x2dad37ed1a0 0x3e9 0x2dadf61edf0 0x40 0x5e0005 0x0 0x2dad4250b10 0x13b4 0x2dad4250bc0 0x50 0x610007 0x9ac 0x20 0xa58 0x6a0003 0x9ac 0xffffffffffffff40 0x760002 0xe2 0x800004 0x0 0x2dad4250aa0 0xe2 0x0 0x0 0x850004 0x0 0x2dad37ed1a0 0xda 0x2dadf61edf0 0x8 oops 14 2 org/antlr/v4/runtime/atn/ATNConfigSet$ConfigHashSet 4 org/antlr/v4/runtime/atn/OrderedATNConfigSet$LexerConfigHashSet 12 org/antlr/v4/runtime/atn/ATNConfigSet$ConfigHashSet 14 org/antlr/v4/runtime/atn/OrderedATNConfigSet$LexerConfigHashSet 18 org/antlr/v4/runtime/atn/ATNConfig 20 org/antlr/v4/runtime/atn/LexerATNConfig 24 [Lorg/antlr/v4/runtime/atn/ATNConfig; 38 org/antlr/v4/runtime/atn/ATNConfig 40 org/antlr/v4/runtime/atn/LexerATNConfig 44 org/antlr/v4/runtime/atn/ATNConfigSet$ConfigEqualityComparator 46 org/antlr/v4/runtime/misc/ObjectEqualityComparator 59 [Lorg/antlr/v4/runtime/atn/ATNConfig; 65 org/antlr/v4/runtime/atn/ATNConfig 67 org/antlr/v4/runtime/atn/LexerATNConfig
ciMethodData org/antlr/v4/runtime/atn/ATNConfig <init> (Lorg/antlr/v4/runtime/atn/ATNState;ILorg/antlr/v4/runtime/atn/PredictionContext;Lorg/antlr/v4/runtime/atn/SemanticContext;)V 2 1637 orig 264 64 144 169 93 0 0 0 0 32 19 139 219 218 2 0 0 80 1 0 0 0 0 0 0 0 0 0 0 0 0 0 0 0 0 0 0 0 0 0 0 0 0 0 0 0 0 0 0 0 0 0 0 0 0 0 0 0 0 0 0 0 0 0 0 0 0 0 0 0 0 0 0 0 0 0 0 0 0 0 0 77 68 79 32 101 120 116 114 97 32 100 97 116 97 32 108 111 99 107 0 0 0 0 0 0 0 0 0 0 0 0 0 0 0 0 0 0 0 0 0 0 0 0 0 0 0 0 0 0 0 0 0 0 0 0 0 0 0 0 0 0 0 0 0 0 0 0 0 0 0 0 0 0 0 0 0 0 0 0 0 0 0 0 0 0 0 0 0 0 0 0 0 0 0 0 0 0 0 0 0 0 0 0 0 0 0 0 0 0 0 0 0 0 0 0 0 0 0 0 0 0 0 0 0 0 0 0 0 0 0 0 0 0 0 0 0 249 1 0 0 97 35 0 0 1 0 0 0 0 0 0 0 0 0 0 0 2 0 0 0 0 0 3 0 2 0 0 0 16 0 0 0 255 255 255 255 2 0 1 0 0 0 0 0 data 2 0x10002 0x46c oops 0
ciMethodData org/antlr/v4/runtime/atn/ATNConfig getOuterContextDepth ()I 2 6660 orig 264 64 144 169 93 0 0 0 0 240 23 139 219 218 2 0 0 32 1 0 0 0 0 0 0 0 0 0 0 0 0 0 0 0 0 0 0 0 0 0 0 0 0 0 0 0 0 0 0 0 0 0 0 0 0 0 0 0 0 0 0 0 0 0 0 0 0 0 0 0 0 0 0 0 0 0 0 0 0 0 0 77 68 79 32 101 120 116 114 97 32 100 97 116 97 32 108 111 99 107 0 0 0 0 0 0 0 0 0 0 0 0 0 0 0 0 0 0 0 0 0 0 0 0 0 0 0 0 0 0 0 0 0 0 0 0 0 0 0 0 0 0 0 0 0 0 0 0 0 0 0 0 0 0 0 0 0 0 0 0 0 0 0 0 0 0 0 0 0 0 0 0 0 0 0 0 0 0 0 0 0 0 0 0 0 0 0 0 0 0 0 0 0 0 0 0 0 0 0 0 0 0 0 0 0 0 0 0 0 0 0 0 0 0 0 0 0 184 1 0 0 97 194 0 0 1 0 0 0 0 0 0 0 0 0 0 0 2 0 0 0 0 0 3 0 1 0 0 0 0 0 0 0 255 255 255 255 0 0 0 0 0 0 0 0 data 0 oops 0
ciMethodData org/antlr/v4/runtime/misc/Array2DHashSet getOrAdd (Ljava/lang/Object;)Ljava/lang/Object; 2 6931 orig 264 64 144 169 93 0 0 0 0 32 141 139 219 218 2 0 0 208 1 0 0 32 0 0 0 0 0 0 0 0 0 0 0 0 0 0 0 0 0 0 0 0 0 0 0 0 0 0 0 0 0 0 0 0 0 0 0 0 0 0 0 0 0 0 0 0 0 0 0 0 0 0 0 0 0 0 0 0 0 0 0 77 68 79 32 101 120 116 114 97 32 100 97 116 97 32 108 111 99 107 0 0 0 0 0 0 0 0 0 0 0 0 0 0 0 0 0 0 0 0 0 0 0 0 0 0 0 0 0 0 0 0 0 0 0 0 0 0 0 0 0 0 0 0 0 0 0 0 0 0 0 0 0 0 0 0 0 0 0 0 0 0 0 0 0 0 0 0 0 0 0 0 0 0 0 0 0 0 0 0 0 0 0 0 0 0 0 0 0 0 0 0 0 0 0 0 0 0 0 0 0 0 0 0 0 0 0 0 0 0 0 0 0 0 0 0 0 184 1 0 0 217 202 0 0 1 0 0 0 0 0 0 0 0 0 0 0 2 0 0 0 0 0 6 0 2 0 0 0 128 0 0 0 255 255 255 255 7 0 8 0 0 0 0 0 data 16 0x80007 0x18f4 0x50 0x67 0xc0005 0x0 0x2dadf61eea0 0x61 0x2dadf61ef50 0x6 0x110005 0x0 0x2dadf61eea0 0x183f 0x2dadf61ef50 0x11c oops 4 6 org/antlr/v4/runtime/atn/ATNConfigSet$ConfigHashSet 8 org/antlr/v4/runtime/atn/OrderedATNConfigSet$LexerConfigHashSet 12 org/antlr/v4/runtime/atn/ATNConfigSet$ConfigHashSet 14 org/antlr/v4/runtime/atn/OrderedATNConfigSet$LexerConfigHashSet
ciMethodData org/antlr/v4/runtime/misc/Array2DHashSet expand ()V 2 15770 orig 264 64 144 169 93 0 0 0 0 8 150 139 219 218 2 0 0 48 4 0 0 48 0 0 0 0 0 0 0 0 0 0 0 0 0 0 0 0 0 0 0 0 0 0 0 0 0 0 0 0 0 0 0 0 0 0 0 0 0 0 0 0 0 0 0 0 0 0 0 0 0 0 0 0 0 0 0 0 0 0 0 77 68 79 32 101 120 116 114 97 32 100 97 116 97 32 108 111 99 107 0 0 0 0 0 0 0 0 0 0 0 0 0 0 0 0 0 0 0 0 0 0 0 0 0 0 0 0 0 0 0 0 0 0 0 0 0 0 0 0 0 0 0 0 0 0 0 0 0 0 0 0 0 0 0 0 0 0 0 0 0 0 0 0 0 0 0 0 0 0 0 0 0 0 0 0 0 0 0 0 0 0 0 0 0 0 0 0 0 0 0 0 0 0 0 0 0 0 0 0 0 0 0 0 0 0 0 0 0 0 0 0 0 0 0 0 0 134 4 0 0 65 4 0 0 161 200 1 0 0 0 0 0 0 0 0 0 2 0 0 0 2 0 20 0 2 0 0 0 232 2 0 0 255 255 255 255 5 0 25 0 0 0 0 0 data 93 0x190005 0x0 0x2dadf61eea0 0x82 0x2dadf61ef50 0x6 0x340005 0x7b 0x2dadf61eea0 0xd 0x0 0x0 0x480007 0x88 0x238 0x2050 0x540007 0x122a 0x38 0xe26 0x570003 0xe26 0x1e0 0x6a0007 0x490 0x1c8 0x265e 0x760007 0x18c4 0x38 0xd9a 0x790003 0xd9a 0x188 0x7f0005 0x157b 0x2dadf61eea0 0x349 0x0 0x0 0x8d0007 0x38d 0x98 0x1537 0x950005 0x0 0x2dadf61eea0 0x14eb 0x2dadf61ef50 0x4c 0x9f0004 0x0 0x2dad4250aa0 0x1537 0x0 0x0 0xa00003 0x1537 0x78 0xae0007 0x347 0x60 0x46 0xb80002 0x46 0xc20004 0x0 0x2dad4250aa0 0x46 0x0 0x0 0xc90004 0x0 0x2dad37ed1a0 0x186a 0x2dadf61edf0 0x5a 0xd60003 0x18c4 0xfffffffffffffe50 0xdc0003 0x2050 0xfffffffffffffde0 0xe20007 0x88 0x50 0x0 0xeb0007 0x0 0x30 0x0 0xf20002 0x0 oops 10 2 org/antlr/v4/runtime/atn/ATNConfigSet$ConfigHashSet 4 org/antlr/v4/runtime/atn/OrderedATNConfigSet$LexerConfigHashSet 8 org/antlr/v4/runtime/atn/ATNConfigSet$ConfigHashSet 36 org/antlr/v4/runtime/atn/ATNConfigSet$ConfigHashSet 46 org/antlr/v4/runtime/atn/ATNConfigSet$ConfigHashSet 48 org/antlr/v4/runtime/atn/OrderedATNConfigSet$LexerConfigHashSet 52 [Lorg/antlr/v4/runtime/atn/ATNConfig; 67 [Lorg/antlr/v4/runtime/atn/ATNConfig; 73 org/antlr/v4/runtime/atn/ATNConfig 75 org/antlr/v4/runtime/atn/LexerATNConfig
ciMethodData org/antlr/v4/runtime/atn/PredictionContext merge (Lorg/antlr/v4/runtime/atn/PredictionContext;Lorg/antlr/v4/runtime/atn/PredictionContext;ZLorg/antlr/v4/runtime/misc/DoubleKeyMap;)Lorg/antlr/v4/runtime/atn/PredictionContext; 2 3410 orig 264 64 144 169 93 0 0 0 0 168 121 135 219 218 2 0 0 160 5 0 0 192 3 0 0 0 0 0 0 0 0 0 0 0 0 0 0 0 0 0 0 0 0 0 0 0 0 0 0 0 0 0 0 0 0 0 0 0 0 0 0 0 0 0 0 0 0 0 0 0 0 0 0 0 0 0 0 0 0 0 0 77 68 79 32 101 120 116 114 97 32 100 97 116 97 32 108 111 99 107 0 0 0 0 0 0 0 0 0 0 0 0 0 0 0 0 0 0 0 0 0 0 0 0 0 0 0 0 0 0 0 0 0 0 0 0 0 0 0 0 0 0 0 0 0 0 0 0 0 0 0 0 0 0 0 0 0 0 0 0 0 0 0 0 0 0 0 0 0 0 0 0 0 0 0 0 0 0 0 0 0 0 0 0 0 0 0 0 0 0 0 0 0 0 0 0 0 0 0 0 0 0 0 0 0 0 0 0 0 0 0 0 0 0 0 0 0 57 0 0 0 193 104 0 0 1 0 0 0 0 0 0 0 0 0 0 0 2 0 0 0 0 0 27 0 2 0 0 0 64 4 0 0 255 255 255 255 7 0 3 0 0 0 0 0 data 136 0x30007 0xd18 0x70 0x0 0x70007 0x0 0x40 0x0 0xb0007 0x0 0x30 0x0 0x120002 0x0 0x180007 0x3e4 0x70 0x934 0x1d0005 0x55 0x2dad37edb30 0x532 0x2dad37edc90 0x3ad 0x200007 0x71a 0x20 0x21a 0x260004 0xfffffffffffffc53 0x2dad37edb30 0x318 0x2dad37edc90 0x9f 0x290007 0x3ad 0xe0 0x36d 0x2d0004 0x0 0x2dad37edb30 0x36d 0x0 0x0 0x300007 0x0 0x90 0x36d 0x340004 0x0 0x2dad37edb30 0x318 0x2dad37edbe0 0x55 0x380004 0x0 0x2dad37edb30 0x36d 0x0 0x0 0x3d0002 0x36d 0x420007 0x0 0xc0 0x3ad 0x460004 0xfffffffffffffc53 0x2dad37edc90 0x9f 0x0 0x0 0x490007 0x3ad 0x20 0x0 0x4f0004 0xfffffffffffffc7f 0x2dad37edb30 0x95 0x2dad37edbe0 0x2c 0x520007 0x381 0x20 0x2c 0x580004 0xfffffffffffffc7f 0x2dad37edc90 0x95 0x0 0x0 0x5b0007 0x381 0x60 0x0 0x630004 0x0 0x0 0x0 0x0 0x0 0x660002 0x0 0x6b0004 0x0 0x2dad37edb30 0x381 0x0 0x0 0x6e0007 0x0 0x60 0x381 0x760004 0x0 0x2dad37edb30 0x381 0x0 0x0 0x790002 0x381 0x7e0004 0x0 0x2dad37edc90 0x380 0x0 0x0 0x820004 0x0 0x2dad37edc90 0x380 0x0 0x0 0x870002 0x380 oops 16 20 org/antlr/v4/runtime/atn/SingletonPredictionContext 22 org/antlr/v4/runtime/atn/ArrayPredictionContext 30 org/antlr/v4/runtime/atn/SingletonPredictionContext 32 org/antlr/v4/runtime/atn/ArrayPredictionContext 40 org/antlr/v4/runtime/atn/SingletonPredictionContext 50 org/antlr/v4/runtime/atn/SingletonPredictionContext 52 org/antlr/v4/runtime/atn/EmptyPredictionContext 56 org/antlr/v4/runtime/atn/SingletonPredictionContext 68 org/antlr/v4/runtime/atn/ArrayPredictionContext 78 org/antlr/v4/runtime/atn/SingletonPredictionContext 80 org/antlr/v4/runtime/atn/EmptyPredictionContext 88 org/antlr/v4/runtime/atn/ArrayPredictionContext 106 org/antlr/v4/runtime/atn/SingletonPredictionContext 116 org/antlr/v4/runtime/atn/SingletonPredictionContext 124 org/antlr/v4/runtime/atn/ArrayPredictionContext 130 org/antlr/v4/runtime/atn/ArrayPredictionContext
ciMethod org/antlr/v4/runtime/misc/DoubleKeyMap put (Ljava/lang/Object;Ljava/lang/Object;Ljava/lang/Object;)Ljava/lang/Object; 865 1 198 0 -1
ciMethod org/antlr/v4/runtime/misc/DoubleKeyMap get (Ljava/lang/Object;Ljava/lang/Object;)Ljava/lang/Object; 3009 1 852 0 -1
ciMethodData org/antlr/v4/runtime/atn/ATNConfig isPrecedenceFilterSuppressed ()Z 2 8203 orig 264 64 144 169 93 0 0 0 0 160 24 139 219 218 2 0 0 88 1 0 0 0 0 0 0 0 0 0 0 0 0 0 0 0 0 0 0 0 0 0 0 0 0 0 0 0 0 0 0 0 0 0 0 0 0 0 0 0 0 0 0 0 0 0 0 0 0 0 0 0 0 0 0 0 0 0 0 0 0 0 0 77 68 79 32 101 120 116 114 97 32 100 97 116 97 32 108 111 99 107 0 0 0 0 0 0 0 0 0 0 0 0 0 0 0 0 0 0 0 0 0 0 0 0 0 0 0 0 0 0 0 0 0 0 0 0 0 0 0 0 0 0 0 0 0 0 0 0 0 0 0 0 0 0 0 0 0 0 0 0 0 0 0 0 0 0 0 0 0 0 0 0 0 0 0 0 0 0 0 0 0 0 0 0 0 1 0 0 0 0 0 0 0 0 0 0 0 0 0 0 0 1 0 0 0 0 0 0 0 0 0 0 0 0 0 0 0 20 0 0 0 185 255 0 0 1 0 0 0 0 0 0 0 0 0 0 0 2 0 0 0 0 0 6 0 2 0 0 0 56 0 0 0 255 255 255 255 7 0 7 0 0 0 0 0 data 7 0x70007 0x1625 0x38 0x9d2 0xb0003 0x9d2 0x18 oops 0
ciMethodData org/antlr/v4/runtime/atn/ATNConfig setPrecedenceFilterSuppressed (Z)V 1 863 orig 264 64 144 169 93 0 0 0 0 128 25 139 219 218 2 0 0 96 1 0 0 0 0 0 0 0 0 0 0 0 0 0 0 0 0 0 0 0 0 0 0 0 0 0 0 0 0 0 0 0 0 0 0 0 0 0 0 0 0 0 0 0 0 0 0 0 0 0 0 0 0 0 0 0 0 0 0 0 0 0 0 77 68 79 32 101 120 116 114 97 32 100 97 116 97 32 108 111 99 107 0 0 0 0 0 0 0 0 0 0 0 0 0 0 0 0 0 0 0 0 0 0 0 0 0 0 0 0 0 0 0 0 0 0 0 0 0 0 0 0 0 0 0 0 0 0 0 0 0 0 0 0 0 0 0 0 0 0 0 0 0 0 0 0 0 0 0 0 0 0 0 0 0 0 0 0 0 0 0 0 0 0 0 0 0 0 0 0 0 0 0 0 0 0 0 0 0 0 0 0 0 0 0 0 0 0 0 0 0 0 0 0 0 0 0 0 0 0 0 0 0 249 26 0 0 1 0 0 0 0 0 0 0 0 0 0 0 2 0 0 0 0 0 0 0 0 0 0 0 56 0 0 0 255 255 255 255 7 0 1 0 0 0 0 0 data 7 0x10007 0x0 0x38 0x35f 0xf0003 0x35f 0x18 oops 0
ciMethodData org/antlr/v4/runtime/atn/ParserATNSimulator getEpsilonTarget (Lorg/antlr/v4/runtime/atn/ATNConfig;Lorg/antlr/v4/runtime/atn/Transition;ZZZZ)Lorg/antlr/v4/runtime/atn/ATNConfig; 2 14470 orig 264 64 144 169 93 0 0 0 0 208 169 140 219 218 2 0 0 120 4 0 0 32 1 0 0 0 0 0 0 0 0 0 0 0 0 0 0 0 0 0 0 0 0 0 0 0 0 0 0 0 0 0 0 0 0 0 0 0 0 0 0 0 0 0 0 0 0 0 0 0 0 0 0 0 0 0 0 0 0 0 0 77 68 79 32 101 120 116 114 97 32 100 97 116 97 32 108 111 99 107 0 0 0 0 0 0 0 0 0 0 0 0 0 0 0 0 0 0 0 0 0 0 0 0 0 0 0 0 0 0 0 0 0 0 0 0 0 0 0 0 0 0 0 0 0 0 0 0 0 0 0 0 0 0 0 0 0 0 0 0 0 0 0 0 0 0 0 0 0 0 0 0 0 0 0 0 0 0 0 0 0 0 0 0 0 0 0 0 0 0 0 0 0 0 0 0 0 0 0 0 0 0 0 0 0 0 0 0 0 0 0 0 0 0 0 0 0 0 2 0 0 49 180 1 0 1 0 0 0 0 0 0 0 0 0 0 0 2 0 0 0 0 0 24 0 2 0 0 0 0 3 0 0 255 255 255 255 5 0 1 0 0 0 0 0 data 96 0x10005 0xee8 0x2dad56b71d0 0x26fe 0x2dad7294600 0xa0 0x40008 0x16 0x0 0x2d0 0x629 0x240 0x0 0x250 0x96 0xc0 0x24 0x180 0x194 0x250 0x1 0x1e0 0x2c 0x250 0x0 0x2d0 0x0 0x2d0 0x1a 0x120 0x3f0004 0x0 0x2dadca46530 0x33a 0x0 0x0 0x420005 0x0 0x2dad37ecf70 0x33a 0x0 0x0 0x490004 0x0 0x2dad7295360 0x112 0x0 0x0 0x510005 0x0 0x2dad37ecf70 0x112 0x0 0x0 0x580004 0x0 0x2dad7294600 0xa0 0x0 0x0 0x600005 0x0 0x2dad37ecf70 0xa0 0x0 0x0 0x670004 0x0 0x2dadca44840 0x7 0x0 0x0 0x6a0005 0x0 0x2dad37ecf70 0x7 0x0 0x0 0x770002 0x26fe 0x7d0007 0xa95 0x80 0x0 0x840005 0x0 0x0 0x0 0x0 0x0 0x870007 0x0 0x30 0x0 0x930002 0x0 oops 10 2 org/antlr/v4/runtime/atn/EpsilonTransition 4 org/antlr/v4/runtime/atn/PredicateTransition 32 org/antlr/v4/runtime/atn/RuleTransition 38 org/antlr/v4/runtime/atn/ParserATNSimulator 44 org/antlr/v4/runtime/atn/PrecedencePredicateTransition 50 org/antlr/v4/runtime/atn/ParserATNSimulator 56 org/antlr/v4/runtime/atn/PredicateTransition 62 org/antlr/v4/runtime/atn/ParserATNSimulator 68 org/antlr/v4/runtime/atn/ActionTransition 74 org/antlr/v4/runtime/atn/ParserATNSimulator
ciMethodData org/antlr/v4/runtime/atn/ATNConfig hashCode ()I 2 7762 orig 264 64 144 169 93 0 0 0 0 144 28 139 219 218 2 0 0 168 1 0 0 0 0 0 0 0 0 0 0 0 0 0 0 0 0 0 0 0 0 0 0 0 0 0 0 0 0 0 0 0 0 0 0 0 0 0 0 0 0 0 0 0 0 0 0 0 0 0 0 0 0 0 0 0 0 0 0 0 0 0 0 77 68 79 32 101 120 116 114 97 32 100 97 116 97 32 108 111 99 107 0 0 0 0 0 0 0 0 0 0 0 0 0 0 0 0 0 0 0 0 0 0 0 0 0 0 0 0 0 0 0 0 0 0 0 0 0 0 0 0 0 0 0 0 0 0 0 0 0 0 0 0 0 0 0 0 0 0 0 0 0 0 0 0 0 0 0 0 0 0 0 0 0 0 0 0 0 0 0 0 0 0 0 0 0 17 0 0 0 0 0 0 0 0 0 0 0 0 0 0 0 1 0 0 0 0 0 0 0 0 0 0 0 0 0 0 0 0 2 0 0 145 226 0 0 1 0 0 0 0 0 0 0 0 0 0 0 2 0 0 0 0 0 11 0 2 0 0 0 96 0 0 0 255 255 255 255 2 0 2 0 0 0 0 0 data 12 0x20002 0x1c52 0xe0002 0x1c52 0x170002 0x1c52 0x200002 0x1c52 0x290002 0x1c52 0x2f0002 0x1c52 oops 0
ciMethodData org/antlr/v4/runtime/atn/ParserATNSimulator closureCheckingStopState (Lorg/antlr/v4/runtime/atn/ATNConfig;Lorg/antlr/v4/runtime/atn/ATNConfigSet;Ljava/util/Set;ZZIZ)V 2 14456 orig 264 64 144 169 93 0 0 0 0 248 160 140 219 218 2 0 0 104 5 0 0 136 3 0 0 0 0 0 0 0 0 0 0 0 0 0 0 0 0 0 0 0 0 0 0 0 0 0 0 0 0 0 0 0 0 0 0 0 0 0 0 0 0 0 0 0 0 0 0 0 0 0 0 0 0 0 0 0 0 0 0 77 68 79 32 101 120 116 114 97 32 100 97 116 97 32 108 111 99 107 0 0 0 0 0 0 0 0 0 0 0 0 0 0 0 0 0 0 0 0 0 0 0 0 0 0 0 0 0 0 0 0 0 0 0 0 0 0 0 0 0 0 0 0 0 1 0 0 0 0 0 0 0 0 0 0 0 0 0 0 0 0 0 0 0 0 0 0 0 0 0 0 0 0 0 0 0 0 0 0 0 0 0 0 0 0 0 0 0 0 0 0 0 0 0 0 0 0 0 0 0 0 0 0 0 0 0 0 0 0 0 0 0 0 0 0 0 0 2 0 0 41 179 1 0 1 5 0 0 0 0 0 0 0 0 0 0 2 0 0 0 1 0 19 0 2 0 0 0 232 3 0 0 255 255 255 255 4 0 4 0 0 0 0 0 data 125 0x40004 0xffffffffffffcd3b 0x2dad37ed9d0 0x24e 0x2dad37eda80 0x91 0x70007 0x32c5 0x388 0x3a0 0xe0005 0x4 0x2dad37edb30 0x94 0x2dad37edbe0 0x308 0x110007 0x308 0x2e8 0x98 0x1d0005 0x0 0x2dad37edb30 0x128 0x2dad37edc90 0x10 0x200007 0x98 0x298 0xa0 0x290005 0x0 0x2dad37edb30 0x94 0x2dad37edc90 0xc 0x2e0007 0xa0 0xe0 0x0 0x330007 0x0 0x78 0x0 0x430002 0x0 0x4a0005 0x0 0x0 0x0 0x0 0x0 0x4e0003 0x0 0x1b0 0x5d0005 0x0 0x0 0x0 0x0 0x0 0x600003 0x0 0x168 0x700005 0x0 0x2dad37edb30 0x94 0x2dad37edc90 0xc 0x730005 0x0 0x2dad37edd40 0xa0 0x0 0x0 0x780004 0x0 0x2dad37eddf0 0x1f 0x2dad37ed9d0 0x74 0x830005 0x0 0x2dad37edb30 0x94 0x2dad37edc90 0xc 0x980002 0xa0 0xa90007 0xa0 0x50 0x0 0xb00007 0x0 0x30 0x0 0xb70002 0x0 0xca0005 0x0 0x2dad37ecf70 0xa0 0x0 0x0 0xd00003 0xa0 0xfffffffffffffd50 0xd60007 0x308 0x50 0x0 0xdf0005 0x0 0x0 0x0 0x0 0x0 0xf00005 0x0 0x2dad37ecf70 0x35ce 0x0 0x0 oops 17 2 org/antlr/v4/runtime/atn/BasicState 4 org/antlr/v4/runtime/atn/RuleStartState 12 org/antlr/v4/runtime/atn/SingletonPredictionContext 14 org/antlr/v4/runtime/atn/EmptyPredictionContext 22 org/antlr/v4/runtime/atn/SingletonPredictionContext 24 org/antlr/v4/runtime/atn/ArrayPredictionContext 32 org/antlr/v4/runtime/atn/SingletonPredictionContext 34 org/antlr/v4/runtime/atn/ArrayPredictionContext 66 org/antlr/v4/runtime/atn/SingletonPredictionContext 68 org/antlr/v4/runtime/atn/ArrayPredictionContext 72 java/util/ArrayList 78 org/antlr/v4/runtime/atn/BlockEndState 80 org/antlr/v4/runtime/atn/BasicState 84 org/antlr/v4/runtime/atn/SingletonPredictionContext 86 org/antlr/v4/runtime/atn/ArrayPredictionContext 102 org/antlr/v4/runtime/atn/ParserATNSimulator 121 org/antlr/v4/runtime/atn/ParserATNSimulator
ciMethodData org/antlr/v4/runtime/atn/ParserATNSimulator closure_ (Lorg/antlr/v4/runtime/atn/ATNConfig;Lorg/antlr/v4/runtime/atn/ATNConfigSet;Ljava/util/Set;ZZIZ)V 2 23559 orig 264 64 144 169 93 0 0 0 0 192 163 140 219 218 2 0 0 24 8 0 0 80 0 0 0 0 0 0 0 0 0 0 0 0 0 0 0 0 0 0 0 0 0 0 0 0 0 0 0 0 0 0 0 0 0 0 0 0 0 0 0 0 0 0 0 0 0 0 0 0 0 0 0 0 0 0 0 0 0 0 0 77 68 79 32 101 120 116 114 97 32 100 97 116 97 32 108 111 99 107 0 0 0 0 0 0 0 0 0 0 0 0 0 0 0 0 0 0 0 0 0 0 0 0 0 0 0 0 0 0 0 0 0 0 0 0 0 0 0 0 0 0 0 0 0 1 0 0 0 0 0 0 0 0 0 0 0 0 0 0 0 0 0 0 0 0 0 0 0 0 0 0 0 0 0 0 0 0 0 0 0 0 0 0 0 0 0 0 0 0 0 0 0 0 0 0 0 0 0 0 0 0 0 0 0 0 0 0 0 0 0 0 0 0 0 0 0 162 2 0 0 225 7 2 0 105 202 2 0 0 0 0 0 0 0 0 0 2 0 0 0 1 0 51 0 2 0 0 0 152 6 0 0 255 255 255 255 5 0 8 0 0 0 0 0 data 211 0x80005 0x274f 0x2dad37ed9d0 0x152b 0x2dad37eda80 0x482 0xb0007 0x2f91 0x50 0x116b 0x140005 0x0 0x2dad37ed270 0x116b 0x0 0x0 0x1f0005 0x57cb 0x2dad37ed9d0 0x36ca 0x2dad37eda80 0xbb8 0x220007 0x40e2 0x5e8 0x596b 0x270007 0x1874 0x88 0x40f7 0x2c0005 0x0 0x2dad37ecf70 0x40f7 0x0 0x0 0x2f0007 0x40f7 0x38 0x0 0x320003 0x0 0x540 0x390005 0x3829 0x2dad37ed9d0 0x1b66 0x2dad37eda80 0x5dc 0x400004 0xffffffffffffa6a7 0x2dadca46530 0x15a 0x2dad56b71d0 0xc85 0x430007 0x12 0x58 0x5959 0x480007 0x2578 0x38 0x33e1 0x4c0003 0x33e1 0x18 0x5a0007 0x587f 0x38 0xec 0x5e0003 0xec 0x18 0x660005 0x0 0x2dad37ecf70 0x596b 0x0 0x0 0x6d0007 0x1166 0x408 0x4805 0x780004 0xffffffffffffc5ef 0x2dad37ed9d0 0x26c 0x2dad37eda80 0x15a 0x7b0007 0x3a11 0x260 0xdf4 0x810007 0xdf4 0x50 0x0 0x860007 0x0 0x30 0x0 0x8d0002 0x0 0x950007 0x0 0x120 0xdf4 0x9c0005 0x239 0x2dadca475a0 0xbbb 0x0 0x0 0x9f0007 0x965 0xd0 0x48f 0xa40004 0x0 0x2dad56b71d0 0x48f 0x0 0x0 0xa70005 0x0 0x2dad56b71d0 0x48f 0x0 0x0 0xb80007 0x3d0 0x50 0xbf 0xbe0005 0x0 0x2dad37ed1a0 0xbf 0x0 0x0 0xcf0005 0x0 0x2dad56bad70 0xdf4 0x0 0x0 0xd40007 0x66b 0x38 0x789 0xd70003 0x789 0x1d8 0xe20007 0x66b 0x50 0x0 0xe90007 0x0 0x30 0x0 0xf00002 0x0 0xf70003 0x66b 0x140 0xfc0005 0x2d4 0x2dadca46530 0x5dc 0x2dad56b71d0 0x3161 0xff0007 0x3a11 0x88 0x0 0x1050005 0x0 0x0 0x0 0x0 0x0 0x10a0007 0x0 0x38 0x0 0x10d0003 0x0 0xb8 0x1120004 0xffffffffffffcbcb 0x2dadca46530 0x5dc 0x2dad56b71d0 0xa4c 0x1150007 0x3435 0x40 0x5dc 0x11a0007 0x4b5 0x20 0x127 0x12d0005 0x0 0x2dad37ecf70 0x407c 0x0 0x0 0x1330003 0x594c 0xfffffffffffffa00 oops 23 2 org/antlr/v4/runtime/atn/BasicState 4 org/antlr/v4/runtime/atn/RuleStartState 12 org/antlr/v4/runtime/atn/ATNConfigSet 18 org/antlr/v4/runtime/atn/BasicState 20 org/antlr/v4/runtime/atn/RuleStartState 32 org/antlr/v4/runtime/atn/ParserATNSimulator 45 org/antlr/v4/runtime/atn/BasicState 47 org/antlr/v4/runtime/atn/RuleStartState 51 org/antlr/v4/runtime/atn/RuleTransition 53 org/antlr/v4/runtime/atn/EpsilonTransition 75 org/antlr/v4/runtime/atn/ParserATNSimulator 85 org/antlr/v4/runtime/atn/BasicState 87 org/antlr/v4/runtime/atn/RuleStartState 109 org/antlr/v4/runtime/dfa/DFA 119 org/antlr/v4/runtime/atn/EpsilonTransition 125 org/antlr/v4/runtime/atn/EpsilonTransition 135 org/antlr/v4/runtime/atn/ATNConfig 141 java/util/HashSet 167 org/antlr/v4/runtime/atn/RuleTransition 169 org/antlr/v4/runtime/atn/EpsilonTransition 190 org/antlr/v4/runtime/atn/RuleTransition 192 org/antlr/v4/runtime/atn/EpsilonTransition 204 org/antlr/v4/runtime/atn/ParserATNSimulator
ciMethodData org/antlr/v4/runtime/atn/ParserATNSimulator canDropLoopEntryEdgeInLeftRecursiveRule (Lorg/antlr/v4/runtime/atn/ATNConfig;)Z 2 14103 orig 264 64 144 169 93 0 0 0 0 0 167 140 219 218 2 0 0 208 8 0 0 8 3 0 0 0 0 0 0 0 0 0 0 0 0 0 0 0 0 0 0 0 0 0 0 0 0 0 0 0 0 0 0 0 0 0 0 0 0 0 0 0 0 0 0 0 0 0 0 0 0 0 0 0 0 0 0 0 0 0 0 77 68 79 32 101 120 116 114 97 32 100 97 116 97 32 108 111 99 107 0 0 0 0 0 0 0 0 0 0 0 0 0 0 0 0 0 0 0 0 0 0 0 0 0 0 0 0 0 0 0 0 0 0 0 0 0 0 0 0 0 0 0 0 0 0 0 0 0 0 0 0 0 0 0 0 0 0 0 0 0 0 0 0 0 0 0 0 0 0 0 0 0 0 0 0 0 0 0 0 0 0 0 0 0 0 0 0 0 0 0 0 0 0 0 0 0 0 0 0 0 0 0 0 0 0 0 0 0 0 0 0 0 0 0 0 0 0 2 0 0 185 168 1 0 1 0 0 0 0 0 0 0 0 0 0 0 2 0 0 0 2 0 49 0 2 0 0 0 128 7 0 0 255 255 255 255 7 0 3 0 0 0 0 0 data 240 0x30007 0x3517 0x20 0x0 0xe0005 0x1a66 0x2dad37ed9d0 0x1601 0x2dad37eda80 0x4b0 0x130007 0x32ef 0x110 0x228 0x170004 0x0 0x2dadf7aa650 0x228 0x0 0x0 0x1d0007 0x1c6 0xc0 0x62 0x240005 0x0 0x2dad37edbe0 0x5c 0x2dad37edb30 0x6 0x270007 0x5c 0x70 0x6 0x2e0005 0x0 0x2dad37edb30 0x6 0x0 0x0 0x310007 0x6 0x20 0x0 0x3a0005 0x0 0x2dad37edb30 0x6 0x0 0x0 0x440007 0x0 0xe8 0x6 0x540005 0x0 0x2dad37edb30 0x6 0x0 0x0 0x570005 0x0 0x2dad37edd40 0x6 0x0 0x0 0x5c0004 0x0 0x2dad37eddf0 0x2 0x2dad77c05e0 0x2 0x6a0007 0x0 0x20 0x6 0x720003 0x0 0xffffffffffffff30 0x770005 0x0 0x0 0x0 0x0 0x0 0x7d0004 0x0 0x0 0x0 0x0 0x0 0x950005 0x0 0x0 0x0 0x0 0x0 0x9a0004 0x0 0x0 0x0 0x0 0x0 0xa50007 0x0 0x448 0x0 0xae0005 0x0 0x0 0x0 0x0 0x0 0xbc0005 0x0 0x0 0x0 0x0 0x0 0xc10004 0x0 0x0 0x0 0x0 0x0 0xc80005 0x0 0x0 0x0 0x0 0x0 0xcc0007 0x0 0xa0 0x0 0xd20005 0x0 0x0 0x0 0x0 0x0 0xd50005 0x0 0x0 0x0 0x0 0x0 0xd80007 0x0 0x20 0x0 0xe00005 0x0 0x0 0x0 0x0 0x0 0xea0005 0x0 0x0 0x0 0x0 0x0 0xef0007 0x0 0x58 0x0 0xf50007 0x0 0x38 0x0 0xf80003 0x0 0x210 0xff0007 0x0 0x38 0x0 0x1020003 0x0 0x1d8 0x1090007 0x0 0x38 0x0 0x10c0003 0x0 0x1a0 0x1110005 0x0 0x0 0x0 0x0 0x0 0x1160007 0x0 0x158 0x0 0x11b0005 0x0 0x0 0x0 0x0 0x0 0x11f0007 0x0 0x108 0x0 0x1250005 0x0 0x0 0x0 0x0 0x0 0x1280005 0x0 0x0 0x0 0x0 0x0 0x12b0007 0x0 0x88 0x0 0x1310005 0x0 0x0 0x0 0x0 0x0 0x1380007 0x0 0x38 0x0 0x13b0003 0x0 0x18 0x1430003 0x0 0xfffffffffffffbd0 oops 11 6 org/antlr/v4/runtime/atn/BasicState 8 org/antlr/v4/runtime/atn/RuleStartState 16 org/antlr/v4/runtime/atn/StarLoopEntryState 26 org/antlr/v4/runtime/atn/EmptyPredictionContext 28 org/antlr/v4/runtime/atn/SingletonPredictionContext 36 org/antlr/v4/runtime/atn/SingletonPredictionContext 46 org/antlr/v4/runtime/atn/SingletonPredictionContext 56 org/antlr/v4/runtime/atn/SingletonPredictionContext 62 java/util/ArrayList 68 org/antlr/v4/runtime/atn/BlockEndState 70 org/antlr/v4/runtime/atn/BasicBlockStartState
ciMethodData org/antlr/v4/runtime/atn/ATNConfig <init> (Lorg/antlr/v4/runtime/atn/ATNConfig;Lorg/antlr/v4/runtime/atn/ATNState;)V 2 11216 orig 264 64 144 169 93 0 0 0 0 232 19 139 219 218 2 0 0 64 1 0 0 0 0 0 0 0 0 0 0 0 0 0 0 0 0 0 0 0 0 0 0 0 0 0 0 0 0 0 0 0 0 0 0 0 0 0 0 0 0 0 0 0 0 0 0 0 0 0 0 0 0 0 0 0 0 0 0 0 0 0 0 77 68 79 32 101 120 116 114 97 32 100 97 116 97 32 108 111 99 107 0 0 0 0 0 0 0 0 0 0 0 0 0 0 0 0 0 0 0 0 0 0 0 0 0 0 0 0 0 0 0 0 0 0 0 0 0 0 0 0 0 0 0 0 0 0 0 0 0 0 0 0 0 0 0 0 0 0 0 0 0 0 0 0 0 0 0 0 0 0 0 0 0 0 0 0 0 0 0 0 0 0 0 0 0 1 0 0 0 0 0 0 0 0 0 0 0 0 0 0 0 3 0 0 0 0 0 0 0 0 0 0 0 0 0 0 0 0 2 0 0 129 78 1 0 1 0 0 0 0 0 0 0 0 0 0 0 2 0 0 0 0 0 3 0 2 0 0 0 16 0 0 0 255 255 255 255 2 0 11 0 0 0 0 0 data 2 0xb0002 0x29d0 oops 0
ciMethodData org/antlr/v4/runtime/atn/ATNConfigSet$ConfigEqualityComparator hashCode (Ljava/lang/Object;)I 2 8108 orig 264 64 144 169 93 0 0 0 0 192 207 139 219 218 2 0 0 176 1 0 0 0 0 0 0 0 0 0 0 0 0 0 0 0 0 0 0 0 0 0 0 0 0 0 0 0 0 0 0 0 0 0 0 0 0 0 0 0 0 0 0 0 0 0 0 0 0 0 0 0 0 0 0 0 0 0 0 0 0 0 0 77 68 79 32 101 120 116 114 97 32 100 97 116 97 32 108 111 99 107 0 0 0 0 0 0 0 0 0 0 0 0 0 0 0 0 0 0 0 0 0 0 0 0 0 0 0 0 0 0 0 0 0 0 0 0 0 0 0 0 0 0 0 0 0 0 0 0 0 0 0 0 0 0 0 0 0 0 0 0 0 0 0 0 0 0 0 0 0 0 0 0 0 0 0 0 0 0 0 0 0 0 0 0 0 0 0 0 0 0 0 0 0 0 0 0 0 0 0 0 0 0 0 0 0 0 0 0 0 0 0 0 0 0 0 0 0 0 2 0 0 97 237 0 0 1 0 0 0 0 0 0 0 0 0 0 0 2 0 0 0 0 0 3 0 2 0 0 0 96 0 0 0 255 255 255 255 4 0 2 0 0 0 0 0 data 12 0x20004 0x0 0x2dad37ed1a0 0x1dac 0x0 0x0 0x50005 0x35b 0x2dad4250b10 0x1a51 0x0 0x0 oops 2 2 org/antlr/v4/runtime/atn/ATNConfig 8 org/antlr/v4/runtime/atn/ATNConfigSet$ConfigEqualityComparator
ciMethodData org/antlr/v4/runtime/atn/ATNConfigSet$ConfigEqualityComparator hashCode (Lorg/antlr/v4/runtime/atn/ATNConfig;)I 2 8108 orig 264 64 144 169 93 0 0 0 0 88 205 139 219 218 2 0 0 128 1 0 0 0 0 0 0 0 0 0 0 0 0 0 0 0 0 0 0 0 0 0 0 0 0 0 0 0 0 0 0 0 0 0 0 0 0 0 0 0 0 0 0 0 0 0 0 0 0 0 0 0 0 0 0 0 0 0 0 0 0 0 0 77 68 79 32 101 120 116 114 97 32 100 97 116 97 32 108 111 99 107 0 0 0 0 0 0 0 0 0 0 0 0 0 0 0 0 0 0 0 0 0 0 0 0 0 0 0 0 0 0 0 0 0 0 0 0 0 0 0 0 0 0 0 0 0 0 0 0 0 0 0 0 0 0 0 0 0 0 0 0 0 0 0 0 0 0 0 0 0 0 0 0 0 0 0 0 0 0 0 0 0 0 0 0 0 0 0 0 0 0 0 0 0 0 0 0 0 0 0 0 0 0 0 0 0 0 0 0 0 0 0 0 0 0 0 0 0 0 2 0 0 97 237 0 0 1 0 0 0 0 0 0 0 0 0 0 0 2 0 0 0 0 0 3 0 2 0 0 0 48 0 0 0 255 255 255 255 5 0 34 0 0 0 0 0 data 6 0x220005 0x0 0x2dad578c330 0x1d72 0x2dadefb1840 0x3a oops 2 2 org/antlr/v4/runtime/atn/SemanticContext$Predicate 4 org/antlr/v4/runtime/atn/SemanticContext$PrecedencePredicate
ciMethodData org/antlr/v4/runtime/atn/ATNConfig <init> (Lorg/antlr/v4/runtime/atn/ATNConfig;Lorg/antlr/v4/runtime/atn/ATNState;Lorg/antlr/v4/runtime/atn/PredictionContext;)V 1 901 orig 264 64 144 169 93 0 0 0 0 80 22 139 219 218 2 0 0 72 1 0 0 0 0 0 0 0 0 0 0 0 0 0 0 0 0 0 0 0 0 0 0 0 0 0 0 0 0 0 0 0 0 0 0 0 0 0 0 0 0 0 0 0 0 0 0 0 0 0 0 0 0 0 0 0 0 0 0 0 0 0 0 77 68 79 32 101 120 116 114 97 32 100 97 116 97 32 108 111 99 107 0 0 0 0 0 0 0 0 0 0 0 0 0 0 0 0 0 0 0 0 0 0 0 0 0 0 0 0 0 0 0 0 0 0 0 0 0 0 0 0 0 0 0 0 0 0 0 0 0 0 0 0 0 0 0 0 0 0 0 0 0 0 0 0 0 0 0 0 0 0 0 0 0 0 0 0 0 0 0 0 0 0 0 0 0 0 0 0 0 0 0 0 0 0 0 0 0 0 0 0 0 0 0 0 0 0 0 0 0 0 0 0 0 0 0 0 0 149 0 0 0 129 23 0 0 1 0 0 0 0 0 0 0 0 0 0 0 2 0 0 0 0 0 0 0 0 0 0 0 16 0 0 0 255 255 255 255 2 0 8 0 0 0 0 0 data 2 0x80002 0x2f0 oops 0
ciMethodData org/antlr/v4/runtime/atn/PredictionContext <init> (I)V 2 3560 orig 264 64 144 169 93 0 0 0 0 240 111 135 219 218 2 0 0 56 1 0 0 0 0 0 0 0 0 0 0 0 0 0 0 0 0 0 0 0 0 0 0 0 0 0 0 0 0 0 0 0 0 0 0 0 0 0 0 0 0 0 0 0 0 0 0 0 0 0 0 0 0 0 0 0 0 0 0 0 0 0 0 77 68 79 32 101 120 116 114 97 32 100 97 116 97 32 108 111 99 107 0 0 0 0 0 0 0 0 0 0 0 0 0 0 0 0 0 0 0 0 0 0 0 0 0 0 0 0 0 0 0 0 0 0 0 0 0 0 0 0 0 0 0 0 0 0 0 0 0 0 0 0 0 0 0 0 0 0 0 0 0 0 0 0 0 0 0 0 0 0 0 0 0 0 0 0 0 0 0 0 0 0 0 0 0 0 0 0 0 0 0 0 0 0 0 0 0 0 0 0 0 0 0 0 0 0 0 0 0 0 0 0 0 0 0 0 0 0 2 0 0 65 95 0 0 1 0 0 0 0 0 0 0 0 0 0 0 2 0 0 0 0 0 3 0 2 0 0 0 16 0 0 0 255 255 255 255 2 0 1 0 0 0 0 0 data 2 0x10002 0xbe8 oops 0
ciMethodData org/antlr/v4/runtime/atn/ParserATNSimulator ruleTransition (Lorg/antlr/v4/runtime/atn/ATNConfig;Lorg/antlr/v4/runtime/atn/RuleTransition;)Lorg/antlr/v4/runtime/atn/ATNConfig; 1 901 orig 264 64 144 169 93 0 0 0 0 40 175 140 219 218 2 0 0 120 1 0 0 0 0 0 0 0 0 0 0 0 0 0 0 0 0 0 0 0 0 0 0 0 0 0 0 0 0 0 0 0 0 0 0 0 0 0 0 0 0 0 0 0 0 0 0 0 0 0 0 0 0 0 0 0 0 0 0 0 0 0 0 77 68 79 32 101 120 116 114 97 32 100 97 116 97 32 108 111 99 107 0 0 0 0 0 0 0 0 0 0 0 0 0 0 0 0 0 0 0 0 0 0 0 0 0 0 0 0 0 0 0 0 0 0 0 0 0 0 0 0 0 0 0 0 0 0 0 0 0 0 0 0 0 0 0 0 0 0 0 0 0 0 0 0 0 0 0 0 0 0 0 0 0 0 0 0 0 0 0 0 0 0 0 0 0 0 0 0 0 0 0 0 0 0 0 0 0 0 0 0 0 0 0 0 0 0 0 0 0 0 0 0 0 0 0 0 0 212 0 0 0 137 21 0 0 1 0 0 0 0 0 0 0 0 0 0 0 2 0 0 0 0 0 0 0 0 0 0 0 32 0 0 0 255 255 255 255 2 0 13 0 0 0 0 0 data 4 0xd0002 0x2b1 0x1d0002 0x2b1 oops 0
ciMethodData org/antlr/v4/runtime/atn/ParserATNSimulator predTransition (Lorg/antlr/v4/runtime/atn/ATNConfig;Lorg/antlr/v4/runtime/atn/PredicateTransition;ZZZ)Lorg/antlr/v4/runtime/atn/ATNConfig; 1 458 orig 264 64 144 169 93 0 0 0 0 32 174 140 219 218 2 0 0 192 3 0 0 192 1 0 0 0 0 0 0 0 0 0 0 0 0 0 0 0 0 0 0 0 0 0 0 0 0 0 0 0 0 0 0 0 0 0 0 0 0 0 0 0 0 0 0 0 0 0 0 0 0 0 0 0 0 0 0 0 0 0 0 77 68 79 32 101 120 116 114 97 32 100 97 116 97 32 108 111 99 107 0 0 0 0 0 0 0 0 0 0 0 0 0 0 0 0 0 0 0 0 0 0 0 0 0 0 0 0 0 0 0 0 0 0 0 0 0 0 0 0 0 0 0 0 0 0 0 0 0 0 0 0 0 0 0 0 0 0 0 0 0 0 0 0 0 0 0 0 0 0 0 0 0 0 0 0 0 0 0 0 0 0 0 0 0 0 0 0 0 0 0 0 0 0 0 0 0 0 0 0 0 0 0 0 0 0 0 0 0 0 0 0 0 0 0 0 0 70 0 0 0 33 12 0 0 1 0 0 0 0 0 0 0 0 0 0 0 2 0 0 0 0 0 19 0 2 0 0 0 80 2 0 0 255 255 255 255 7 0 4 0 0 0 0 0 data 74 0x40007 0xfe 0x240 0x86 0xb0007 0x86 0x60 0x0 0x120007 0x0 0x200 0x0 0x170007 0x0 0x1e0 0x0 0x1c0007 0x86 0x158 0x0 0x230005 0x0 0x0 0x0 0x0 0x0 0x320005 0x0 0x0 0x0 0x0 0x0 0x390005 0x0 0x0 0x0 0x0 0x0 0x460005 0x0 0x0 0x0 0x0 0x0 0x510005 0x0 0x0 0x0 0x0 0x0 0x580007 0x0 0x30 0x0 0x640002 0x0 0x690003 0x0 0x90 0x710005 0x86 0x0 0x0 0x0 0x0 0x740002 0x86 0x840002 0x86 0x890003 0x86 0x28 0x950002 0xfe oops 0
ciMethodData org/antlr/v4/runtime/atn/ParserATNSimulator actionTransition (Lorg/antlr/v4/runtime/atn/ATNConfig;Lorg/antlr/v4/runtime/atn/ActionTransition;)Lorg/antlr/v4/runtime/atn/ATNConfig; 1 42 orig 264 64 144 169 93 0 0 0 0 168 170 140 219 218 2 0 0 64 1 0 0 0 0 0 0 0 0 0 0 0 0 0 0 0 0 0 0 0 0 0 0 0 0 0 0 0 0 0 0 0 0 0 0 0 0 0 0 0 0 0 0 0 0 0 0 0 0 0 0 0 0 0 0 0 0 0 0 0 0 0 0 77 68 79 32 101 120 116 114 97 32 100 97 116 97 32 108 111 99 107 0 0 0 0 0 0 0 0 0 0 0 0 0 0 0 0 0 0 0 0 0 0 0 0 0 0 0 0 0 0 0 0 0 0 0 0 0 0 0 0 0 0 0 0 0 0 0 0 0 0 0 0 0 0 0 0 0 0 0 0 0 0 0 0 0 0 0 0 0 0 0 0 0 0 0 0 0 0 0 0 0 0 0 0 0 13 0 0 0 0 0 0 0 1 0 0 0 0 0 0 0 7 0 0 0 0 0 0 0 0 0 0 0 0 0 0 0 6 0 0 0 33 1 0 0 1 0 0 0 0 0 0 0 0 0 0 0 2 0 0 0 0 0 0 0 0 0 0 0 16 0 0 0 255 255 255 255 2 0 9 0 0 0 0 0 data 2 0x90002 0x24 oops 0
ciMethodData org/antlr/v4/runtime/atn/ParserATNSimulator precedenceTransition (Lorg/antlr/v4/runtime/atn/ATNConfig;Lorg/antlr/v4/runtime/atn/PrecedencePredicateTransition;ZZZ)Lorg/antlr/v4/runtime/atn/ATNConfig; 1 510 orig 264 64 144 169 93 0 0 0 0 80 172 140 219 218 2 0 0 128 3 0 0 128 1 0 0 0 0 0 0 0 0 0 0 0 0 0 0 0 0 0 0 0 0 0 0 0 0 0 0 0 0 0 0 0 0 0 0 0 0 0 0 0 0 0 0 0 0 0 0 0 0 0 0 0 0 0 0 0 0 0 0 77 68 79 32 101 120 116 114 97 32 100 97 116 97 32 108 111 99 107 0 0 0 0 0 0 0 0 0 0 0 0 0 0 0 0 0 0 0 0 0 0 0 0 0 0 0 0 0 0 0 0 0 0 0 0 0 0 0 0 0 0 0 0 0 0 0 0 0 0 0 0 0 0 0 0 0 0 0 0 0 0 0 0 0 0 0 0 0 0 0 0 0 0 0 0 0 0 0 0 0 0 0 0 0 25 0 0 0 0 0 0 0 0 0 0 0 0 0 0 0 6 0 0 0 0 0 0 0 0 0 0 0 0 0 0 0 16 0 0 0 113 15 0 0 1 0 0 0 0 0 0 0 0 0 0 0 2 0 0 0 0 0 14 0 2 0 0 0 16 2 0 0 255 255 255 255 7 0 4 0 0 0 0 0 data 66 0x40007 0x10a 0x200 0xe4 0x90007 0xd8 0x1e0 0xc 0xe0007 0xc 0x158 0x0 0x150005 0x0 0x0 0x0 0x0 0x0 0x240005 0x0 0x0 0x0 0x0 0x0 0x2b0005 0x0 0x0 0x0 0x0 0x0 0x380005 0x0 0x0 0x0 0x0 0x0 0x430005 0x0 0x0 0x0 0x0 0x0 0x4a0007 0x0 0x30 0x0 0x560002 0x0 0x5b0003 0x0 0x90 0x630005 0xc 0x0 0x0 0x0 0x0 0x660002 0xc 0x760002 0xc 0x7b0003 0xc 0x28 0x870002 0x1e2 oops 0
ciMethodData org/antlr/v4/runtime/atn/ATNConfigSet$ConfigEqualityComparator equals (Ljava/lang/Object;Ljava/lang/Object;)Z 2 5345 orig 264 64 144 169 93 0 0 0 0 24 207 139 219 218 2 0 0 232 1 0 0 0 0 0 0 0 0 0 0 0 0 0 0 0 0 0 0 0 0 0 0 0 0 0 0 0 0 0 0 0 0 0 0 0 0 0 0 0 0 0 0 0 0 0 0 0 0 0 0 0 0 0 0 0 0 0 0 0 0 0 0 77 68 79 32 101 120 116 114 97 32 100 97 116 97 32 108 111 99 107 0 0 0 0 0 0 0 0 0 0 0 0 0 0 0 0 0 0 0 0 0 0 0 0 0 0 0 0 0 0 0 0 0 0 0 0 0 0 0 0 0 0 0 0 0 0 0 0 0 0 0 0 0 0 0 0 0 0 0 0 0 0 0 0 0 0 0 0 0 0 0 0 0 0 0 0 0 0 0 0 0 0 0 0 0 0 0 0 0 0 0 0 0 0 0 0 0 0 0 0 0 0 0 0 0 0 0 0 0 0 0 0 0 0 0 0 0 0 2 0 0 9 151 0 0 1 0 0 0 0 0 0 0 0 0 0 0 2 0 0 0 0 0 3 0 2 0 0 0 144 0 0 0 255 255 255 255 4 0 2 0 0 0 0 0 data 18 0x20004 0x0 0x2dad37ed1a0 0x12e1 0x0 0x0 0x60004 0x0 0x2dad37ed1a0 0x12e1 0x0 0x0 0x90005 0x115 0x2dad4250b10 0x11cc 0x0 0x0 oops 3 2 org/antlr/v4/runtime/atn/ATNConfig 8 org/antlr/v4/runtime/atn/ATNConfig 14 org/antlr/v4/runtime/atn/ATNConfigSet$ConfigEqualityComparator
ciMethodData org/antlr/v4/runtime/atn/ATNConfigSet$ConfigEqualityComparator equals (Lorg/antlr/v4/runtime/atn/ATNConfig;Lorg/antlr/v4/runtime/atn/ATNConfig;)Z 2 5345 orig 264 64 144 169 93 0 0 0 0 88 206 139 219 218 2 0 0 96 2 0 0 64 0 0 0 0 0 0 0 0 0 0 0 0 0 0 0 0 0 0 0 0 0 0 0 0 0 0 0 0 0 0 0 0 0 0 0 0 0 0 0 0 0 0 0 0 0 0 0 0 0 0 0 0 0 0 0 0 0 0 0 77 68 79 32 101 120 116 114 97 32 100 97 116 97 32 108 111 99 107 0 0 0 0 0 0 0 0 0 0 0 0 0 0 0 0 0 0 0 0 0 0 0 0 0 0 0 0 0 0 0 0 0 0 0 0 0 0 0 0 0 0 0 0 0 0 0 0 0 0 0 0 0 0 0 0 0 0 0 0 0 0 0 0 0 0 0 0 0 0 0 0 0 0 0 0 0 0 0 0 0 0 0 0 0 0 0 0 0 0 0 0 0 0 0 0 0 0 0 0 0 0 0 0 0 0 0 0 0 0 0 0 0 0 0 0 0 0 2 0 0 9 151 0 0 1 0 0 0 0 0 0 0 0 0 0 0 2 0 0 0 0 0 18 0 2 0 0 0 8 1 0 0 255 255 255 255 7 0 2 0 0 0 0 0 data 33 0x20007 0x12e1 0x20 0x0 0x80007 0x0 0x40 0x12e1 0xc0007 0x12e1 0x20 0x0 0x1f0007 0x91c 0xa8 0x9c5 0x2a0007 0x0 0x88 0x9c5 0x350005 0x0 0x2dad578c330 0x9c5 0x0 0x0 0x380007 0x0 0x38 0x9c5 0x3c0003 0x9c5 0x18 oops 1 22 org/antlr/v4/runtime/atn/SemanticContext$Predicate
ciMethodData org/antlr/v4/runtime/atn/SingletonPredictionContext equals (Ljava/lang/Object;)Z 2 8905 orig 264 64 144 169 93 0 0 0 0 120 164 135 219 218 2 0 0 24 3 0 0 208 0 0 0 0 0 0 0 0 0 0 0 0 0 0 0 0 0 0 0 0 0 0 0 0 0 0 0 0 0 0 0 0 0 0 0 0 0 0 0 0 0 0 0 0 0 0 0 0 0 0 0 0 0 0 0 0 0 0 0 77 68 79 32 101 120 116 114 97 32 100 97 116 97 32 108 111 99 107 0 0 0 0 0 0 0 0 0 0 0 0 0 0 0 0 0 0 0 0 0 0 0 0 0 0 0 0 0 0 0 0 0 0 0 0 0 0 0 0 0 0 0 0 0 0 0 0 0 0 0 0 0 0 0 0 0 0 0 0 0 0 0 0 0 0 0 0 0 0 0 0 0 0 0 0 0 0 0 0 0 0 0 0 0 17 0 0 0 0 0 0 0 0 0 0 0 0 0 0 0 1 0 0 0 0 0 0 0 0 0 0 0 0 0 0 0 0 2 0 0 73 6 1 0 1 0 0 0 0 0 0 0 0 0 0 0 2 0 0 0 0 0 17 0 2 0 0 0 200 1 0 0 255 255 255 255 7 0 2 0 0 0 0 0 data 57 0x20007 0x1f04 0x20 0x1c5 0x80004 0x0 0x2dad37edb30 0x1eff 0x2dad37edbe0 0x5 0xb0007 0x1f04 0x20 0x0 0x110005 0x6b 0x2dad37edb30 0x1e99 0x0 0x0 0x150005 0x0 0x2dad37edb30 0x1eff 0x2dad37edbe0 0x5 0x180007 0x19de 0x20 0x526 0x1e0004 0x0 0x2dad37edb30 0x19de 0x0 0x0 0x2a0007 0x0 0xa8 0x19de 0x310007 0x0 0x88 0x19de 0x3c0005 0x61 0x2dad37edb30 0xd6a 0x2dad37edbe0 0xc13 0x3f0007 0x0 0x38 0x19de 0x430003 0x19de 0x18 oops 8 6 org/antlr/v4/runtime/atn/SingletonPredictionContext 8 org/antlr/v4/runtime/atn/EmptyPredictionContext 16 org/antlr/v4/runtime/atn/SingletonPredictionContext 22 org/antlr/v4/runtime/atn/SingletonPredictionContext 24 org/antlr/v4/runtime/atn/EmptyPredictionContext 32 org/antlr/v4/runtime/atn/SingletonPredictionContext 46 org/antlr/v4/runtime/atn/SingletonPredictionContext 48 org/antlr/v4/runtime/atn/EmptyPredictionContext
ciMethodData org/antlr/v4/runtime/atn/PredictionContext calculateHashCode (Lorg/antlr/v4/runtime/atn/PredictionContext;I)I 2 1591 orig 264 64 144 169 93 0 0 0 0 240 118 135 219 218 2 0 0 144 1 0 0 0 0 0 0 0 0 0 0 0 0 0 0 0 0 0 0 0 0 0 0 0 0 0 0 0 0 0 0 0 0 0 0 0 0 0 0 0 0 0 0 0 0 0 0 0 0 0 0 0 0 0 0 0 0 0 0 0 0 0 0 77 68 79 32 101 120 116 114 97 32 100 97 116 97 32 108 111 99 107 0 0 0 0 0 0 0 0 0 0 0 0 0 0 0 0 0 0 0 0 0 0 0 0 0 0 0 0 0 0 0 0 0 0 0 0 0 0 0 0 0 0 0 0 0 0 0 0 0 0 0 0 0 0 0 0 0 0 0 0 0 0 0 0 0 0 0 0 0 0 0 0 0 0 0 0 0 0 0 0 0 0 0 0 0 0 0 0 0 0 0 0 0 0 0 0 0 0 0 0 0 0 0 0 0 0 0 0 0 0 0 0 0 0 0 0 0 0 2 0 0 185 33 0 0 1 0 0 0 0 0 0 0 0 0 0 0 2 0 0 0 0 0 7 0 2 0 0 0 64 0 0 0 255 255 255 255 2 0 1 0 0 0 0 0 data 8 0x10002 0x437 0x70002 0x437 0xd0002 0x437 0x130002 0x437 oops 0
ciMethod org/antlr/v4/runtime/atn/LexerActionExecutor equals (Ljava/lang/Object;)Z 0 0 1 0 0
ciMethodData org/antlr/v4/runtime/atn/ArrayPredictionContext <init> ([Lorg/antlr/v4/runtime/atn/PredictionContext;[I)V 2 1941 orig 264 64 144 169 93 0 0 0 0 176 67 150 219 218 2 0 0 88 2 0 0 208 0 0 0 0 0 0 0 0 0 0 0 0 0 0 0 0 0 0 0 0 0 0 0 0 0 0 0 0 0 0 0 0 0 0 0 0 0 0 0 0 0 0 0 0 0 0 0 0 0 0 0 0 0 0 0 0 0 0 0 77 68 79 32 101 120 116 114 97 32 100 97 116 97 32 108 111 99 107 0 0 0 0 0 0 0 0 0 0 0 0 0 0 0 0 0 0 0 0 0 0 0 0 0 0 0 0 0 0 0 0 0 0 0 0 0 0 0 0 0 0 0 0 0 0 0 0 0 0 0 0 0 0 0 0 0 0 0 0 0 0 0 0 0 0 0 0 0 0 0 0 0 0 0 0 0 0 0 0 0 0 0 0 0 0 0 0 0 0 0 0 0 0 0 0 0 0 0 0 0 0 0 0 0 0 0 0 0 0 0 0 0 0 0 0 0 195 0 0 0 145 54 0 0 1 0 0 0 0 0 0 0 0 0 0 0 2 0 0 0 0 0 5 0 2 0 0 0 0 1 0 0 255 255 255 255 2 0 3 0 0 0 0 0 data 32 0x30002 0x6d2 0x60002 0x6d2 0xc0007 0x6d2 0x70 0x0 0x100007 0x0 0x40 0x0 0x150007 0x0 0x30 0x0 0x1c0002 0x0 0x230007 0x6d2 0x70 0x0 0x270007 0x0 0x40 0x0 0x2c0007 0x0 0x30 0x0 0x330002 0x0 oops 0
ciMethodData org/antlr/v4/runtime/atn/PredictionContext calculateEmptyHashCode ()I 1 27 orig 264 64 144 169 93 0 0 0 0 32 118 135 219 218 2 0 0 96 1 0 0 0 0 0 0 0 0 0 0 0 0 0 0 0 0 0 0 0 0 0 0 0 0 0 0 0 0 0 0 0 0 0 0 0 0 0 0 0 0 0 0 0 0 0 0 0 0 0 0 0 0 0 0 0 0 0 0 0 0 0 0 77 68 79 32 101 120 116 114 97 32 100 97 116 97 32 108 111 99 107 0 0 0 0 0 0 0 0 0 0 0 0 0 0 0 0 0 0 0 0 0 0 0 0 0 0 0 0 0 0 0 0 0 0 0 0 0 0 0 0 0 0 0 0 0 0 0 0 0 0 0 0 0 0 0 0 0 0 0 0 0 0 0 0 0 0 0 0 0 0 0 0 0 0 0 0 0 0 0 0 0 0 0 0 0 0 0 0 0 0 0 0 0 0 0 0 0 0 0 0 0 0 0 0 0 0 0 0 0 0 0 0 0 0 0 0 0 8 0 0 0 153 0 0 0 1 0 0 0 0 0 0 0 0 0 0 0 2 0 0 0 0 0 0 0 0 0 0 0 32 0 0 0 255 255 255 255 2 0 1 0 0 0 0 0 data 4 0x10002 0x13 0x70002 0x13 oops 0
ciMethodData org/antlr/v4/runtime/atn/SemanticContext$Predicate equals (Ljava/lang/Object;)Z 2 4916 orig 264 64 144 169 93 0 0 0 0 64 55 146 219 218 2 0 0 104 2 0 0 80 0 0 0 0 0 0 0 0 0 0 0 0 0 0 0 0 0 0 0 0 0 0 0 0 0 0 0 0 0 0 0 0 0 0 0 0 0 0 0 0 0 0 0 0 0 0 0 0 0 0 0 0 0 0 0 0 0 0 0 77 68 79 32 101 120 116 114 97 32 100 97 116 97 32 108 111 99 107 0 0 0 0 0 0 0 0 0 0 0 0 0 0 0 0 0 0 0 0 0 0 0 0 0 0 0 0 0 0 0 0 0 0 0 0 0 0 0 0 0 0 0 0 0 0 0 0 0 0 0 0 0 0 0 0 0 0 0 0 0 0 0 0 0 0 0 0 0 0 0 0 0 0 0 0 0 0 0 0 0 0 0 0 0 0 0 0 0 0 0 0 0 0 0 0 0 0 0 0 0 0 0 0 0 0 0 0 0 0 0 0 0 0 0 0 0 0 2 0 0 161 137 0 0 1 0 0 0 0 0 0 0 0 0 0 0 2 0 0 0 0 0 15 0 2 0 0 0 24 1 0 0 255 255 255 255 4 0 1 0 0 0 0 0 data 35 0x10004 0x0 0x2dad578c330 0x1134 0x0 0x0 0x40007 0x1134 0x20 0x0 0xb0007 0x4e 0x20 0x10e6 0x110004 0x0 0x2dad578c330 0x4e 0x0 0x0 0x1d0007 0x0 0x78 0x4e 0x280007 0x0 0x58 0x4e 0x330007 0x0 0x38 0x4e 0x370003 0x4e 0x18 oops 2 2 org/antlr/v4/runtime/atn/SemanticContext$Predicate 16 org/antlr/v4/runtime/atn/SemanticContext$Predicate
ciMethodData org/antlr/v4/runtime/atn/ATNConfig equals (Ljava/lang/Object;)Z 2 3002 orig 264 64 144 169 93 0 0 0 0 88 26 139 219 218 2 0 0 0 2 0 0 48 0 0 0 0 0 0 0 0 0 0 0 0 0 0 0 0 0 0 0 0 0 0 0 0 0 0 0 0 0 0 0 0 0 0 0 0 0 0 0 0 0 0 0 0 0 0 0 0 0 0 0 0 0 0 0 0 0 0 0 77 68 79 32 101 120 116 114 97 32 100 97 116 97 32 108 111 99 107 0 0 0 0 0 0 0 0 0 0 0 0 0 0 0 0 0 0 0 0 0 0 0 0 0 0 0 0 0 0 0 0 0 0 0 0 0 0 0 0 0 0 0 0 0 0 0 0 0 0 0 0 0 0 0 0 0 0 0 0 0 0 0 0 0 0 0 0 0 0 0 0 0 0 0 0 0 0 0 0 0 0 0 0 0 17 0 0 0 0 0 0 0 0 0 0 0 0 0 0 0 0 0 0 0 0 0 0 0 0 0 0 0 0 0 0 0 0 2 0 0 209 77 0 0 1 0 0 0 0 0 0 0 0 0 0 0 2 0 0 0 0 0 5 0 2 0 0 0 176 0 0 0 255 255 255 255 4 0 1 0 0 0 0 0 data 22 0x10004 0x0 0x2dad37ed1a0 0x938 0x2dadf61edf0 0x82 0x40007 0x9ba 0x20 0x0 0xb0004 0x0 0x2dad37ed1a0 0x938 0x2dadf61edf0 0x82 0xe0005 0x0 0x2dad37ed1a0 0x938 0x2dadf61edf0 0x82 oops 6 2 org/antlr/v4/runtime/atn/ATNConfig 4 org/antlr/v4/runtime/atn/LexerATNConfig 12 org/antlr/v4/runtime/atn/ATNConfig 14 org/antlr/v4/runtime/atn/LexerATNConfig 18 org/antlr/v4/runtime/atn/ATNConfig 20 org/antlr/v4/runtime/atn/LexerATNConfig
ciMethodData org/antlr/v4/runtime/atn/ATNConfig equals (Lorg/antlr/v4/runtime/atn/ATNConfig;)Z 2 3002 orig 264 64 144 169 93 0 0 0 0 144 27 139 219 218 2 0 0 72 3 0 0 240 0 0 0 0 0 0 0 0 0 0 0 0 0 0 0 0 0 0 0 0 0 0 0 0 0 0 0 0 0 0 0 0 0 0 0 0 0 0 0 0 0 0 0 0 0 0 0 0 0 0 0 0 0 0 0 0 0 0 0 77 68 79 32 101 120 116 114 97 32 100 97 116 97 32 108 111 99 107 0 0 0 0 0 0 0 0 0 0 0 0 0 0 0 0 0 0 0 0 0 0 0 0 0 0 0 0 0 0 0 0 0 0 0 0 0 0 0 0 0 0 0 0 0 0 0 0 0 0 0 0 0 0 0 0 0 0 0 0 0 0 0 0 0 0 0 0 0 0 0 0 0 0 0 0 0 0 0 0 0 0 0 0 0 17 0 0 0 0 0 0 0 0 0 0 0 0 0 0 0 3 0 0 0 0 0 0 0 0 0 0 0 0 0 0 0 0 2 0 0 209 77 0 0 1 0 0 0 0 0 0 0 0 0 0 0 2 0 0 0 0 0 32 0 2 0 0 0 248 1 0 0 255 255 255 255 7 0 2 0 0 0 0 0 data 63 0x20007 0x9ba 0x20 0x0 0x80007 0x9ba 0x20 0x0 0x1b0007 0x42 0x1b8 0x978 0x260007 0x0 0x198 0x978 0x310007 0x958 0x90 0x20 0x380007 0x0 0x158 0x20 0x430005 0x0 0x2dad37edb30 0x20 0x0 0x0 0x460007 0x0 0x108 0x20 0x510005 0x0 0x2dad578c330 0x978 0x0 0x0 0x540007 0x0 0xb8 0x978 0x580005 0xba 0x2dad37ed1a0 0x87e 0x2dadf61edf0 0x40 0x5c0005 0xba 0x2dad37ed1a0 0x87e 0x2dadf61edf0 0x40 0x5f0007 0x12 0x38 0x966 0x630003 0x966 0x18 oops 6 26 org/antlr/v4/runtime/atn/SingletonPredictionContext 36 org/antlr/v4/runtime/atn/SemanticContext$Predicate 46 org/antlr/v4/runtime/atn/ATNConfig 48 org/antlr/v4/runtime/atn/LexerATNConfig 52 org/antlr/v4/runtime/atn/ATNConfig 54 org/antlr/v4/runtime/atn/LexerATNConfig
ciMethodData org/antlr/v4/runtime/atn/PredictionContext mergeSingletons (Lorg/antlr/v4/runtime/atn/SingletonPredictionContext;Lorg/antlr/v4/runtime/atn/SingletonPredictionContext;ZLorg/antlr/v4/runtime/misc/DoubleKeyMap;)Lorg/antlr/v4/runtime/atn/PredictionContext; 2 1431 orig 264 64 144 169 93 0 0 0 0 184 124 135 219 218 2 0 0 160 6 0 0 176 4 0 0 0 0 0 0 0 0 0 0 0 0 0 0 0 0 0 0 0 0 0 0 0 0 0 0 0 0 0 0 0 0 0 0 0 0 0 0 0 0 0 0 0 0 0 0 0 0 0 0 0 0 0 0 0 0 0 0 77 68 79 32 101 120 116 114 97 32 100 97 116 97 32 108 111 99 107 0 0 0 0 0 0 0 0 0 0 0 0 0 0 0 0 0 0 0 0 0 0 0 0 0 0 0 0 0 0 0 0 0 0 0 0 0 0 0 0 0 0 0 0 0 0 0 0 0 0 0 0 0 0 0 0 0 0 0 0 0 0 0 0 0 0 0 0 0 0 0 0 0 0 0 0 0 0 0 0 0 0 0 0 0 0 0 0 0 0 0 0 0 0 0 0 0 0 0 0 0 0 0 0 0 0 0 0 0 0 0 0 0 0 0 0 0 212 0 0 0 25 38 0 0 1 0 0 0 0 0 0 0 0 0 0 0 2 0 0 0 0 0 58 0 2 0 0 0 64 5 0 0 255 255 255 255 7 0 1 0 0 0 0 0 data 168 0x10007 0x283 0x120 0x240 0x70005 0x0 0x2dad37f1230 0x240 0x0 0x0 0xa0104 0x0 0x2dad37edc90 0x7b 0x2dad37edb30 0xca 0x110007 0xaf 0x20 0x191 0x1a0005 0x0 0x2dad37f1230 0xaf 0x0 0x0 0x1d0104 0x0 0x2dad37edc90 0x9 0x0 0x0 0x240007 0xa6 0x20 0x9 0x2d0002 0x329 0x340007 0x2e2 0x70 0x47 0x380007 0x46 0x50 0x1 0x400005 0x0 0x2dad37f1230 0x1 0x0 0x0 0x4f0007 0x129 0xd0 0x1b9 0x5c0002 0x1b9 0x670007 0x14a 0x20 0x6f 0x720007 0x14a 0x20 0x0 0x7d0002 0x14a 0x830007 0x11e 0x50 0x2c 0x8b0005 0x0 0x2dad37f1230 0x2c 0x0 0x0 0x970007 0x0 0x90 0x129 0x9e0007 0x0 0x70 0x129 0xa90005 0x50 0x2dad37edbe0 0xc3 0x2dad37edc90 0x16 0xac0007 0x89 0x20 0xa0 0xb70007 0x89 0x100 0xa0 0xd50007 0x4c 0x20 0x54 0xf00004 0x0 0x2dad37edbe0 0x9f 0x2dad37edb30 0x1 0xf50004 0x0 0x2dad37edbe0 0x9f 0x2dad37edb30 0x1 0x1000002 0xa0 0x1060007 0x91 0x50 0xf 0x10e0005 0x0 0x2dad37f1230 0xf 0x0 0x0 0x1320004 0x0 0x2dad37edc90 0x16 0x2dad37edb30 0x4f 0x1390004 0x0 0x2dad37edbe0 0x16 0x2dad37edb30 0x73 0x1440007 0x5c 0x80 0x2d 0x1610004 0x0 0x2dad37edb30 0x28 0x2dad37edbe0 0x5 0x1680004 0x0 0x2dad37edb30 0x25 0x2dad37edbe0 0x3 0x1730002 0x89 0x1790007 0x79 0x50 0x10 0x1810005 0x0 0x2dad37f1230 0x10 0x0 0x0 oops 23 6 org/antlr/v4/runtime/misc/DoubleKeyMap 12 org/antlr/v4/runtime/atn/ArrayPredictionContext 14 org/antlr/v4/runtime/atn/SingletonPredictionContext 22 org/antlr/v4/runtime/misc/DoubleKeyMap 28 org/antlr/v4/runtime/atn/ArrayPredictionContext 48 org/antlr/v4/runtime/misc/DoubleKeyMap 74 org/antlr/v4/runtime/misc/DoubleKeyMap 88 org/antlr/v4/runtime/atn/EmptyPredictionContext 90 org/antlr/v4/runtime/atn/ArrayPredictionContext 106 org/antlr/v4/runtime/atn/EmptyPredictionContext 108 org/antlr/v4/runtime/atn/SingletonPredictionContext 112 org/antlr/v4/runtime/atn/EmptyPredictionContext 114 org/antlr/v4/runtime/atn/SingletonPredictionContext 124 org/antlr/v4/runtime/misc/DoubleKeyMap 130 org/antlr/v4/runtime/atn/ArrayPredictionContext 132 org/antlr/v4/runtime/atn/SingletonPredictionContext 136 org/antlr/v4/runtime/atn/EmptyPredictionContext 138 org/antlr/v4/runtime/atn/SingletonPredictionContext 146 org/antlr/v4/runtime/atn/SingletonPredictionContext 148 org/antlr/v4/runtime/atn/EmptyPredictionContext 152 org/antlr/v4/runtime/atn/SingletonPredictionContext 154 org/antlr/v4/runtime/atn/EmptyPredictionContext 164 org/antlr/v4/runtime/misc/DoubleKeyMap
ciMethodData org/antlr/v4/runtime/atn/ArrayPredictionContext <init> (Lorg/antlr/v4/runtime/atn/SingletonPredictionContext;)V 1 931 orig 264 64 144 169 93 0 0 0 0 176 66 150 219 218 2 0 0 144 1 0 0 0 0 0 0 0 0 0 0 0 0 0 0 0 0 0 0 0 0 0 0 0 0 0 0 0 0 0 0 0 0 0 0 0 0 0 0 0 0 0 0 0 0 0 0 0 0 0 0 0 0 0 0 0 0 0 0 0 0 0 0 77 68 79 32 101 120 116 114 97 32 100 97 116 97 32 108 111 99 107 0 0 0 0 0 0 0 0 0 0 0 0 0 0 0 0 0 0 0 0 0 0 0 0 0 0 0 0 0 0 0 0 0 0 0 0 0 0 0 0 0 0 0 0 0 0 0 0 0 0 0 0 0 0 0 0 0 0 0 0 0 0 0 0 0 0 0 0 0 0 0 0 0 0 0 0 0 0 0 0 0 0 0 0 0 0 0 0 0 0 0 0 0 0 0 0 0 0 0 0 0 0 0 0 0 0 0 0 0 0 0 0 0 0 0 0 0 164 0 0 0 249 23 0 0 1 0 0 0 0 0 0 0 0 0 0 0 2 0 0 0 0 0 0 0 0 0 0 0 64 0 0 0 255 255 255 255 4 0 11 0 0 0 0 0 data 8 0xb0004 0x0 0x2dad37edbe0 0x21b 0x2dad37edb30 0xe4 0x160002 0x2ff oops 2 2 org/antlr/v4/runtime/atn/EmptyPredictionContext 4 org/antlr/v4/runtime/atn/SingletonPredictionContext
ciMethodData org/antlr/v4/runtime/atn/PredictionContext mergeArrays (Lorg/antlr/v4/runtime/atn/ArrayPredictionContext;Lorg/antlr/v4/runtime/atn/ArrayPredictionContext;ZLorg/antlr/v4/runtime/misc/DoubleKeyMap;)Lorg/antlr/v4/runtime/atn/PredictionContext; 2 2720 orig 264 64 144 169 93 0 0 0 0 224 130 135 219 218 2 0 0 56 9 0 0 72 7 0 0 0 0 0 0 0 0 0 0 0 0 0 0 0 0 0 0 0 0 0 0 0 0 0 0 0 0 0 0 0 0 0 0 0 0 0 0 0 0 0 0 0 0 0 0 0 0 0 0 0 0 0 0 0 0 0 0 77 68 79 32 101 120 116 114 97 32 100 97 116 97 32 108 111 99 107 0 0 0 0 0 0 0 0 0 0 0 0 0 0 0 0 0 0 0 0 0 0 0 0 0 0 0 0 0 0 0 0 0 0 0 0 0 0 0 0 0 0 0 0 0 0 0 0 0 0 0 0 0 0 0 0 0 0 0 0 0 0 0 0 0 0 0 0 0 0 0 0 0 0 0 0 0 0 0 0 0 0 0 0 0 0 0 0 0 0 0 0 0 0 0 0 0 0 0 0 0 0 0 0 0 0 0 0 0 0 0 0 0 0 0 0 0 254 0 0 0 105 43 0 0 17 77 0 0 0 0 0 0 0 0 0 0 2 0 0 0 3 0 90 0 2 0 0 0 216 7 0 0 255 255 255 255 7 0 1 0 0 0 0 0 data 251 0x10007 0x2dc 0x120 0x291 0x70005 0x0 0x2dad37f1230 0x291 0x0 0x0 0xa0104 0x0 0x2dad37edc90 0x24b 0x0 0x0 0x110007 0x46 0x20 0x24b 0x1a0005 0x0 0x2dad37f1230 0x46 0x0 0x0 0x1d0104 0x0 0x0 0x0 0x0 0x0 0x240007 0x46 0x20 0x0 0x590007 0x16d 0x310 0x880 0x630007 0x1b5 0x2f0 0x6cb 0x860007 0x4b2 0x220 0x219 0x960007 0x219 0x78 0x0 0x9b0007 0x0 0x58 0x0 0xa00007 0x0 0x38 0x0 0xa40003 0x0 0x18 0xac0007 0x0 0xa8 0x219 0xb10007 0x0 0x88 0x219 0xb80005 0x7a 0x2dad37edc90 0x60 0x2dad37edbe0 0x13f 0xbb0007 0xcb 0x38 0x14e 0xbf0003 0x14e 0x18 0xc70007 0x0 0x40 0x219 0xcc0007 0xcb 0x68 0x14e 0xd50004 0x0 0x2dad37edbe0 0x130 0x2dad37edb30 0x1e 0xdd0003 0x14e 0x58 0xe60002 0xcb 0xf10004 0x0 0x2dad37edc90 0x9b 0x2dad37edbe0 0x17 0xff0003 0x219 0xb0 0x1100007 0xac 0x68 0x406 0x1190004 0x0 0x2dad37edbe0 0x35a 0x2dad37edc90 0x44 0x1290003 0x406 0x48 0x1320004 0x0 0x2dad37edbe0 0x82 0x2dad37edb30 0x2a 0x1450003 0x6cb 0xfffffffffffffd08 0x14f0007 0x16d 0xa0 0x1b5 0x15d0007 0x1b5 0x68 0x27a 0x16b0004 0x0 0x2dad37edbe0 0x1d3 0x2dad37edb30 0x5d 0x17e0003 0x27a 0xffffffffffffffb0 0x1810003 0x1b5 0x80 0x18f0007 0x16d 0x68 0x5d 0x19d0004 0x0 0x2dad37edbe0 0x5b 0x2dad37edb30 0x2 0x1b00003 0x5d 0xffffffffffffffb0 0x1b80007 0x109 0xf0 0x219 0x1be0007 0x219 0x80 0x0 0x1c90002 0x0 0x1cf0007 0x0 0x50 0x0 0x1d70005 0x0 0x0 0x0 0x0 0x0 0x1e20002 0x219 0x1e50004 0x0 0x2dad66bb9d0 0x219 0x0 0x0 0x1ee0002 0x219 0x1fb0002 0x322 0x2030005 0x0 0x2dad37edc90 0x322 0x0 0x0 0x2060007 0x1b0 0x70 0x172 0x20a0007 0x156 0x50 0x1c 0x2110005 0x0 0x2dad37f1230 0x1c 0x0 0x0 0x21a0005 0x0 0x2dad37edc90 0x1b0 0x0 0x0 0x21d0007 0x1b0 0x70 0x0 0x2210007 0x0 0x50 0x0 0x2280005 0x0 0x0 0x0 0x0 0x0 0x2300002 0x1b0 0x2340007 0x186 0x50 0x2a 0x23c0005 0x0 0x2dad37f1230 0x2a 0x0 0x0 oops 22 6 org/antlr/v4/runtime/misc/DoubleKeyMap 12 org/antlr/v4/runtime/atn/ArrayPredictionContext 22 org/antlr/v4/runtime/misc/DoubleKeyMap 73 org/antlr/v4/runtime/atn/ArrayPredictionContext 75 org/antlr/v4/runtime/atn/EmptyPredictionContext 94 org/antlr/v4/runtime/atn/EmptyPredictionContext 96 org/antlr/v4/runtime/atn/SingletonPredictionContext 105 org/antlr/v4/runtime/atn/ArrayPredictionContext 107 org/antlr/v4/runtime/atn/EmptyPredictionContext 118 org/antlr/v4/runtime/atn/EmptyPredictionContext 120 org/antlr/v4/runtime/atn/ArrayPredictionContext 127 org/antlr/v4/runtime/atn/EmptyPredictionContext 129 org/antlr/v4/runtime/atn/SingletonPredictionContext 144 org/antlr/v4/runtime/atn/EmptyPredictionContext 146 org/antlr/v4/runtime/atn/SingletonPredictionContext 160 org/antlr/v4/runtime/atn/EmptyPredictionContext 162 org/antlr/v4/runtime/atn/SingletonPredictionContext 191 [Lorg/antlr/v4/runtime/atn/PredictionContext; 201 org/antlr/v4/runtime/atn/ArrayPredictionContext 215 org/antlr/v4/runtime/misc/DoubleKeyMap 221 org/antlr/v4/runtime/atn/ArrayPredictionContext 247 org/antlr/v4/runtime/misc/DoubleKeyMap
ciMethodData org/antlr/v4/runtime/atn/PredictionContext calculateHashCode ([Lorg/antlr/v4/runtime/atn/PredictionContext;[I)I 2 7428 orig 264 64 144 169 93 0 0 0 0 32 120 135 219 218 2 0 0 0 2 0 0 64 0 0 0 0 0 0 0 0 0 0 0 0 0 0 0 0 0 0 0 0 0 0 0 0 0 0 0 0 0 0 0 0 0 0 0 0 0 0 0 0 0 0 0 0 0 0 0 0 0 0 0 0 0 0 0 0 0 0 0 77 68 79 32 101 120 116 114 97 32 100 97 116 97 32 108 111 99 107 0 0 0 0 0 0 0 0 0 0 0 0 0 0 0 0 0 0 0 0 0 0 0 0 0 0 0 0 0 0 0 0 0 0 0 0 0 0 0 0 0 0 0 0 0 0 0 0 0 0 0 0 0 0 0 0 0 0 0 0 0 0 0 0 0 0 0 0 0 0 0 0 0 0 0 0 0 0 0 0 0 0 0 0 0 0 0 0 0 0 0 0 0 0 0 0 0 0 0 0 0 0 0 0 0 0 0 0 0 0 0 0 0 0 0 0 0 4 4 0 0 81 51 0 0 1 200 0 0 0 0 0 0 0 0 0 0 2 0 0 0 2 0 13 0 2 0 0 0 176 0 0 0 255 255 255 255 2 0 1 0 0 0 0 0 data 22 0x10002 0x66a 0x120007 0x66a 0x48 0xc80 0x1e0002 0xc80 0x250003 0xc80 0xffffffffffffffd0 0x350007 0x66a 0x48 0xc80 0x410002 0xc80 0x480003 0xc80 0xffffffffffffffd0 0x500002 0x66a oops 0
ciMethodData org/antlr/v4/runtime/atn/SingletonPredictionContext getParent (I)Lorg/antlr/v4/runtime/atn/PredictionContext; 1 449 orig 264 64 144 169 93 0 0 0 0 128 162 135 219 218 2 0 0 120 1 0 0 0 0 0 0 0 0 0 0 0 0 0 0 0 0 0 0 0 0 0 0 0 0 0 0 0 0 0 0 0 0 0 0 0 0 0 0 0 0 0 0 0 0 0 0 0 0 0 0 0 0 0 0 0 0 0 0 0 0 0 0 77 68 79 32 101 120 116 114 97 32 100 97 116 97 32 108 111 99 107 0 0 0 0 0 0 0 0 0 0 0 0 0 0 0 0 0 0 0 0 0 0 0 0 0 0 0 0 0 0 0 0 0 0 0 0 0 0 0 0 0 0 0 0 0 0 0 0 0 0 0 0 0 0 0 0 0 0 0 0 0 0 0 0 0 0 0 0 0 0 0 0 0 0 0 0 0 0 0 0 0 0 0 0 0 0 0 0 0 0 0 0 0 0 0 0 0 0 0 0 0 0 0 0 0 0 0 0 0 0 0 0 0 0 0 0 0 3 1 0 0 241 5 0 0 1 0 0 0 0 0 0 0 0 0 0 0 2 0 0 0 0 0 4 0 2 0 0 0 80 0 0 0 255 255 255 255 7 0 3 0 0 0 0 0 data 10 0x30007 0xbe 0x50 0x0 0x70007 0x0 0x30 0x0 0xe0002 0x0 oops 0
ciMethodData org/antlr/v4/runtime/atn/PrecedencePredicateTransition getPredicate ()Lorg/antlr/v4/runtime/atn/SemanticContext$PrecedencePredicate; 1 16 orig 264 64 144 169 93 0 0 0 0 40 130 136 219 218 2 0 0 48 1 0 0 0 0 0 0 0 0 0 0 0 0 0 0 0 0 0 0 0 0 0 0 0 0 0 0 0 0 0 0 0 0 0 0 0 0 0 0 0 0 0 0 0 0 0 0 0 0 0 0 0 0 0 0 0 0 0 0 0 0 0 0 77 68 79 32 101 120 116 114 97 32 100 97 116 97 32 108 111 99 107 0 0 0 0 0 0 0 0 0 0 0 0 0 0 0 0 0 0 0 0 0 0 0 0 0 0 0 0 0 0 0 0 0 0 0 0 0 0 0 0 0 0 0 0 0 0 0 0 0 0 0 0 0 0 0 0 0 0 0 0 0 0 0 0 0 0 0 0 0 0 0 0 0 0 0 0 0 0 0 0 0 0 0 0 0 29 0 0 0 0 0 0 0 0 0 0 0 0 0 0 0 1 0 0 0 0 0 0 0 0 0 0 0 0 0 0 0 12 0 0 0 33 0 0 0 1 0 0 0 0 0 0 0 0 0 0 0 2 0 0 0 0 0 0 0 0 0 0 0 16 0 0 0 255 255 255 255 2 0 8 0 0 0 0 0 data 2 0x80002 0x4 oops 0
ciMethodData org/antlr/v4/runtime/atn/SemanticContext and (Lorg/antlr/v4/runtime/atn/SemanticContext;Lorg/antlr/v4/runtime/atn/SemanticContext;)Lorg/antlr/v4/runtime/atn/SemanticContext; 1 200 orig 264 64 144 169 93 0 0 0 0 80 32 146 219 218 2 0 0 0 2 0 0 96 0 0 0 0 0 0 0 0 0 0 0 0 0 0 0 0 0 0 0 0 0 0 0 0 0 0 0 0 0 0 0 0 0 0 0 0 0 0 0 0 0 0 0 0 0 0 0 0 0 0 0 0 0 0 0 0 0 0 0 77 68 79 32 101 120 116 114 97 32 100 97 116 97 32 108 111 99 107 0 0 0 0 0 0 0 0 0 0 0 0 0 0 0 0 0 0 0 0 0 0 0 0 0 0 0 0 0 0 0 0 0 0 0 0 0 0 0 0 0 0 0 0 0 0 0 0 0 0 0 0 0 0 0 0 0 0 0 0 0 0 0 0 0 0 0 0 0 0 0 0 0 0 0 0 0 0 0 0 0 0 0 0 0 25 0 0 0 0 0 0 0 0 0 0 0 0 0 0 0 0 0 0 0 0 0 0 0 3 0 0 0 0 0 0 0 99 0 0 0 41 3 0 0 1 0 0 0 0 0 0 0 0 0 0 0 2 0 0 0 0 0 0 0 0 0 0 0 176 0 0 0 255 255 255 255 7 0 1 0 0 0 0 0 data 22 0x10007 0x0 0x40 0x65 0x80007 0x0 0x20 0x65 0xe0007 0x0 0x40 0x0 0x150007 0x0 0x20 0x0 0x200002 0x0 0x2a0007 0x0 0x20 0x0 oops 0
ciMethodData org/antlr/v4/runtime/atn/ATNConfig <init> (Lorg/antlr/v4/runtime/atn/ATNConfig;Lorg/antlr/v4/runtime/atn/ATNState;Lorg/antlr/v4/runtime/atn/SemanticContext;)V 1 164 orig 264 64 144 169 93 0 0 0 0 184 20 139 219 218 2 0 0 72 1 0 0 0 0 0 0 0 0 0 0 0 0 0 0 0 0 0 0 0 0 0 0 0 0 0 0 0 0 0 0 0 0 0 0 0 0 0 0 0 0 0 0 0 0 0 0 0 0 0 0 0 0 0 0 0 0 0 0 0 0 0 0 77 68 79 32 101 120 116 114 97 32 100 97 116 97 32 108 111 99 107 0 0 0 0 0 0 0 0 0 0 0 0 0 0 0 0 0 0 0 0 0 0 0 0 0 0 0 0 0 0 0 0 0 0 0 0 0 0 0 0 0 0 0 0 0 0 0 0 0 0 0 0 0 0 0 0 0 0 0 0 0 0 0 0 0 0 0 0 0 0 0 0 0 0 0 0 0 0 0 0 0 0 0 0 0 0 0 0 0 0 0 0 0 0 0 0 0 0 0 0 0 0 0 0 0 0 0 0 0 0 0 0 0 0 0 0 0 99 0 0 0 9 2 0 0 1 0 0 0 0 0 0 0 0 0 0 0 2 0 0 0 0 0 0 0 0 0 0 0 16 0 0 0 255 255 255 255 2 0 8 0 0 0 0 0 data 2 0x80002 0x41 oops 0
ciMethodData org/antlr/v4/runtime/atn/ATNConfigSet$AbstractConfigHashSet createBuckets (I)[[Ljava/lang/Object; 1 493 orig 264 64 144 169 93 0 0 0 0 208 124 139 219 218 2 0 0 128 1 0 0 0 0 0 0 0 0 0 0 0 0 0 0 0 0 0 0 0 0 0 0 0 0 0 0 0 0 0 0 0 0 0 0 0 0 0 0 0 0 0 0 0 0 0 0 0 0 0 0 0 0 0 0 0 0 0 0 0 0 0 0 77 68 79 32 101 120 116 114 97 32 100 97 116 97 32 108 111 99 107 0 0 0 0 0 0 0 0 0 0 0 0 0 0 0 0 0 0 0 0 0 0 0 0 0 0 0 0 0 0 0 0 0 0 0 0 0 0 0 0 0 0 0 0 0 0 0 0 0 0 0 0 0 0 0 0 0 0 0 0 0 0 0 0 0 0 0 0 0 0 0 0 0 0 0 0 0 0 0 0 0 0 0 0 0 0 0 0 0 0 0 0 0 0 0 0 0 0 0 0 0 0 0 0 0 0 0 0 0 0 0 0 0 0 0 0 0 14 1 0 0 241 6 0 0 1 0 0 0 0 0 0 0 0 0 0 0 2 0 0 0 0 0 3 0 2 0 0 0 48 0 0 0 255 255 255 255 5 0 2 0 0 0 0 0 data 6 0x20005 0xe 0x2dadf61eea0 0xaa 0x2dadf61ef50 0x26 oops 2 2 org/antlr/v4/runtime/atn/ATNConfigSet$ConfigHashSet 4 org/antlr/v4/runtime/atn/OrderedATNConfigSet$LexerConfigHashSet
ciMethodData org/antlr/v4/runtime/atn/ATNConfigSet$AbstractConfigHashSet createBuckets (I)[[Lorg/antlr/v4/runtime/atn/ATNConfig; 2 493 orig 264 64 144 169 93 0 0 0 0 208 122 139 219 218 2 0 0 40 1 0 0 0 0 0 0 0 0 0 0 0 0 0 0 0 0 0 0 0 0 0 0 0 0 0 0 0 0 0 0 0 0 0 0 0 0 0 0 0 0 0 0 0 0 0 0 0 0 0 0 0 0 0 0 0 0 0 0 0 0 0 0 77 68 79 32 101 120 116 114 97 32 100 97 116 97 32 108 111 99 107 0 0 0 0 0 0 0 0 0 0 0 0 0 0 0 0 0 0 0 0 0 0 0 0 0 0 0 0 0 0 0 0 0 0 0 0 0 0 0 0 0 0 0 0 0 0 0 0 0 0 0 0 0 0 0 0 0 0 0 0 0 0 0 0 0 0 0 0 0 0 0 0 0 0 0 0 0 0 0 0 0 0 0 0 0 0 0 0 0 0 0 0 0 0 0 0 0 0 0 0 0 0 0 0 0 0 0 0 0 0 0 0 0 0 0 0 0 18 1 0 0 217 6 0 0 1 0 0 0 0 0 0 0 0 0 0 0 2 0 0 0 0 0 3 0 1 0 0 0 0 0 0 0 255 255 255 255 0 0 0 0 0 0 0 0 data 0 oops 0
ciMethodData org/antlr/v4/runtime/atn/LexerATNConfig equals (Lorg/antlr/v4/runtime/atn/ATNConfig;)Z 1 325 orig 264 64 144 169 93 0 0 0 0 24 43 139 219 218 2 0 0 112 2 0 0 240 0 0 0 0 0 0 0 0 0 0 0 0 0 0 0 0 0 0 0 0 0 0 0 0 0 0 0 0 0 0 0 0 0 0 0 0 0 0 0 0 0 0 0 0 0 0 0 0 0 0 0 0 0 0 0 0 0 0 0 77 68 79 32 101 120 116 114 97 32 100 97 116 97 32 108 111 99 107 0 0 0 0 0 0 0 0 0 0 0 0 0 0 0 0 0 0 0 0 0 0 0 0 0 0 0 0 0 0 0 0 0 0 0 0 0 0 0 0 0 0 0 0 0 0 0 0 0 0 0 0 0 0 0 0 0 0 0 0 0 0 0 0 0 0 0 0 0 0 0 0 0 0 0 0 0 0 0 0 0 0 0 0 0 0 0 0 0 0 0 0 0 0 0 0 0 0 0 0 0 0 0 0 0 0 0 0 0 0 0 0 0 0 0 0 0 6 1 0 0 249 1 0 0 1 0 0 0 0 0 0 0 0 0 0 0 2 0 0 0 0 0 17 0 2 0 0 0 32 1 0 0 255 255 255 255 7 0 2 0 0 0 0 0 data 36 0x20007 0x3f 0x20 0x0 0x80004 0x0 0x2dadf61edf0 0x3f 0x0 0x0 0xb0007 0x3f 0x20 0x0 0x110004 0x0 0x2dadf61edf0 0x3f 0x0 0x0 0x1d0007 0x3f 0x20 0x0 0x2d0005 0x0 0x2dad4250bc0 0x3f 0x0 0x0 0x300007 0x3f 0x20 0x0 0x370002 0x3f oops 3 6 org/antlr/v4/runtime/atn/LexerATNConfig 16 org/antlr/v4/runtime/atn/LexerATNConfig 26 org/antlr/v4/runtime/misc/ObjectEqualityComparator
ciMethodData org/antlr/v4/runtime/misc/ObjectEqualityComparator equals (Ljava/lang/Object;Ljava/lang/Object;)Z 1 586 orig 264 64 144 169 93 0 0 0 0 168 193 139 219 218 2 0 0 224 1 0 0 64 0 0 0 0 0 0 0 0 0 0 0 0 0 0 0 0 0 0 0 0 0 0 0 0 0 0 0 0 0 0 0 0 0 0 0 0 0 0 0 0 0 0 0 0 0 0 0 0 0 0 0 0 0 0 0 0 0 0 0 77 68 79 32 101 120 116 114 97 32 100 97 116 97 32 108 111 99 107 0 0 0 0 0 0 0 0 0 0 0 0 0 0 0 0 0 0 0 0 0 0 0 0 0 0 0 0 0 0 0 0 0 0 0 0 0 0 0 0 0 0 0 0 0 0 0 0 0 0 0 0 0 0 0 0 0 0 0 0 0 0 0 0 0 0 0 0 0 0 0 0 0 0 0 0 0 0 0 0 0 0 0 0 0 0 0 0 0 0 0 0 0 0 0 0 0 0 0 0 0 0 0 0 0 0 0 0 0 0 0 0 0 0 0 0 0 228 1 0 0 49 3 0 0 1 0 0 0 0 0 0 0 0 0 0 0 2 0 0 0 0 0 0 0 0 0 0 0 136 0 0 0 255 255 255 255 7 0 1 0 0 0 0 0 data 17 0x10007 0x27 0x58 0x3f 0x50007 0x0 0x38 0x3f 0x90003 0x3f 0x18 0x100005 0x0 0x2dadf61edf0 0x27 0x0 0x0 oops 1 13 org/antlr/v4/runtime/atn/LexerATNConfig
ciMethodData org/antlr/v4/runtime/atn/LexerActionExecutor equals (Ljava/lang/Object;)Z 1 0 orig 264 64 144 169 93 0 0 0 0 40 12 153 219 218 2 0 0 88 2 0 0 80 0 0 0 0 0 0 0 0 0 0 0 0 0 0 0 0 0 0 0 0 0 0 0 0 0 0 0 0 0 0 0 0 0 0 0 0 0 0 0 0 0 0 0 0 0 0 0 0 0 0 0 0 0 0 0 0 0 0 0 77 68 79 32 101 120 116 114 97 32 100 97 116 97 32 108 111 99 107 0 0 0 0 0 0 0 0 0 0 0 0 0 0 0 0 0 0 0 0 0 0 0 0 0 0 0 0 0 0 0 0 0 0 0 0 0 0 0 0 0 0 0 0 0 0 0 0 0 0 0 0 0 0 0 0 0 0 0 0 0 0 0 0 0 0 0 0 0 0 0 0 0 0 0 0 0 0 0 0 0 0 0 0 0 17 0 0 0 0 0 0 0 0 0 0 0 0 0 0 0 3 0 0 0 0 0 0 0 0 0 0 0 0 0 0 0 0 0 0 0 1 0 0 0 1 0 0 0 0 0 0 0 0 0 0 0 2 0 0 0 0 0 0 0 0 0 0 0 8 1 0 0 255 255 255 255 7 0 2 0 0 0 0 0 data 33 0x20007 0x0 0x20 0x0 0x80004 0x0 0x0 0x0 0x0 0x0 0xb0007 0x0 0x20 0x0 0x110004 0x0 0x0 0x0 0x0 0x0 0x1d0007 0x0 0x68 0x0 0x280002 0x0 0x2b0007 0x0 0x38 0x0 0x2f0003 0x0 0x18 oops 0
ciMethodData org/antlr/v4/runtime/atn/SingletonPredictionContext getReturnState (I)I 1 503 orig 264 64 144 169 93 0 0 0 0 88 163 135 219 218 2 0 0 120 1 0 0 0 0 0 0 0 0 0 0 0 0 0 0 0 0 0 0 0 0 0 0 0 0 0 0 0 0 0 0 0 0 0 0 0 0 0 0 0 0 0 0 0 0 0 0 0 0 0 0 0 0 0 0 0 0 0 0 0 0 0 0 77 68 79 32 101 120 116 114 97 32 100 97 116 97 32 108 111 99 107 0 0 0 0 0 0 0 0 0 0 0 0 0 0 0 0 0 0 0 0 0 0 0 0 0 0 0 0 0 0 0 0 0 0 0 0 0 0 0 0 0 0 0 0 0 0 0 0 0 0 0 0 0 0 0 0 0 0 0 0 0 0 0 0 0 0 0 0 0 0 0 0 0 0 0 0 0 0 0 0 0 0 0 0 0 25 0 0 0 0 0 0 0 0 0 0 0 0 0 0 0 1 0 0 0 0 0 0 0 0 0 0 0 0 0 0 0 138 1 0 0 105 3 0 0 1 0 0 0 0 0 0 0 0 0 0 0 2 0 0 0 0 0 4 0 2 0 0 0 80 0 0 0 255 255 255 255 7 0 3 0 0 0 0 0 data 10 0x30007 0x6d 0x50 0x0 0x70007 0x0 0x30 0x0 0xe0002 0x0 oops 0
ciMethodData org/antlr/v4/runtime/atn/PredicateTransition getPredicate ()Lorg/antlr/v4/runtime/atn/SemanticContext$Predicate; 1 184 orig 264 64 144 169 93 0 0 0 0 40 121 136 219 218 2 0 0 48 1 0 0 0 0 0 0 0 0 0 0 0 0 0 0 0 0 0 0 0 0 0 0 0 0 0 0 0 0 0 0 0 0 0 0 0 0 0 0 0 0 0 0 0 0 0 0 0 0 0 0 0 0 0 0 0 0 0 0 0 0 0 0 77 68 79 32 101 120 116 114 97 32 100 97 116 97 32 108 111 99 107 0 0 0 0 0 0 0 0 0 0 0 0 0 0 0 0 0 0 0 0 0 0 0 0 0 0 0 0 0 0 0 0 0 0 0 0 0 0 0 0 0 0 0 0 0 0 0 0 0 0 0 0 0 0 0 0 0 0 0 0 0 0 0 0 0 0 0 0 0 0 0 0 0 0 0 0 0 0 0 0 0 0 0 0 0 0 0 0 0 0 0 0 0 0 0 0 0 0 0 0 0 0 0 0 0 0 0 0 0 0 0 0 0 0 0 0 0 152 0 0 0 1 1 0 0 1 0 0 0 0 0 0 0 0 0 0 0 2 0 0 0 0 0 0 0 0 0 0 0 16 0 0 0 255 255 255 255 2 0 16 0 0 0 0 0 data 2 0x100002 0x20 oops 0
compile org/antlr/v4/runtime/atn/ParserATNSimulator closureCheckingStopState (Lorg/antlr/v4/runtime/atn/ATNConfig;Lorg/antlr/v4/runtime/atn/ATNConfigSet;Ljava/util/Set;ZZIZ)V -1 4 inline 226 0 -1 org/antlr/v4/runtime/atn/ParserATNSimulator closureCheckingStopState (Lorg/antlr/v4/runtime/atn/ATNConfig;Lorg/antlr/v4/runtime/atn/ATNConfigSet;Ljava/util/Set;ZZIZ)V 1 29 org/antlr/v4/runtime/atn/SingletonPredictionContext size ()I 1 29 org/antlr/v4/runtime/atn/ArrayPredictionContext size ()I 1 41 org/antlr/v4/runtime/atn/SingletonPredictionContext getReturnState (I)I 1 112 org/antlr/v4/runtime/atn/SingletonPredictionContext getReturnState (I)I 1 115 java/util/ArrayList get (I)Ljava/lang/Object; 2 2 java/util/ArrayList rangeCheck (I)V 2 7 java/util/ArrayList elementData (I)Ljava/lang/Object; 1 131 org/antlr/v4/runtime/atn/SingletonPredictionContext getParent (I)Lorg/antlr/v4/runtime/atn/PredictionContext; 1 131 org/antlr/v4/runtime/atn/ArrayPredictionContext getParent (I)Lorg/antlr/v4/runtime/atn/PredictionContext; 1 152 org/antlr/v4/runtime/atn/ATNConfig <init> (Lorg/antlr/v4/runtime/atn/ATNState;ILorg/antlr/v4/runtime/atn/PredictionContext;Lorg/antlr/v4/runtime/atn/SemanticContext;)V 2 1 java/lang/Object <init> ()V 1 202 org/antlr/v4/runtime/atn/ParserATNSimulator closureCheckingStopState (Lorg/antlr/v4/runtime/atn/ATNConfig;Lorg/antlr/v4/runtime/atn/ATNConfigSet;Ljava/util/Set;ZZIZ)V 2 29 org/antlr/v4/runtime/atn/SingletonPredictionContext size ()I 2 29 org/antlr/v4/runtime/atn/ArrayPredictionContext size ()I 2 41 org/antlr/v4/runtime/atn/SingletonPredictionContext getReturnState (I)I 2 112 org/antlr/v4/runtime/atn/SingletonPredictionContext getReturnState (I)I 2 115 java/util/ArrayList get (I)Ljava/lang/Object; 3 2 java/util/ArrayList rangeCheck (I)V 3 7 java/util/ArrayList elementData (I)Ljava/lang/Object; 2 131 org/antlr/v4/runtime/atn/SingletonPredictionContext getParent (I)Lorg/antlr/v4/runtime/atn/PredictionContext; 2 131 org/antlr/v4/runtime/atn/ArrayPredictionContext getParent (I)Lorg/antlr/v4/runtime/atn/PredictionContext; 2 152 org/antlr/v4/runtime/atn/ATNConfig <init> (Lorg/antlr/v4/runtime/atn/ATNState;ILorg/antlr/v4/runtime/atn/PredictionContext;Lorg/antlr/v4/runtime/atn/SemanticContext;)V 3 1 java/lang/Object <init> ()V 2 240 org/antlr/v4/runtime/atn/ParserATNSimulator closure_ (Lorg/antlr/v4/runtime/atn/ATNConfig;Lorg/antlr/v4/runtime/atn/ATNConfigSet;Ljava/util/Set;ZZIZ)V 3 8 org/antlr/v4/runtime/atn/ATNState onlyHasEpsilonTransitions ()Z 3 20 org/antlr/v4/runtime/atn/ATNConfigSet add (Lorg/antlr/v4/runtime/atn/ATNConfig;Lorg/antlr/v4/runtime/misc/DoubleKeyMap;)Z 4 33 org/antlr/v4/runtime/atn/ATNConfig getOuterContextDepth ()I 4 49 org/antlr/v4/runtime/misc/Array2DHashSet getOrAdd (Ljava/lang/Object;)Ljava/lang/Object; 5 17 org/antlr/v4/runtime/misc/Array2DHashSet getOrAddImpl (Ljava/lang/Object;)Ljava/lang/Object; 6 2 org/antlr/v4/runtime/misc/Array2DHashSet getBucket (Ljava/lang/Object;)I 7 5 org/antlr/v4/runtime/atn/ATNConfigSet$ConfigEqualityComparator hashCode (Ljava/lang/Object;)I 8 5 org/antlr/v4/runtime/atn/ATNConfigSet$ConfigEqualityComparator hashCode (Lorg/antlr/v4/runtime/atn/ATNConfig;)I 9 34 org/antlr/v4/runtime/atn/SemanticContext$Predicate hashCode ()I 10 0 org/antlr/v4/runtime/misc/MurmurHash initialize ()I 10 9 org/antlr/v4/runtime/misc/MurmurHash update (II)I 10 18 org/antlr/v4/runtime/misc/MurmurHash update (II)I 10 35 org/antlr/v4/runtime/misc/MurmurHash update (II)I 10 41 org/antlr/v4/runtime/misc/MurmurHash finish (II)I 7 5 org/antlr/v4/runtime/misc/ObjectEqualityComparator hashCode (Ljava/lang/Object;)I 6 22 org/antlr/v4/runtime/atn/ATNConfigSet$AbstractConfigHashSet createBucket (I)[Ljava/lang/Object; 7 2 org/antlr/v4/runtime/atn/ATNConfigSet$AbstractConfigHashSet createBucket (I)[Lorg/antlr/v4/runtime/atn/ATNConfig; 6 94 org/antlr/v4/runtime/atn/ATNConfigSet$ConfigEqualityComparator equals (Ljava/lang/Object;Ljava/lang/Object;)Z 7 9 org/antlr/v4/runtime/atn/ATNConfigSet$ConfigEqualityComparator equals (Lorg/antlr/v4/runtime/atn/ATNConfig;Lorg/antlr/v4/runtime/atn/ATNConfig;)Z 8 53 org/antlr/v4/runtime/atn/SemanticContext$Predicate equals (Ljava/lang/Object;)Z 6 94 org/antlr/v4/runtime/misc/ObjectEqualityComparator equals (Ljava/lang/Object;Ljava/lang/Object;)Z 6 118 java/util/Arrays copyOf ([Ljava/lang/Object;I)[Ljava/lang/Object; 4 71 java/util/ArrayList add (Ljava/lang/Object;)Z 5 7 java/util/ArrayList ensureCapacityInternal (I)V 6 6 java/util/ArrayList calculateCapacity ([Ljava/lang/Object;I)I 6 9 java/util/ArrayList ensureExplicitCapacity (I)V 7 22 java/util/ArrayList grow (I)V 8 38 java/util/Arrays copyOf ([Ljava/lang/Object;I)[Ljava/lang/Object; 4 102 org/antlr/v4/runtime/atn/PredictionContext merge (Lorg/antlr/v4/runtime/atn/PredictionContext;Lorg/antlr/v4/runtime/atn/PredictionContext;ZLorg/antlr/v4/runtime/misc/DoubleKeyMap;)Lorg/antlr/v4/runtime/atn/PredictionContext; 5 121 org/antlr/v4/runtime/atn/ArrayPredictionContext <init> (Lorg/antlr/v4/runtime/atn/SingletonPredictionContext;)V 6 22 org/antlr/v4/runtime/atn/ArrayPredictionContext <init> ([Lorg/antlr/v4/runtime/atn/PredictionContext;[I)V 7 3 org/antlr/v4/runtime/atn/PredictionContext calculateHashCode ([Lorg/antlr/v4/runtime/atn/PredictionContext;[I)I 8 1 org/antlr/v4/runtime/misc/MurmurHash initialize (I)I 8 30 org/antlr/v4/runtime/misc/MurmurHash update (ILjava/lang/Object;)I 9 6 org/antlr/v4/runtime/atn/PredictionContext hashCode ()I 9 13 org/antlr/v4/runtime/misc/MurmurHash update (II)I 8 65 org/antlr/v4/runtime/misc/MurmurHash update (II)I 8 80 org/antlr/v4/runtime/misc/MurmurHash finish (II)I 7 6 org/antlr/v4/runtime/atn/PredictionContext <init> (I)V 8 1 java/lang/Object <init> ()V 4 123 org/antlr/v4/runtime/atn/ATNConfig isPrecedenceFilterSuppressed ()Z 4 131 org/antlr/v4/runtime/atn/ATNConfig setPrecedenceFilterSuppressed (Z)V 3 31 org/antlr/v4/runtime/atn/ATNState getNumberOfTransitions ()I 4 4 java/util/ArrayList size ()I 3 57 org/antlr/v4/runtime/atn/ATNState transition (I)Lorg/antlr/v4/runtime/atn/Transition; 4 5 java/util/ArrayList get (I)Ljava/lang/Object; 5 2 java/util/ArrayList rangeCheck (I)V 5 7 java/util/ArrayList elementData (I)Ljava/lang/Object; 3 102 org/antlr/v4/runtime/atn/ParserATNSimulator getEpsilonTarget (Lorg/antlr/v4/runtime/atn/ATNConfig;Lorg/antlr/v4/runtime/atn/Transition;ZZZZ)Lorg/antlr/v4/runtime/atn/ATNConfig; 4 81 org/antlr/v4/runtime/atn/ParserATNSimulator precedenceTransition (Lorg/antlr/v4/runtime/atn/ATNConfig;Lorg/antlr/v4/runtime/atn/PrecedencePredicateTransition;ZZZ)Lorg/antlr/v4/runtime/atn/ATNConfig; 5 86 org/antlr/v4/runtime/atn/ATNConfig <init> (Lorg/antlr/v4/runtime/atn/ATNConfig;Lorg/antlr/v4/runtime/atn/ATNState;)V 6 11 org/antlr/v4/runtime/atn/ATNConfig <init> (Lorg/antlr/v4/runtime/atn/ATNConfig;Lorg/antlr/v4/runtime/atn/ATNState;Lorg/antlr/v4/runtime/atn/PredictionContext;Lorg/antlr/v4/runtime/atn/SemanticContext;)V 7 1 java/lang/Object <init> ()V 5 118 org/antlr/v4/runtime/atn/ATNConfig <init> (Lorg/antlr/v4/runtime/atn/ATNConfig;Lorg/antlr/v4/runtime/atn/ATNState;Lorg/antlr/v4/runtime/atn/SemanticContext;)V 6 8 org/antlr/v4/runtime/atn/ATNConfig <init> (Lorg/antlr/v4/runtime/atn/ATNConfig;Lorg/antlr/v4/runtime/atn/ATNState;Lorg/antlr/v4/runtime/atn/PredictionContext;Lorg/antlr/v4/runtime/atn/SemanticContext;)V 7 1 java/lang/Object <init> ()V 5 135 org/antlr/v4/runtime/atn/ATNConfig <init> (Lorg/antlr/v4/runtime/atn/ATNConfig;Lorg/antlr/v4/runtime/atn/ATNState;)V 6 11 org/antlr/v4/runtime/atn/ATNConfig <init> (Lorg/antlr/v4/runtime/atn/ATNConfig;Lorg/antlr/v4/runtime/atn/ATNState;Lorg/antlr/v4/runtime/atn/PredictionContext;Lorg/antlr/v4/runtime/atn/SemanticContext;)V 7 1 java/lang/Object <init> ()V 4 96 org/antlr/v4/runtime/atn/ParserATNSimulator predTransition (Lorg/antlr/v4/runtime/atn/ATNConfig;Lorg/antlr/v4/runtime/atn/PredicateTransition;ZZZ)Lorg/antlr/v4/runtime/atn/ATNConfig; 5 100 org/antlr/v4/runtime/atn/ATNConfig <init> (Lorg/antlr/v4/runtime/atn/ATNConfig;Lorg/antlr/v4/runtime/atn/ATNState;)V 6 11 org/antlr/v4/runtime/atn/ATNConfig <init> (Lorg/antlr/v4/runtime/atn/ATNConfig;Lorg/antlr/v4/runtime/atn/ATNState;Lorg/antlr/v4/runtime/atn/PredictionContext;Lorg/antlr/v4/runtime/atn/SemanticContext;)V 7 1 java/lang/Object <init> ()V 5 132 org/antlr/v4/runtime/atn/ATNConfig <init> (Lorg/antlr/v4/runtime/atn/ATNConfig;Lorg/antlr/v4/runtime/atn/ATNState;Lorg/antlr/v4/runtime/atn/SemanticContext;)V 6 8 org/antlr/v4/runtime/atn/ATNConfig <init> (Lorg/antlr/v4/runtime/atn/ATNConfig;Lorg/antlr/v4/runtime/atn/ATNState;Lorg/antlr/v4/runtime/atn/PredictionContext;Lorg/antlr/v4/runtime/atn/SemanticContext;)V 7 1 java/lang/Object <init> ()V 5 149 org/antlr/v4/runtime/atn/ATNConfig <init> (Lorg/antlr/v4/runtime/atn/ATNConfig;Lorg/antlr/v4/runtime/atn/ATNState;)V 6 11 org/antlr/v4/runtime/atn/ATNConfig <init> (Lorg/antlr/v4/runtime/atn/ATNConfig;Lorg/antlr/v4/runtime/atn/ATNState;Lorg/antlr/v4/runtime/atn/PredictionContext;Lorg/antlr/v4/runtime/atn/SemanticContext;)V 7 1 java/lang/Object <init> ()V 4 66 org/antlr/v4/runtime/atn/ParserATNSimulator ruleTransition (Lorg/antlr/v4/runtime/atn/ATNConfig;Lorg/antlr/v4/runtime/atn/RuleTransition;)Lorg/antlr/v4/runtime/atn/ATNConfig; 5 13 org/antlr/v4/runtime/atn/SingletonPredictionContext create (Lorg/antlr/v4/runtime/atn/PredictionContext;I)Lorg/antlr/v4/runtime/atn/SingletonPredictionContext; 6 20 org/antlr/v4/runtime/atn/SingletonPredictionContext <init> (Lorg/antlr/v4/runtime/atn/PredictionContext;I)V 7 7 org/antlr/v4/runtime/atn/PredictionContext calculateHashCode (Lorg/antlr/v4/runtime/atn/PredictionContext;I)I 8 1 org/antlr/v4/runtime/misc/MurmurHash initialize (I)I 8 7 org/antlr/v4/runtime/misc/MurmurHash update (ILjava/lang/Object;)I 9 6 org/antlr/v4/runtime/atn/PredictionContext hashCode ()I 9 13 org/antlr/v4/runtime/misc/MurmurHash update (II)I 8 13 org/antlr/v4/runtime/misc/MurmurHash update (II)I 8 19 org/antlr/v4/runtime/misc/MurmurHash finish (II)I 7 13 org/antlr/v4/runtime/atn/PredictionContext calculateEmptyHashCode ()I 8 1 org/antlr/v4/runtime/misc/MurmurHash initialize (I)I 7 16 org/antlr/v4/runtime/atn/PredictionContext <init> (I)V 8 1 java/lang/Object <init> ()V 5 29 org/antlr/v4/runtime/atn/ATNConfig <init> (Lorg/antlr/v4/runtime/atn/ATNConfig;Lorg/antlr/v4/runtime/atn/ATNState;Lorg/antlr/v4/runtime/atn/PredictionContext;)V 6 8 org/antlr/v4/runtime/atn/ATNConfig <init> (Lorg/antlr/v4/runtime/atn/ATNConfig;Lorg/antlr/v4/runtime/atn/ATNState;Lorg/antlr/v4/runtime/atn/PredictionContext;Lorg/antlr/v4/runtime/atn/SemanticContext;)V 7 1 java/lang/Object <init> ()V 4 119 org/antlr/v4/runtime/atn/ATNConfig <init> (Lorg/antlr/v4/runtime/atn/ATNConfig;Lorg/antlr/v4/runtime/atn/ATNState;)V 5 11 org/antlr/v4/runtime/atn/ATNConfig <init> (Lorg/antlr/v4/runtime/atn/ATNConfig;Lorg/antlr/v4/runtime/atn/ATNState;Lorg/antlr/v4/runtime/atn/PredictionContext;Lorg/antlr/v4/runtime/atn/SemanticContext;)V 6 1 java/lang/Object <init> ()V 3 156 org/antlr/v4/runtime/dfa/DFA isPrecedenceDfa ()Z 3 167 org/antlr/v4/runtime/atn/EpsilonTransition outermostPrecedenceReturn ()I 3 190 org/antlr/v4/runtime/atn/ATNConfig setPrecedenceFilterSuppressed (Z)V 3 207 java/util/HashSet add (Ljava/lang/Object;)Z 4 8 java/util/HashMap put (Ljava/lang/Object;Ljava/lang/Object;)Ljava/lang/Object; 5 2 java/util/HashMap hash (Ljava/lang/Object;)I 5 9 java/util/HashMap putVal (ILjava/lang/Object;Ljava/lang/Object;ZZ)Ljava/lang/Object; 6 56 java/util/LinkedHashMap newNode (ILjava/lang/Object;Ljava/lang/Object;Ljava/util/HashMap$Node;)Ljava/util/HashMap$Node; 7 9 java/util/LinkedHashMap$Entry <init> (ILjava/lang/Object;Ljava/lang/Object;Ljava/util/HashMap$Node;)V 8 6 java/util/HashMap$Node <init> (ILjava/lang/Object;Ljava/lang/Object;Ljava/util/HashMap$Node;)V 9 1 java/lang/Object <init> ()V 7 17 java/util/LinkedHashMap linkNodeLast (Ljava/util/LinkedHashMap$Entry;)V 6 91 org/antlr/v4/runtime/atn/ATNConfig equals (Ljava/lang/Object;)Z 7 14 org/antlr/v4/runtime/atn/ATNConfig equals (Lorg/antlr/v4/runtime/atn/ATNConfig;)Z 8 81 org/antlr/v4/runtime/atn/SemanticContext$Predicate equals (Ljava/lang/Object;)Z 8 88 org/antlr/v4/runtime/atn/ATNConfig isPrecedenceFilterSuppressed ()Z 8 92 org/antlr/v4/runtime/atn/ATNConfig isPrecedenceFilterSuppressed ()Z 7 14 org/antlr/v4/runtime/atn/LexerATNConfig equals (Lorg/antlr/v4/runtime/atn/ATNConfig;)Z 8 45 org/antlr/v4/runtime/misc/ObjectEqualityComparator equals (Ljava/lang/Object;Ljava/lang/Object;)Z 6 203 org/antlr/v4/runtime/atn/ATNConfig equals (Ljava/lang/Object;)Z 7 14 org/antlr/v4/runtime/atn/ATNConfig equals (Lorg/antlr/v4/runtime/atn/ATNConfig;)Z 8 81 org/antlr/v4/runtime/atn/SemanticContext$Predicate equals (Ljava/lang/Object;)Z 8 88 org/antlr/v4/runtime/atn/ATNConfig isPrecedenceFilterSuppressed ()Z 8 92 org/antlr/v4/runtime/atn/ATNConfig isPrecedenceFilterSuppressed ()Z 7 14 org/antlr/v4/runtime/atn/LexerATNConfig equals (Lorg/antlr/v4/runtime/atn/ATNConfig;)Z 8 45 org/antlr/v4/runtime/misc/ObjectEqualityComparator equals (Ljava/lang/Object;Ljava/lang/Object;)Z 6 152 java/util/LinkedHashMap newNode (ILjava/lang/Object;Ljava/lang/Object;Ljava/util/HashMap$Node;)Ljava/util/HashMap$Node; 7 9 java/util/LinkedHashMap$Entry <init> (ILjava/lang/Object;Ljava/lang/Object;Ljava/util/HashMap$Node;)V 8 6 java/util/HashMap$Node <init> (ILjava/lang/Object;Ljava/lang/Object;Ljava/util/HashMap$Node;)V 9 1 java/lang/Object <init> ()V 7 17 java/util/LinkedHashMap linkNodeLast (Ljava/util/LinkedHashMap$Entry;)V 6 253 java/util/LinkedHashMap afterNodeAccess (Ljava/util/HashMap$Node;)V 6 295 java/util/LinkedHashMap afterNodeInsertion (Z)V 7 15 java/util/LinkedHashMap removeEldestEntry (Ljava/util/Map$Entry;)Z 6 56 java/util/HashMap newNode (ILjava/lang/Object;Ljava/lang/Object;Ljava/util/HashMap$Node;)Ljava/util/HashMap$Node; 7 9 java/util/HashMap$Node <init> (ILjava/lang/Object;Ljava/lang/Object;Ljava/util/HashMap$Node;)V 8 1 java/lang/Object <init> ()V 6 152 java/util/HashMap newNode (ILjava/lang/Object;Ljava/lang/Object;Ljava/util/HashMap$Node;)Ljava/util/HashMap$Node; 7 9 java/util/HashMap$Node <init> (ILjava/lang/Object;Ljava/lang/Object;Ljava/util/HashMap$Node;)V 8 1 java/lang/Object <init> ()V 6 253 java/util/HashMap afterNodeAccess (Ljava/util/HashMap$Node;)V 6 295 java/util/HashMap afterNodeInsertion (Z)V 1 240 org/antlr/v4/runtime/atn/ParserATNSimulator closure_ (Lorg/antlr/v4/runtime/atn/ATNConfig;Lorg/antlr/v4/runtime/atn/ATNConfigSet;Ljava/util/Set;ZZIZ)V 2 8 org/antlr/v4/runtime/atn/ATNState onlyHasEpsilonTransitions ()Z 2 20 org/antlr/v4/runtime/atn/ATNConfigSet add (Lorg/antlr/v4/runtime/atn/ATNConfig;Lorg/antlr/v4/runtime/misc/DoubleKeyMap;)Z 3 33 org/antlr/v4/runtime/atn/ATNConfig getOuterContextDepth ()I 3 49 org/antlr/v4/runtime/misc/Array2DHashSet getOrAdd (Ljava/lang/Object;)Ljava/lang/Object; 4 12 org/antlr/v4/runtime/misc/Array2DHashSet expand ()V 5 25 org/antlr/v4/runtime/atn/ATNConfigSet$AbstractConfigHashSet createBuckets (I)[[Ljava/lang/Object; 6 2 org/antlr/v4/runtime/atn/ATNConfigSet$AbstractConfigHashSet createBuckets (I)[[Lorg/antlr/v4/runtime/atn/ATNConfig; 5 52 org/antlr/v4/runtime/misc/Array2DHashSet size ()I 5 127 org/antlr/v4/runtime/misc/Array2DHashSet getBucket (Ljava/lang/Object;)I 6 5 org/antlr/v4/runtime/atn/ATNConfigSet$ConfigEqualityComparator hashCode (Ljava/lang/Object;)I 7 5 org/antlr/v4/runtime/atn/ATNConfigSet$ConfigEqualityComparator hashCode (Lorg/antlr/v4/runtime/atn/ATNConfig;)I 8 34 org/antlr/v4/runtime/atn/SemanticContext$Predicate hashCode ()I 9 0 org/antlr/v4/runtime/misc/MurmurHash initialize ()I 10 1 org/antlr/v4/runtime/misc/MurmurHash initialize (I)I 9 9 org/antlr/v4/runtime/misc/MurmurHash update (II)I 9 18 org/antlr/v4/runtime/misc/MurmurHash update (II)I 9 35 org/antlr/v4/runtime/misc/MurmurHash update (II)I 9 41 org/antlr/v4/runtime/misc/MurmurHash finish (II)I 6 5 org/antlr/v4/runtime/misc/ObjectEqualityComparator hashCode (Ljava/lang/Object;)I 5 149 org/antlr/v4/runtime/atn/ATNConfigSet$AbstractConfigHashSet createBucket (I)[Ljava/lang/Object; 6 2 org/antlr/v4/runtime/atn/ATNConfigSet$AbstractConfigHashSet createBucket (I)[Lorg/antlr/v4/runtime/atn/ATNConfig; 5 184 java/util/Arrays copyOf ([Ljava/lang/Object;I)[Ljava/lang/Object; 4 17 org/antlr/v4/runtime/misc/Array2DHashSet getOrAddImpl (Ljava/lang/Object;)Ljava/lang/Object; 5 2 org/antlr/v4/runtime/misc/Array2DHashSet getBucket (Ljava/lang/Object;)I 6 5 org/antlr/v4/runtime/atn/ATNConfigSet$ConfigEqualityComparator hashCode (Ljava/lang/Object;)I 7 5 org/antlr/v4/runtime/atn/ATNConfigSet$ConfigEqualityComparator hashCode (Lorg/antlr/v4/runtime/atn/ATNConfig;)I 8 34 org/antlr/v4/runtime/atn/SemanticContext$Predicate hashCode ()I 9 0 org/antlr/v4/runtime/misc/MurmurHash initialize ()I 10 1 org/antlr/v4/runtime/misc/MurmurHash initialize (I)I 9 9 org/antlr/v4/runtime/misc/MurmurHash update (II)I 9 18 org/antlr/v4/runtime/misc/MurmurHash update (II)I 9 35 org/antlr/v4/runtime/misc/MurmurHash update (II)I 9 41 org/antlr/v4/runtime/misc/MurmurHash finish (II)I 6 5 org/antlr/v4/runtime/misc/ObjectEqualityComparator hashCode (Ljava/lang/Object;)I 5 22 org/antlr/v4/runtime/atn/ATNConfigSet$AbstractConfigHashSet createBucket (I)[Ljava/lang/Object; 6 2 org/antlr/v4/runtime/atn/ATNConfigSet$AbstractConfigHashSet createBucket (I)[Lorg/antlr/v4/runtime/atn/ATNConfig; 5 94 org/antlr/v4/runtime/atn/ATNConfigSet$ConfigEqualityComparator equals (Ljava/lang/Object;Ljava/lang/Object;)Z 6 9 org/antlr/v4/runtime/atn/ATNConfigSet$ConfigEqualityComparator equals (Lorg/antlr/v4/runtime/atn/ATNConfig;Lorg/antlr/v4/runtime/atn/ATNConfig;)Z 7 53 org/antlr/v4/runtime/atn/SemanticContext$Predicate equals (Ljava/lang/Object;)Z 5 94 org/antlr/v4/runtime/misc/ObjectEqualityComparator equals (Ljava/lang/Object;Ljava/lang/Object;)Z 5 118 java/util/Arrays copyOf ([Ljava/lang/Object;I)[Ljava/lang/Object; 3 71 java/util/ArrayList add (Ljava/lang/Object;)Z 4 7 java/util/ArrayList ensureCapacityInternal (I)V 5 6 java/util/ArrayList calculateCapacity ([Ljava/lang/Object;I)I 5 9 java/util/ArrayList ensureExplicitCapacity (I)V 6 22 java/util/ArrayList grow (I)V 7 38 java/util/Arrays copyOf ([Ljava/lang/Object;I)[Ljava/lang/Object; 3 102 org/antlr/v4/runtime/atn/PredictionContext merge (Lorg/antlr/v4/runtime/atn/PredictionContext;Lorg/antlr/v4/runtime/atn/PredictionContext;ZLorg/antlr/v4/runtime/misc/DoubleKeyMap;)Lorg/antlr/v4/runtime/atn/PredictionContext; 4 121 org/antlr/v4/runtime/atn/ArrayPredictionContext <init> (Lorg/antlr/v4/runtime/atn/SingletonPredictionContext;)V 5 22 org/antlr/v4/runtime/atn/ArrayPredictionContext <init> ([Lorg/antlr/v4/runtime/atn/PredictionContext;[I)V 6 3 org/antlr/v4/runtime/atn/PredictionContext calculateHashCode ([Lorg/antlr/v4/runtime/atn/PredictionContext;[I)I 7 1 org/antlr/v4/runtime/misc/MurmurHash initialize (I)I 7 30 org/antlr/v4/runtime/misc/MurmurHash update (ILjava/lang/Object;)I 8 6 org/antlr/v4/runtime/atn/PredictionContext hashCode ()I 8 13 org/antlr/v4/runtime/misc/MurmurHash update (II)I 7 65 org/antlr/v4/runtime/misc/MurmurHash update (II)I 7 80 org/antlr/v4/runtime/misc/MurmurHash finish (II)I 6 6 org/antlr/v4/runtime/atn/PredictionContext <init> (I)V 7 1 java/lang/Object <init> ()V 3 123 org/antlr/v4/runtime/atn/ATNConfig isPrecedenceFilterSuppressed ()Z 3 131 org/antlr/v4/runtime/atn/ATNConfig setPrecedenceFilterSuppressed (Z)V 2 31 org/antlr/v4/runtime/atn/ATNState getNumberOfTransitions ()I 3 4 java/util/ArrayList size ()I 2 57 org/antlr/v4/runtime/atn/ATNState transition (I)Lorg/antlr/v4/runtime/atn/Transition; 3 5 java/util/ArrayList get (I)Ljava/lang/Object; 4 2 java/util/ArrayList rangeCheck (I)V 4 7 java/util/ArrayList elementData (I)Ljava/lang/Object; 2 156 org/antlr/v4/runtime/dfa/DFA isPrecedenceDfa ()Z 2 167 org/antlr/v4/runtime/atn/EpsilonTransition outermostPrecedenceReturn ()I
